bat_mxn,Porcentage,Time
7.02,0.0,17:47:16
7.02,0.0,17:47:49
7.02,0.0,17:48:22
7.02,0.0,17:48:54
7.06,0.56980057,17:49:27
7.06,0.0,17:50:00
7.06,0.0,17:50:34
7.06,0.0,17:51:07
7.06,0.0,17:51:40
7.06,0.0,17:52:13
7.06,0.0,17:52:46
7.06,0.0,17:53:19
7.06,0.0,17:53:52
7.06,0.0,17:54:25
7.06,0.0,17:54:58
7.06,0.0,17:55:31
7.06,0.0,17:56:03
7.06,0.0,17:56:36
7.06,0.0,17:57:09
7.06,0.0,17:57:42
7.06,0.0,17:58:15
7.06,0.0,17:58:48
7.06,0.0,17:59:21
7.06,0.0,17:59:54
7.06,0.0,18:00:27
7.06,0.0,18:01:00
7.06,0.0,18:01:33
7.06,0.0,18:02:06
7.06,0.0,18:02:39
7.06,0.0,18:03:12
7.06,0.0,18:03:45
7.06,0.0,18:04:18
7.06,0.0,18:04:51
7.01,-0.7082153,18:05:24
7.01,0.0,18:05:57
7.01,0.0,18:06:30
7.01,0.0,18:07:03
7.01,0.0,18:07:36
7.01,0.0,18:08:09
7.01,0.0,18:08:42
7.03,0.2853067,18:09:15
7.03,0.0,18:09:48
7.03,0.0,18:10:20
7.03,0.0,18:10:53
7.03,0.0,18:11:26
7.03,0.0,18:11:59
7.03,0.0,18:12:31
7.01,-0.28449502,18:13:04
7.01,0.0,18:13:37
7.01,0.0,18:14:10
7.01,0.0,18:14:43
7.01,0.0,18:15:16
7.01,0.0,18:15:49
7.01,0.0,18:16:22
7.01,0.0,18:16:54
7.01,0.0,18:17:27
7.01,0.0,18:18:00
7.01,0.0,18:18:33
7.01,0.0,18:19:06
7.01,0.0,18:19:39
7.01,0.0,18:20:11
7.01,0.0,18:20:45
7.01,0.0,18:21:17
7.01,0.0,18:21:50
7.01,0.0,18:22:23
7.01,0.0,18:22:55
7.01,0.0,18:23:28
7.01,0.0,18:24:01
7.01,0.0,18:24:34
7.01,0.0,18:25:07
7.01,0.0,18:25:40
7.01,0.0,18:26:13
7.01,0.0,18:26:46
7.01,0.0,18:27:19
7.01,0.0,18:27:52
7.01,0.0,18:28:25
7.01,0.0,18:28:58
7.01,0.0,18:29:31
7.01,0.0,18:30:04
7.01,0.0,18:30:37
7.01,0.0,18:31:10
7.01,0.0,18:31:43
7.01,0.0,18:32:15
7.01,0.0,18:32:48
7.01,0.0,18:33:21
7.01,0.0,18:33:54
7.01,0.0,18:34:27
7.01,0.0,18:35:00
7.01,0.0,18:35:32
7.01,0.0,18:36:05
7.01,0.0,18:36:38
7.01,0.0,18:37:11
7.01,0.0,18:37:44
7.01,0.0,18:38:16
7.01,0.0,18:38:49
7.01,0.0,18:39:22
7.01,0.0,18:39:55
7.01,0.0,18:40:28
7.01,0.0,18:41:00
7.1,1.28388017,18:41:33
7.1,0.0,18:42:06
7.1,0.0,18:42:39
7.1,0.0,18:43:12
7.1,0.0,18:43:45
7.1,0.0,18:44:18
7.1,0.0,18:44:51
7.1,0.0,18:45:24
7.1,0.0,18:45:56
7.1,0.0,18:46:30
7.1,0.0,18:47:03
7.1,0.0,18:47:36
7.1,0.0,18:48:08
7.1,0.0,18:48:41
7.1,0.0,18:49:14
7.1,0.0,18:49:47
7.1,0.0,18:50:20
7.1,0.0,18:50:53
7.1,0.0,18:51:25
7.1,0.0,18:51:58
7.1,0.0,18:52:31
7.1,0.0,18:53:04
7.1,0.0,18:53:37
7.1,0.0,18:54:10
7.1,0.0,18:54:43
7.1,0.0,18:55:16
7.1,0.0,18:55:49
7.1,0.0,18:56:22
7.1,0.0,18:56:55
7.1,0.0,18:57:28
7.1,0.0,18:58:00
7.1,0.0,18:58:34
7.1,0.0,18:59:07
7.1,0.0,18:59:40
7.1,0.0,19:00:13
7.1,0.0,19:00:46
7.1,0.0,19:01:19
7.1,0.0,19:01:52
7.1,0.0,19:02:25
7.1,0.0,19:02:58
7.1,0.0,19:03:31
7.01,-1.26760563,19:04:04
7.01,0.0,19:04:37
7.01,0.0,19:05:10
7.01,0.0,19:05:42
7.01,0.0,19:06:15
7.01,0.0,19:06:49
7.01,0.0,19:07:21
7.01,0.0,19:07:54
7.01,0.0,19:08:27
7.1,1.28388017,19:09:00
7.1,0.0,19:09:33
7.1,0.0,19:10:06
7.1,0.0,19:10:39
7.1,0.0,19:11:11
7.1,0.0,19:11:45
7.1,0.0,19:12:17
7.1,0.0,19:12:50
7.1,0.0,19:13:23
7.1,0.0,19:13:56
7.1,0.0,19:14:29
7.1,0.0,19:15:02
7.1,0.0,19:15:35
7.1,0.0,19:16:08
7.1,0.0,19:16:41
7.1,0.0,19:17:14
7.1,0.0,19:17:48
7.1,0.0,19:18:21
7.1,0.0,19:18:53
7.1,0.0,19:19:26
7.1,0.0,19:19:59
7.1,0.0,19:20:32
7.1,0.0,19:21:05
7.1,0.0,19:21:39
7.1,0.0,19:22:11
7.1,0.0,19:22:45
7.1,0.0,19:23:18
7.1,0.0,19:23:50
7.1,0.0,19:24:23
7.1,0.0,19:24:56
7.1,0.0,19:25:29
7.1,0.0,19:26:02
7.1,0.0,19:26:35
7.01,-1.26760563,19:27:07
7.01,0.0,19:27:40
7.01,0.0,19:28:13
7.01,0.0,19:28:46
7.01,0.0,19:29:19
7.08,0.99857347,19:29:53
7.08,0.0,19:30:25
7.08,0.0,19:30:58
7.08,0.0,19:31:31
7.08,0.0,19:32:05
7.08,0.0,19:32:38
7.08,0.0,19:33:11
7.08,0.0,19:33:43
7.08,0.0,19:34:16
7.08,0.0,19:34:49
7.08,0.0,19:35:22
7.08,0.0,19:35:55
7.08,0.0,19:36:28
7.08,0.0,19:37:01
7.08,0.0,19:37:34
7.08,0.0,19:38:07
7.08,0.0,19:38:40
7.08,0.0,19:39:13
7.08,0.0,19:39:46
7.08,0.0,19:40:19
7.08,0.0,19:40:52
7.08,0.0,19:41:25
7.08,0.0,19:41:57
7.08,0.0,19:42:30
7.08,0.0,19:43:04
7.0,-1.1299435,19:43:37
7.0,0.0,19:44:10
7.0,0.0,19:44:43
7.0,0.0,19:45:15
7.0,0.0,19:45:48
7.0,0.0,19:46:21
7.0,0.0,19:46:54
7.0,0.0,19:47:27
7.0,0.0,19:47:59
7.0,0.0,19:48:33
7.0,0.0,19:49:06
7.0,0.0,19:49:38
7.0,0.0,19:50:11
7.0,0.0,19:50:44
7.0,0.0,19:51:17
7.0,0.0,19:51:50
7.0,0.0,19:52:23
7.0,0.0,19:52:56
7.0,0.0,19:53:29
7.0,0.0,19:54:02
7.0,0.0,19:54:34
7.0,0.0,19:55:07
7.0,0.0,19:55:40
7.0,0.0,19:56:13
7.04,0.57142857,19:56:46
7.04,0.0,19:57:19
7.04,0.0,19:57:52
7.04,0.0,19:59:01
7.04,0.0,19:59:34
7.04,0.0,20:00:07
7.04,0.0,20:00:40
7.04,0.0,20:01:12
7.04,0.0,20:01:46
7.04,0.0,20:02:19
7.0,-0.56818182,20:02:52
6.99,-0.14285714,20:03:24
6.99,0.0,20:03:57
6.99,0.0,20:04:30
7.0,0.14306152,20:05:03
6.98,-0.28571429,20:05:36
6.98,0.0,20:06:09
6.98,0.0,20:06:42
6.98,0.0,20:07:15
6.98,0.0,20:07:48
6.98,0.0,20:08:21
6.98,0.0,20:08:54
6.98,0.0,20:09:27
6.97,-0.14326648,20:09:59
6.96,-0.14347202,20:10:33
6.96,0.0,20:11:06
6.96,0.0,20:11:39
6.96,0.0,20:12:11
6.96,0.0,20:12:44
6.96,0.0,20:13:17
6.96,0.0,20:13:50
6.96,0.0,20:14:23
6.96,0.0,20:14:56
6.96,0.0,20:15:28
6.96,0.0,20:16:01
6.96,0.0,20:16:34
6.96,0.0,20:17:07
6.93,-0.43103448,20:17:40
6.93,0.0,20:18:13
6.93,0.0,20:18:46
6.93,0.0,20:19:19
6.93,0.0,20:19:52
6.93,0.0,20:20:25
6.93,0.0,20:20:58
6.93,0.0,20:21:31
6.93,0.0,20:22:04
6.93,0.0,20:22:37
6.93,0.0,20:23:09
6.93,0.0,20:23:42
6.93,0.0,20:24:15
7.04,1.58730159,20:24:48
7.04,0.0,20:25:21
7.04,0.0,20:25:54
7.04,0.0,20:26:27
7.04,0.0,20:27:00
7.04,0.0,20:27:33
7.04,0.0,20:28:06
7.04,0.0,20:28:39
7.04,0.0,20:29:11
7.04,0.0,20:29:45
7.04,0.0,20:30:18
7.04,0.0,20:30:50
7.04,0.0,20:31:23
7.04,0.0,20:31:56
7.04,0.0,20:32:29
7.04,0.0,20:33:02
7.04,0.0,20:33:35
7.04,0.0,20:34:08
7.04,0.0,20:34:41
7.04,0.0,20:35:14
7.04,0.0,20:35:47
7.04,0.0,20:36:20
7.04,0.0,20:36:53
7.04,0.0,20:37:26
7.04,0.0,20:37:59
7.04,0.0,20:38:32
7.04,0.0,20:39:04
7.04,0.0,20:39:37
7.04,0.0,20:40:10
7.04,0.0,20:40:43
7.0,-0.56818182,20:41:16
7.0,0.0,20:41:49
6.92,-1.14285714,20:42:22
6.92,0.0,20:42:55
6.92,0.0,20:43:28
6.92,0.0,20:44:01
6.92,0.0,20:44:34
6.92,0.0,20:45:07
6.92,0.0,20:45:40
6.92,0.0,20:46:13
6.92,0.0,20:46:46
6.92,0.0,20:47:19
6.92,0.0,20:47:53
6.92,0.0,20:48:25
6.92,0.0,20:48:58
6.92,0.0,20:49:31
6.92,0.0,20:50:04
6.92,0.0,20:50:36
6.92,0.0,20:51:09
6.92,0.0,20:51:42
6.92,0.0,20:52:15
7.0,1.15606936,20:52:48
7.0,0.0,20:53:21
7.0,0.0,20:53:54
6.92,-1.14285714,20:54:27
6.92,0.0,20:55:00
6.92,0.0,20:55:33
6.92,0.0,20:56:06
6.92,0.0,20:56:39
6.92,0.0,20:57:11
6.92,0.0,20:57:45
6.92,0.0,20:58:18
6.92,0.0,20:58:50
6.92,0.0,20:59:23
6.92,0.0,20:59:56
6.92,0.0,21:00:30
6.92,0.0,21:01:02
6.92,0.0,21:01:35
6.92,0.0,21:02:08
6.92,0.0,21:02:41
6.92,0.0,21:03:14
6.92,0.0,21:03:48
6.92,0.0,21:04:20
6.91,-0.14450867,21:04:54
6.91,0.0,21:05:26
6.91,0.0,21:05:59
6.91,0.0,21:06:32
6.91,0.0,21:07:05
6.91,0.0,21:07:38
6.91,0.0,21:08:11
6.91,0.0,21:08:45
6.91,0.0,21:09:18
6.91,0.0,21:09:50
6.91,0.0,21:10:23
7.0,1.3024602,21:10:56
6.92,-1.14285714,21:11:29
6.92,0.0,21:12:02
6.92,0.0,21:12:35
6.92,0.0,21:13:08
6.92,0.0,21:13:41
6.92,0.0,21:14:14
6.92,0.0,21:14:47
6.92,0.0,21:15:20
6.92,0.0,21:15:53
6.92,0.0,21:16:26
6.92,0.0,21:16:58
6.92,0.0,21:17:31
6.92,0.0,21:18:04
6.92,0.0,21:18:37
6.92,0.0,21:19:10
6.92,0.0,21:19:43
6.92,0.0,21:20:16
6.92,0.0,21:20:49
6.92,0.0,21:21:22
6.92,0.0,21:21:55
6.92,0.0,21:22:27
6.92,0.0,21:23:00
6.92,0.0,21:23:34
6.92,0.0,21:24:07
6.92,0.0,21:24:40
6.92,0.0,21:25:13
6.92,0.0,21:25:46
6.92,0.0,21:26:19
6.92,0.0,21:26:52
6.92,0.0,21:27:25
6.91,-0.14450867,21:27:58
6.91,0.0,21:28:31
6.91,0.0,21:29:04
6.91,0.0,21:29:37
6.91,0.0,21:30:10
6.91,0.0,21:30:43
6.91,0.0,21:31:15
6.91,0.0,21:31:49
7.05,2.0260492,21:32:22
7.05,0.0,21:32:54
7.05,0.0,21:33:27
7.05,0.0,21:34:00
7.05,0.0,21:34:33
7.05,0.0,21:35:05
7.05,0.0,21:35:38
7.05,0.0,21:36:11
7.05,0.0,21:36:44
7.05,0.0,21:37:17
7.05,0.0,21:37:50
7.05,0.0,21:38:22
7.05,0.0,21:38:56
7.05,0.0,21:39:28
7.05,0.0,21:40:01
7.05,0.0,21:40:34
7.05,0.0,21:41:07
7.05,0.0,21:41:40
7.05,0.0,21:42:13
7.05,0.0,21:42:46
7.05,0.0,21:43:19
7.05,0.0,21:43:52
7.05,0.0,21:44:25
7.05,0.0,21:44:58
7.05,0.0,21:45:30
7.05,0.0,21:46:03
7.05,0.0,21:46:36
7.05,0.0,21:47:09
7.01,-0.56737589,21:47:42
7.01,0.0,21:48:15
7.01,0.0,21:48:48
7.01,0.0,21:49:21
7.01,0.0,21:49:53
7.01,0.0,21:50:26
7.01,0.0,21:50:59
7.01,0.0,21:51:32
7.01,0.0,21:52:05
7.01,0.0,21:52:39
6.92,-1.28388017,21:53:11
6.92,0.0,21:53:45
7.01,1.30057803,21:54:18
7.01,0.0,21:54:50
7.01,0.0,21:55:23
7.01,0.0,21:55:56
7.01,0.0,21:56:29
7.01,0.0,21:57:02
6.91,-1.42653352,21:57:35
6.91,0.0,21:58:08
6.91,0.0,21:58:41
6.91,0.0,21:59:14
6.91,0.0,21:59:48
6.91,0.0,22:00:20
6.91,0.0,22:00:53
6.91,0.0,22:01:29
6.91,0.0,22:02:01
6.91,0.0,22:02:35
6.91,0.0,22:03:07
6.91,0.0,22:03:40
6.91,0.0,22:04:13
6.91,0.0,22:04:46
6.91,0.0,22:05:19
6.91,0.0,22:05:52
6.91,0.0,22:06:25
6.91,0.0,22:06:58
6.91,0.0,22:07:30
6.91,0.0,22:08:03
6.91,0.0,22:08:36
6.91,0.0,22:09:09
6.91,0.0,22:09:42
6.91,0.0,22:10:51
6.91,0.0,22:11:24
6.91,0.0,22:11:59
6.91,0.0,22:12:33
6.91,0.0,22:13:06
6.91,0.0,22:13:38
6.91,0.0,22:14:11
6.91,0.0,22:14:45
6.91,0.0,22:15:18
6.91,0.0,22:15:51
6.91,0.0,22:16:24
6.91,0.0,22:16:57
6.91,0.0,22:17:29
6.91,0.0,22:18:02
6.91,0.0,22:18:35
6.91,0.0,22:19:08
6.91,0.0,22:19:41
6.91,0.0,22:20:14
6.91,0.0,22:20:47
6.91,0.0,22:21:20
6.91,0.0,22:21:53
6.91,0.0,22:22:26
6.91,0.0,22:22:59
6.91,0.0,22:23:32
6.91,0.0,22:24:05
6.91,0.0,22:24:38
6.91,0.0,22:25:11
6.91,0.0,22:25:44
6.91,0.0,22:26:17
6.91,0.0,22:26:49
6.91,0.0,22:27:22
6.91,0.0,22:27:55
6.99,1.1577424,22:28:28
6.99,0.0,22:29:01
6.99,0.0,22:29:34
6.99,0.0,22:30:06
6.99,0.0,22:30:39
6.99,0.0,22:31:12
6.99,0.0,22:31:46
6.99,0.0,22:32:19
6.99,0.0,22:32:52
6.99,0.0,22:33:25
6.99,0.0,22:33:58
6.99,0.0,22:34:31
6.99,0.0,22:35:04
6.99,0.0,22:35:37
6.99,0.0,22:36:10
6.99,0.0,22:36:44
6.99,0.0,22:37:17
6.99,0.0,22:37:51
6.99,0.0,22:38:24
6.99,0.0,22:38:57
6.99,0.0,22:39:31
6.99,0.0,22:40:04
6.99,0.0,22:40:37
6.99,0.0,22:41:11
6.99,0.0,22:41:44
6.99,0.0,22:42:18
6.99,0.0,22:42:51
6.99,0.0,22:43:25
6.99,0.0,22:43:57
6.99,0.0,22:44:31
6.99,0.0,22:45:04
6.99,0.0,22:45:38
6.99,0.0,22:46:11
6.99,0.0,22:46:45
6.96,-0.42918455,22:47:18
6.96,0.0,22:47:52
6.96,0.0,22:48:24
6.96,0.0,22:48:57
6.96,0.0,22:49:31
6.96,0.0,22:50:05
6.96,0.0,22:50:38
6.96,0.0,22:51:11
6.96,0.0,22:51:45
6.96,0.0,22:52:18
6.96,0.0,22:52:51
6.96,0.0,22:53:25
6.96,0.0,22:53:59
6.98,0.28735632,22:54:32
6.98,0.0,22:55:05
6.98,0.0,22:55:38
6.98,0.0,22:56:12
6.98,0.0,22:56:45
6.98,0.0,22:57:19
6.98,0.0,22:57:52
6.98,0.0,22:58:25
6.98,0.0,22:58:58
6.99,0.14326648,22:59:32
6.99,0.0,23:00:04
6.99,0.0,23:00:37
6.99,0.0,23:01:11
6.96,-0.42918455,23:01:44
6.96,0.0,23:02:17
6.96,0.0,23:02:51
6.96,0.0,23:03:24
6.96,0.0,23:03:57
6.96,0.0,23:04:31
6.96,0.0,23:05:04
6.96,0.0,23:05:37
6.96,0.0,23:06:10
6.96,0.0,23:06:44
6.96,0.0,23:07:17
6.96,0.0,23:07:50
6.96,0.0,23:08:24
6.96,0.0,23:08:57
6.96,0.0,23:09:30
6.96,0.0,23:10:04
6.96,0.0,23:10:37
6.96,0.0,23:11:10
6.96,0.0,23:11:43
6.96,0.0,23:12:17
6.96,0.0,23:12:51
6.96,0.0,23:13:26
6.96,0.0,23:13:59
6.96,0.0,23:14:33
7.01,0.7183908,23:15:06
7.01,0.0,23:15:41
6.92,-1.28388017,23:16:15
6.92,0.0,23:16:48
6.92,0.0,23:17:21
6.92,0.0,23:17:55
6.92,0.0,23:18:28
6.92,0.0,23:19:02
6.92,0.0,23:19:36
6.92,0.0,23:20:09
6.92,0.0,23:20:43
6.92,0.0,23:21:17
6.92,0.0,23:21:50
6.92,0.0,23:22:24
6.92,0.0,23:22:57
6.92,0.0,23:23:31
6.92,0.0,23:24:05
6.92,0.0,23:24:38
6.92,0.0,23:25:12
7.01,1.30057803,23:25:46
7.01,0.0,23:26:19
7.01,0.0,23:26:52
7.01,0.0,23:27:26
7.01,0.0,23:27:59
7.01,0.0,23:28:33
7.01,0.0,23:29:06
7.01,0.0,23:29:40
7.01,0.0,23:30:13
7.01,0.0,23:30:47
7.01,0.0,23:31:20
7.01,0.0,23:31:53
6.95,-0.85592011,23:32:26
6.95,0.0,23:33:00
6.95,0.0,23:33:33
6.95,0.0,23:34:07
6.95,0.0,23:34:40
6.95,0.0,23:35:14
6.95,0.0,23:35:47
6.91,-0.57553957,23:36:20
6.91,0.0,23:36:54
6.91,0.0,23:37:27
6.91,0.0,23:38:00
6.93,0.2894356,23:38:34
6.93,0.0,23:39:07
6.93,0.0,23:39:41
6.93,0.0,23:40:14
6.93,0.0,23:40:48
6.93,0.0,23:41:21
6.93,0.0,23:41:54
6.93,0.0,23:42:27
6.93,0.0,23:43:00
6.93,0.0,23:43:34
6.93,0.0,23:44:07
6.93,0.0,23:44:40
6.93,0.0,23:45:14
6.93,0.0,23:45:47
6.93,0.0,23:46:20
6.93,0.0,23:46:54
6.93,0.0,23:47:27
6.93,0.0,23:48:01
6.93,0.0,23:48:34
6.93,0.0,23:49:07
6.93,0.0,23:49:40
6.93,0.0,23:50:14
6.91,-0.28860029,23:50:47
6.99,1.1577424,23:51:21
6.99,0.0,23:51:54
6.99,0.0,23:52:27
6.99,0.0,23:53:00
6.99,0.0,23:53:34
6.99,0.0,23:54:07
6.99,0.0,23:54:40
6.99,0.0,23:55:13
6.99,0.0,23:55:47
6.99,0.0,23:56:20
6.99,0.0,23:56:54
6.99,0.0,23:57:27
6.99,0.0,23:58:01
6.99,0.0,23:58:34
6.99,0.0,23:59:07
6.99,0.0,23:59:41
6.99,0.0,00:00:14
6.99,0.0,00:00:47
6.99,0.0,00:01:21
6.99,0.0,00:01:53
6.99,0.0,00:02:26
6.99,0.0,00:03:00
6.99,0.0,00:03:33
6.99,0.0,00:04:07
6.99,0.0,00:04:40
6.99,0.0,00:05:14
6.99,0.0,00:05:47
6.99,0.0,00:06:20
6.99,0.0,00:06:54
6.99,0.0,00:07:26
6.99,0.0,00:08:00
6.99,0.0,00:08:34
6.99,0.0,00:09:07
6.99,0.0,00:09:40
6.99,0.0,00:10:14
6.91,-1.14449213,00:10:47
6.91,0.0,00:11:20
6.91,0.0,00:11:52
6.91,0.0,00:12:26
6.91,0.0,00:12:59
6.91,0.0,00:13:33
6.91,0.0,00:14:07
6.91,0.0,00:14:40
6.91,0.0,00:15:13
6.91,0.0,00:15:47
6.91,0.0,00:16:20
6.91,0.0,00:16:54
6.91,0.0,00:17:27
6.91,0.0,00:18:01
6.91,0.0,00:18:34
6.91,0.0,00:19:08
6.91,0.0,00:19:41
6.91,0.0,00:20:14
6.91,0.0,00:20:48
6.91,0.0,00:21:21
6.91,0.0,00:21:55
6.91,0.0,00:22:27
6.91,0.0,00:23:01
6.91,0.0,00:24:11
6.91,0.0,00:24:44
6.91,0.0,00:25:18
6.91,0.0,00:25:52
6.91,0.0,00:26:25
6.91,0.0,00:26:59
6.91,0.0,00:27:32
6.91,0.0,00:28:05
6.91,0.0,00:28:39
6.99,1.1577424,00:29:13
6.99,0.0,00:29:46
6.99,0.0,00:30:20
6.99,0.0,00:30:53
6.99,0.0,00:31:26
6.99,0.0,00:32:00
6.99,0.0,00:32:33
6.99,0.0,00:33:06
6.99,0.0,00:33:40
6.99,0.0,00:34:13
6.99,0.0,00:34:47
6.99,0.0,00:35:20
6.99,0.0,00:35:54
6.99,0.0,00:36:27
6.99,0.0,00:37:01
6.99,0.0,00:37:34
6.99,0.0,00:38:08
6.99,0.0,00:38:41
6.99,0.0,00:39:15
6.99,0.0,00:39:48
6.99,0.0,00:40:21
6.99,0.0,00:40:54
6.99,0.0,00:41:27
6.99,0.0,00:42:00
6.99,0.0,00:42:33
6.99,0.0,00:43:06
6.99,0.0,00:43:39
6.99,0.0,00:44:12
6.99,0.0,00:44:46
6.99,0.0,00:45:19
6.99,0.0,00:45:53
6.99,0.0,00:46:26
6.99,0.0,00:47:00
6.99,0.0,00:47:33
6.99,0.0,00:48:06
6.99,0.0,00:48:39
6.99,0.0,00:49:12
6.99,0.0,00:49:45
6.99,0.0,00:50:19
6.93,-0.8583691,00:50:52
6.93,0.0,00:51:26
6.93,0.0,00:51:59
6.93,0.0,00:52:32
6.93,0.0,00:53:06
6.93,0.0,00:53:39
6.93,0.0,00:54:12
6.93,0.0,00:54:45
6.93,0.0,00:55:18
6.93,0.0,00:55:51
6.93,0.0,00:56:24
6.93,0.0,00:56:57
6.93,0.0,00:57:31
6.93,0.0,00:58:04
6.93,0.0,00:58:37
6.93,0.0,00:59:10
6.93,0.0,00:59:43
6.93,0.0,01:00:17
6.93,0.0,01:00:50
6.93,0.0,01:01:23
6.93,0.0,01:01:57
6.93,0.0,01:02:30
6.93,0.0,01:03:03
6.93,0.0,01:03:36
6.93,0.0,01:04:10
6.93,0.0,01:04:43
6.93,0.0,01:05:16
6.93,0.0,01:05:49
6.93,0.0,01:06:22
6.93,0.0,01:06:55
6.93,0.0,01:07:29
6.93,0.0,01:08:02
6.93,0.0,01:08:35
6.93,0.0,01:09:08
6.93,0.0,01:09:42
6.93,0.0,01:10:15
6.93,0.0,01:10:48
6.93,0.0,01:11:22
6.93,0.0,01:11:55
6.93,0.0,01:12:28
6.93,0.0,01:13:01
6.93,0.0,01:13:34
6.93,0.0,01:14:07
6.93,0.0,01:14:41
6.93,0.0,01:15:14
6.93,0.0,01:15:47
6.93,0.0,01:16:21
6.93,0.0,01:16:54
6.93,0.0,01:17:28
6.93,0.0,01:18:01
6.93,0.0,01:18:34
6.93,0.0,01:19:08
6.93,0.0,01:19:40
6.93,0.0,01:20:14
6.93,0.0,01:20:47
6.93,0.0,01:21:21
6.93,0.0,01:21:54
6.93,0.0,01:22:27
6.93,0.0,01:23:00
6.93,0.0,01:23:33
6.99,0.86580087,01:24:07
6.99,0.0,01:24:40
6.99,0.0,01:25:14
6.99,0.0,01:25:47
6.99,0.0,01:26:20
6.99,0.0,01:26:54
6.99,0.0,01:27:26
6.99,0.0,01:28:00
6.99,0.0,01:28:33
6.99,0.0,01:29:06
6.99,0.0,01:29:39
6.99,0.0,01:30:11
6.99,0.0,01:30:45
6.99,0.0,01:31:18
6.99,0.0,01:31:51
6.99,0.0,01:32:24
6.99,0.0,01:32:57
6.99,0.0,01:33:30
6.99,0.0,01:34:04
6.99,0.0,01:34:36
6.99,0.0,01:35:10
6.99,0.0,01:35:43
6.99,0.0,01:36:17
6.99,0.0,01:36:49
6.99,0.0,01:37:23
6.99,0.0,01:37:56
6.99,0.0,01:38:30
6.99,0.0,01:39:03
6.99,0.0,01:39:36
6.99,0.0,01:40:09
6.99,0.0,01:40:43
6.99,0.0,01:41:15
6.99,0.0,01:41:48
6.99,0.0,01:42:22
6.99,0.0,01:42:55
6.99,0.0,01:43:29
6.99,0.0,01:44:02
7.0,0.14306152,01:44:35
7.0,0.0,01:45:09
7.0,0.0,01:45:42
7.0,0.0,01:46:15
7.0,0.0,01:46:48
7.0,0.0,01:47:21
7.0,0.0,01:47:55
7.0,0.0,01:48:28
7.0,0.0,01:49:01
7.0,0.0,01:49:35
7.0,0.0,01:50:08
7.0,0.0,01:50:42
7.0,0.0,01:51:15
7.0,0.0,01:51:48
7.0,0.0,01:52:22
7.0,0.0,01:52:55
7.0,0.0,01:53:29
7.0,0.0,01:54:01
7.0,0.0,01:54:35
7.0,0.0,01:55:08
7.0,0.0,01:55:41
7.0,0.0,01:56:15
7.0,0.0,01:56:48
7.0,0.0,01:57:21
7.0,0.0,01:57:54
7.0,0.0,01:58:28
7.0,0.0,01:59:01
7.0,0.0,01:59:34
7.0,0.0,02:00:07
7.0,0.0,02:00:40
7.0,0.0,02:01:14
7.0,0.0,02:01:47
7.0,0.0,02:02:21
7.0,0.0,02:02:54
7.0,0.0,02:03:28
7.0,0.0,02:04:01
7.0,0.0,02:04:34
7.0,0.0,02:05:07
7.0,0.0,02:05:40
7.0,0.0,02:06:14
7.0,0.0,02:06:47
7.0,0.0,02:07:21
7.0,0.0,02:07:54
7.0,0.0,02:08:27
7.0,0.0,02:09:00
7.0,0.0,02:09:34
7.0,0.0,02:10:07
7.0,0.0,02:10:40
6.92,-1.14285714,02:11:14
6.92,0.0,02:11:47
6.92,0.0,02:12:20
6.91,-0.14450867,02:12:54
6.91,0.0,02:13:27
6.91,0.0,02:14:00
6.91,0.0,02:14:33
6.91,0.0,02:15:06
6.91,0.0,02:15:39
6.91,0.0,02:16:12
6.91,0.0,02:16:46
6.91,0.0,02:17:19
6.91,0.0,02:17:53
6.91,0.0,02:18:25
6.91,0.0,02:18:59
6.91,0.0,02:19:32
6.91,0.0,02:20:05
6.91,0.0,02:20:39
6.91,0.0,02:21:12
6.91,0.0,02:21:46
6.91,0.0,02:22:19
6.91,0.0,02:22:53
6.91,0.0,02:23:26
6.9,-0.1447178,02:23:59
6.9,0.0,02:24:34
6.9,0.0,02:25:07
6.9,0.0,02:25:40
6.9,0.0,02:26:14
6.9,0.0,02:26:47
6.9,0.0,02:27:21
6.9,0.0,02:27:53
6.9,0.0,02:28:26
6.9,0.0,02:29:00
6.9,0.0,02:29:32
6.9,0.0,02:30:06
6.9,0.0,02:30:39
6.9,0.0,02:31:13
6.9,0.0,02:31:47
6.9,0.0,02:32:20
6.9,0.0,02:32:54
6.9,0.0,02:33:27
6.9,0.0,02:34:00
6.9,0.0,02:34:33
6.9,0.0,02:35:06
6.9,0.0,02:35:40
6.9,0.0,02:36:13
6.9,0.0,02:37:23
6.9,0.0,02:37:57
6.9,0.0,02:38:30
6.9,0.0,02:39:04
6.9,0.0,02:39:38
6.9,0.0,02:40:11
6.9,0.0,02:40:44
6.9,0.0,02:41:18
6.9,0.0,02:41:52
6.9,0.0,02:42:25
6.9,0.0,02:42:58
6.9,0.0,02:43:31
6.9,0.0,02:44:04
6.9,0.0,02:44:38
6.9,0.0,02:45:12
6.9,0.0,02:45:45
6.9,0.0,02:46:19
6.9,0.0,02:46:53
6.9,0.0,02:47:26
6.9,0.0,02:48:00
6.9,0.0,02:48:34
6.9,0.0,02:49:07
6.9,0.0,02:49:40
6.9,0.0,02:50:13
6.9,0.0,02:50:47
6.9,0.0,02:51:21
6.9,0.0,02:51:54
6.9,0.0,02:52:27
6.9,0.0,02:53:00
6.9,0.0,02:53:33
6.9,0.0,02:54:07
6.9,0.0,02:54:41
6.9,0.0,02:55:13
6.9,0.0,02:55:47
6.9,0.0,02:56:20
6.9,0.0,02:56:53
6.9,0.0,02:57:27
6.9,0.0,02:58:00
6.9,0.0,02:58:34
6.9,0.0,02:59:07
6.9,0.0,02:59:40
6.9,0.0,03:00:13
6.9,0.0,03:00:47
6.84,-0.86956522,03:01:20
6.84,0.0,03:01:54
6.84,0.0,03:02:27
6.84,0.0,03:03:00
6.84,0.0,03:03:33
6.84,0.0,03:04:07
6.84,0.0,03:04:41
6.84,0.0,03:05:14
6.84,0.0,03:05:47
6.84,0.0,03:06:20
6.84,0.0,03:06:54
6.84,0.0,03:07:28
6.84,0.0,03:08:01
6.84,0.0,03:08:34
6.84,0.0,03:09:08
6.84,0.0,03:09:41
6.84,0.0,03:10:14
6.84,0.0,03:10:47
6.84,0.0,03:11:21
6.84,0.0,03:11:54
6.84,0.0,03:12:27
6.84,0.0,03:13:00
6.84,0.0,03:13:33
6.84,0.0,03:14:07
6.84,0.0,03:14:40
6.84,0.0,03:15:14
6.84,0.0,03:15:47
6.84,0.0,03:16:20
6.84,0.0,03:16:54
6.84,0.0,03:17:27
6.84,0.0,03:18:00
6.84,0.0,03:18:34
6.84,0.0,03:19:07
6.84,0.0,03:19:40
6.84,0.0,03:20:14
6.84,0.0,03:20:47
6.84,0.0,03:21:20
6.84,0.0,03:21:54
6.84,0.0,03:22:27
6.84,0.0,03:23:00
6.84,0.0,03:23:34
6.84,0.0,03:24:07
6.84,0.0,03:24:41
6.84,0.0,03:25:14
6.84,0.0,03:25:47
6.84,0.0,03:26:21
6.84,0.0,03:26:54
6.84,0.0,03:27:27
6.84,0.0,03:28:01
6.84,0.0,03:28:33
6.84,0.0,03:29:06
6.84,0.0,03:29:39
6.84,0.0,03:30:12
6.84,0.0,03:30:46
6.98,2.04678363,03:31:19
6.98,0.0,03:31:52
6.98,0.0,03:32:26
6.98,0.0,03:32:58
6.98,0.0,03:33:32
6.98,0.0,03:34:05
6.98,0.0,03:34:39
6.98,0.0,03:35:12
6.98,0.0,03:35:47
6.98,0.0,03:36:21
6.98,0.0,03:36:54
6.98,0.0,03:37:28
6.98,0.0,03:38:01
6.98,0.0,03:38:34
6.98,0.0,03:39:08
6.98,0.0,03:39:41
6.98,0.0,03:40:15
6.98,0.0,03:40:48
6.98,0.0,03:41:21
6.98,0.0,03:41:55
6.98,0.0,03:42:27
6.98,0.0,03:43:01
6.98,0.0,03:43:34
6.98,0.0,03:44:08
6.98,0.0,03:44:41
6.98,0.0,03:45:15
6.98,0.0,03:45:48
6.98,0.0,03:46:22
6.98,0.0,03:46:55
6.98,0.0,03:47:28
6.98,0.0,03:48:02
6.98,0.0,03:48:35
6.98,0.0,03:49:08
6.98,0.0,03:49:41
6.98,0.0,03:50:15
6.98,0.0,03:50:48
6.98,0.0,03:51:21
6.98,0.0,03:51:55
6.98,0.0,03:52:28
6.98,0.0,03:53:01
6.98,0.0,03:53:35
6.98,0.0,03:54:08
6.98,0.0,03:54:42
6.98,0.0,03:55:15
6.98,0.0,03:55:49
6.98,0.0,03:56:22
6.98,0.0,03:56:56
6.98,0.0,03:57:29
6.98,0.0,03:58:02
6.98,0.0,03:58:35
6.98,0.0,03:59:09
6.98,0.0,03:59:42
6.98,0.0,04:00:16
6.98,0.0,04:00:49
6.98,0.0,04:01:22
6.98,0.0,04:01:55
6.98,0.0,04:02:28
6.98,0.0,04:03:01
6.98,0.0,04:03:35
6.98,0.0,04:04:08
6.98,0.0,04:04:42
6.98,0.0,04:05:16
6.98,0.0,04:05:49
6.98,0.0,04:06:22
6.98,0.0,04:06:56
6.98,0.0,04:07:29
6.85,-1.86246418,04:08:02
6.85,0.0,04:08:36
6.85,0.0,04:09:09
6.85,0.0,04:09:43
6.85,0.0,04:10:16
6.85,0.0,04:10:50
6.85,0.0,04:11:23
6.85,0.0,04:11:56
6.85,0.0,04:12:30
6.85,0.0,04:13:04
6.85,0.0,04:13:37
6.85,0.0,04:14:11
6.85,0.0,04:14:45
6.85,0.0,04:15:18
6.85,0.0,04:15:51
6.85,0.0,04:16:25
6.85,0.0,04:16:58
6.85,0.0,04:17:31
6.85,0.0,04:18:04
6.85,0.0,04:18:37
6.85,0.0,04:19:11
6.85,0.0,04:19:44
6.85,0.0,04:20:17
6.85,0.0,04:20:50
6.85,0.0,04:21:23
6.85,0.0,04:21:57
6.85,0.0,04:22:30
6.85,0.0,04:23:04
6.85,0.0,04:23:37
6.85,0.0,04:24:10
6.85,0.0,04:24:44
6.85,0.0,04:25:17
6.85,0.0,04:25:50
6.85,0.0,04:26:24
6.85,0.0,04:26:57
6.85,0.0,04:27:31
6.85,0.0,04:28:04
6.85,0.0,04:28:37
6.85,0.0,04:29:10
6.85,0.0,04:29:44
6.85,0.0,04:30:17
6.85,0.0,04:30:50
6.85,0.0,04:31:23
6.85,0.0,04:31:56
6.85,0.0,04:32:29
6.85,0.0,04:33:03
6.85,0.0,04:33:36
6.85,0.0,04:34:10
6.85,0.0,04:34:44
6.85,0.0,04:35:18
6.85,0.0,04:35:51
6.85,0.0,04:36:24
6.85,0.0,04:36:58
6.85,0.0,04:37:32
6.85,0.0,04:38:06
6.85,0.0,04:38:39
6.85,0.0,04:39:12
6.85,0.0,04:39:46
6.85,0.0,04:40:19
6.85,0.0,04:40:53
6.85,0.0,04:41:26
6.85,0.0,04:41:59
6.85,0.0,04:42:33
6.85,0.0,04:43:06
6.85,0.0,04:43:39
6.85,0.0,04:44:12
6.85,0.0,04:44:45
6.85,0.0,04:45:19
6.85,0.0,04:45:52
6.85,0.0,04:46:26
6.85,0.0,04:46:59
6.85,0.0,04:47:32
6.85,0.0,04:48:05
6.85,0.0,04:48:38
6.85,0.0,04:49:12
6.85,0.0,04:49:45
6.85,0.0,04:50:56
6.85,0.0,04:51:30
6.85,0.0,04:52:02
6.85,0.0,04:52:36
6.85,0.0,04:53:09
6.85,0.0,04:53:43
6.85,0.0,04:54:16
6.85,0.0,04:54:50
6.85,0.0,04:55:23
6.85,0.0,04:55:57
6.85,0.0,04:56:30
6.85,0.0,04:57:04
6.85,0.0,04:57:37
6.85,0.0,04:58:11
6.85,0.0,04:58:44
6.85,0.0,04:59:18
6.85,0.0,04:59:51
6.85,0.0,05:00:25
6.85,0.0,05:00:58
6.85,0.0,05:01:32
6.85,0.0,05:02:06
6.85,0.0,05:02:39
6.85,0.0,05:03:12
6.85,0.0,05:03:46
6.85,0.0,05:04:19
6.85,0.0,05:04:53
6.85,0.0,05:05:26
6.85,0.0,05:06:00
6.85,0.0,05:06:33
6.85,0.0,05:07:07
6.85,0.0,05:07:40
6.85,0.0,05:08:14
6.85,0.0,05:08:47
6.85,0.0,05:09:21
6.85,0.0,05:09:54
6.85,0.0,05:10:28
6.85,0.0,05:11:01
6.85,0.0,05:11:35
6.85,0.0,05:12:08
6.85,0.0,05:12:42
6.85,0.0,05:13:15
6.85,0.0,05:13:49
6.85,0.0,05:14:23
6.85,0.0,05:14:56
6.85,0.0,05:15:30
6.85,0.0,05:16:03
6.85,0.0,05:16:37
6.85,0.0,05:17:10
6.85,0.0,05:17:44
6.95,1.45985401,05:18:17
6.95,0.0,05:18:50
6.95,0.0,05:19:24
6.95,0.0,05:19:58
6.95,0.0,05:20:31
6.95,0.0,05:21:04
6.95,0.0,05:21:38
6.95,0.0,05:22:11
6.95,0.0,05:22:45
6.95,0.0,05:23:18
6.95,0.0,05:23:52
6.95,0.0,05:24:25
6.95,0.0,05:24:59
6.95,0.0,05:25:32
6.95,0.0,05:26:06
6.95,0.0,05:26:39
6.95,0.0,05:27:13
6.95,0.0,05:27:46
6.95,0.0,05:28:20
6.95,0.0,05:28:53
6.95,0.0,05:29:27
6.95,0.0,05:30:00
6.95,0.0,05:30:34
6.95,0.0,05:31:07
6.95,0.0,05:31:40
6.95,0.0,05:32:14
6.95,0.0,05:32:47
6.95,0.0,05:33:21
6.95,0.0,05:33:54
6.95,0.0,05:34:28
6.95,0.0,05:35:01
6.95,0.0,05:35:35
6.95,0.0,05:36:08
6.95,0.0,05:36:42
6.95,0.0,05:37:15
6.95,0.0,05:37:49
6.95,0.0,05:38:22
6.95,0.0,05:38:56
6.95,0.0,05:39:29
6.95,0.0,05:40:02
6.95,0.0,05:40:36
6.95,0.0,05:41:10
6.95,0.0,05:41:43
6.95,0.0,05:42:17
6.95,0.0,05:42:50
6.95,0.0,05:43:23
6.95,0.0,05:43:57
6.95,0.0,05:44:30
6.95,0.0,05:45:04
6.95,0.0,05:45:37
6.95,0.0,05:46:11
6.95,0.0,05:46:44
6.95,0.0,05:47:18
6.95,0.0,05:47:51
6.95,0.0,05:48:25
6.95,0.0,05:48:58
6.95,0.0,05:49:32
6.95,0.0,05:50:05
6.95,0.0,05:50:39
6.95,0.0,05:51:12
6.95,0.0,05:51:46
6.95,0.0,05:52:19
6.95,0.0,05:52:52
6.95,0.0,05:53:26
6.95,0.0,05:53:59
6.95,0.0,05:54:32
6.95,0.0,05:55:06
6.94,-0.14388489,05:55:39
6.94,0.0,05:56:13
6.94,0.0,05:56:46
6.94,0.0,05:57:19
6.94,0.0,05:57:52
6.94,0.0,05:58:26
6.94,0.0,05:58:59
6.94,0.0,05:59:33
6.94,0.0,06:00:06
6.94,0.0,06:00:39
6.94,0.0,06:01:12
6.94,0.0,06:01:46
6.94,0.0,06:02:19
6.94,0.0,06:02:52
6.94,0.0,06:03:25
6.94,0.0,06:03:58
6.94,0.0,06:04:31
6.94,0.0,06:05:05
6.94,0.0,06:05:38
6.94,0.0,06:06:12
6.94,0.0,06:06:46
6.94,0.0,06:07:18
6.94,0.0,06:07:51
6.94,0.0,06:08:25
6.94,0.0,06:08:58
6.94,0.0,06:09:31
6.94,0.0,06:10:05
6.94,0.0,06:10:38
6.94,0.0,06:11:12
6.94,0.0,06:11:45
6.94,0.0,06:12:19
6.94,0.0,06:12:52
6.94,0.0,06:13:26
6.94,0.0,06:13:59
6.94,0.0,06:14:32
6.94,0.0,06:15:05
6.94,0.0,06:15:39
6.94,0.0,06:16:12
6.94,0.0,06:16:46
6.94,0.0,06:17:18
6.94,0.0,06:17:52
6.94,0.0,06:18:25
6.94,0.0,06:18:59
6.94,0.0,06:19:32
6.94,0.0,06:20:05
6.94,0.0,06:20:39
6.94,0.0,06:21:12
6.94,0.0,06:21:45
6.94,0.0,06:22:19
6.94,0.0,06:22:52
6.94,0.0,06:23:25
6.94,0.0,06:23:58
6.94,0.0,06:24:31
6.94,0.0,06:25:04
6.94,0.0,06:25:38
6.94,0.0,06:26:11
6.94,0.0,06:26:45
6.94,0.0,06:27:17
6.94,0.0,06:27:50
6.94,0.0,06:28:24
6.94,0.0,06:28:57
6.94,0.0,06:29:30
6.94,0.0,06:30:03
6.94,0.0,06:30:36
6.94,0.0,06:31:10
6.94,0.0,06:31:43
6.94,0.0,06:32:16
6.94,0.0,06:32:50
6.94,0.0,06:33:23
6.94,0.0,06:33:56
6.94,0.0,06:34:30
6.94,0.0,06:35:02
6.94,0.0,06:35:36
6.94,0.0,06:36:09
6.94,0.0,06:36:43
6.94,0.0,06:37:16
6.94,0.0,06:37:49
6.86,-1.15273775,06:38:22
6.86,0.0,06:38:56
6.86,0.0,06:39:29
6.86,0.0,06:40:03
6.86,0.0,06:40:36
6.86,0.0,06:41:09
6.86,0.0,06:41:42
6.86,0.0,06:42:16
6.86,0.0,06:42:49
6.86,0.0,06:43:23
6.86,0.0,06:43:56
6.86,0.0,06:44:29
6.86,0.0,06:45:02
6.86,0.0,06:45:35
6.86,0.0,06:46:08
6.86,0.0,06:46:41
6.86,0.0,06:47:14
6.86,0.0,06:47:47
6.86,0.0,06:48:21
6.86,0.0,06:48:54
6.86,0.0,06:49:27
6.86,0.0,06:50:01
6.86,0.0,06:50:35
6.86,0.0,06:51:08
6.86,0.0,06:51:41
6.86,0.0,06:52:15
6.86,0.0,06:52:48
6.86,0.0,06:53:21
6.86,0.0,06:53:55
6.86,0.0,06:54:28
6.86,0.0,06:55:02
6.86,0.0,06:55:34
6.86,0.0,06:56:08
6.96,1.45772595,06:56:41
6.96,0.0,06:57:14
6.96,0.0,06:57:47
6.96,0.0,06:58:21
6.96,0.0,06:58:54
6.96,0.0,06:59:28
6.96,0.0,07:00:01
6.96,0.0,07:00:34
6.96,0.0,07:01:08
6.96,0.0,07:01:41
6.96,0.0,07:02:15
6.96,0.0,07:02:48
6.96,0.0,07:03:21
6.96,0.0,07:04:31
6.96,0.0,07:05:04
6.96,0.0,07:05:38
6.96,0.0,07:06:11
6.96,0.0,07:06:45
6.96,0.0,07:07:18
6.96,0.0,07:07:51
6.96,0.0,07:08:25
6.96,0.0,07:08:58
6.96,0.0,07:09:32
6.96,0.0,07:10:05
6.96,0.0,07:10:39
6.96,0.0,07:11:12
6.96,0.0,07:11:45
6.96,0.0,07:12:19
6.96,0.0,07:12:52
6.96,0.0,07:13:25
6.96,0.0,07:13:59
6.96,0.0,07:14:32
6.96,0.0,07:15:05
6.96,0.0,07:15:39
6.96,0.0,07:16:12
6.96,0.0,07:16:45
6.96,0.0,07:17:19
6.96,0.0,07:17:52
6.96,0.0,07:18:26
6.96,0.0,07:18:59
6.96,0.0,07:19:32
6.86,-1.43678161,07:20:05
6.86,0.0,07:20:39
6.86,0.0,07:21:12
6.86,0.0,07:21:45
6.86,0.0,07:22:19
6.86,0.0,07:22:52
6.86,0.0,07:23:25
6.86,0.0,07:23:58
6.86,0.0,07:24:31
6.86,0.0,07:25:04
6.86,0.0,07:25:38
6.86,0.0,07:26:11
6.86,0.0,07:26:44
6.86,0.0,07:27:17
6.86,0.0,07:27:50
6.86,0.0,07:28:23
6.86,0.0,07:28:57
6.86,0.0,07:29:29
6.86,0.0,07:30:03
6.86,0.0,07:30:36
6.86,0.0,07:31:09
6.86,0.0,07:31:42
6.86,0.0,07:32:15
6.86,0.0,07:32:49
6.86,0.0,07:33:22
6.86,0.0,07:33:55
6.86,0.0,07:34:29
6.86,0.0,07:35:01
6.95,1.31195335,07:35:35
6.95,0.0,07:36:08
6.95,0.0,07:36:42
6.95,0.0,07:37:15
6.95,0.0,07:37:48
6.95,0.0,07:38:21
6.95,0.0,07:38:54
6.86,-1.29496403,07:39:28
6.86,0.0,07:40:01
6.86,0.0,07:40:35
6.86,0.0,07:41:08
6.86,0.0,07:41:41
6.86,0.0,07:42:15
6.86,0.0,07:42:48
6.86,0.0,07:43:21
6.86,0.0,07:43:55
6.86,0.0,07:44:28
6.86,0.0,07:45:01
6.86,0.0,07:45:35
6.86,0.0,07:46:08
6.86,0.0,07:46:42
6.86,0.0,07:47:15
6.86,0.0,07:47:48
6.86,0.0,07:48:21
6.86,0.0,07:48:55
6.86,0.0,07:49:29
6.86,0.0,07:50:02
6.86,0.0,07:50:36
6.86,0.0,07:51:08
6.86,0.0,07:51:42
6.86,0.0,07:52:15
6.86,0.0,07:52:49
6.86,0.0,07:53:22
6.86,0.0,07:53:55
6.86,0.0,07:54:28
6.86,0.0,07:55:01
6.86,0.0,07:55:35
6.86,0.0,07:56:08
6.96,1.45772595,07:56:42
6.96,0.0,07:57:15
6.96,0.0,07:57:48
6.96,0.0,07:58:21
6.96,0.0,07:58:54
6.96,0.0,07:59:27
6.96,0.0,08:00:00
6.96,0.0,08:00:33
6.96,0.0,08:01:07
6.96,0.0,08:01:40
6.96,0.0,08:02:12
6.96,0.0,08:02:46
6.96,0.0,08:03:19
6.96,0.0,08:03:52
6.96,0.0,08:04:25
6.96,0.0,08:04:58
6.96,0.0,08:05:32
6.96,0.0,08:06:05
6.96,0.0,08:06:39
6.96,0.0,08:07:12
6.96,0.0,08:07:45
6.96,0.0,08:08:19
6.96,0.0,08:08:52
6.96,0.0,08:09:25
6.96,0.0,08:09:59
6.96,0.0,08:10:32
6.96,0.0,08:11:05
6.96,0.0,08:11:39
6.96,0.0,08:12:12
6.96,0.0,08:12:44
6.86,-1.43678161,08:13:18
6.86,0.0,08:13:52
6.86,0.0,08:14:25
6.86,0.0,08:14:58
6.86,0.0,08:15:32
6.86,0.0,08:16:05
6.86,0.0,08:16:38
6.86,0.0,08:17:12
6.86,0.0,08:17:45
6.86,0.0,08:18:18
6.86,0.0,08:18:52
6.86,0.0,08:19:25
6.86,0.0,08:19:58
6.86,0.0,08:20:31
6.86,0.0,08:21:04
6.86,0.0,08:21:38
6.86,0.0,08:22:11
6.86,0.0,08:22:44
6.86,0.0,08:23:17
6.86,0.0,08:23:51
6.86,0.0,08:24:24
6.86,0.0,08:24:58
6.86,0.0,08:25:31
6.86,0.0,08:26:04
6.86,0.0,08:26:38
6.86,0.0,08:27:11
6.86,0.0,08:27:44
6.86,0.0,08:28:18
6.86,0.0,08:28:51
6.86,0.0,08:29:25
6.86,0.0,08:29:58
6.86,0.0,08:30:32
6.86,0.0,08:31:04
6.86,0.0,08:31:38
6.86,0.0,08:32:11
6.86,0.0,08:32:44
6.86,0.0,08:33:18
6.86,0.0,08:33:51
6.86,0.0,08:34:24
6.86,0.0,08:34:58
6.86,0.0,08:35:31
6.86,0.0,08:36:04
6.96,1.45772595,08:36:38
6.96,0.0,08:37:12
6.96,0.0,08:37:45
6.96,0.0,08:38:19
6.96,0.0,08:38:51
6.96,0.0,08:39:24
6.96,0.0,08:39:58
6.96,0.0,08:40:31
6.96,0.0,08:41:05
6.96,0.0,08:41:38
6.96,0.0,08:42:11
6.96,0.0,08:42:44
6.96,0.0,08:43:17
6.96,0.0,08:43:50
6.96,0.0,08:44:23
6.96,0.0,08:44:56
6.96,0.0,08:45:29
6.96,0.0,08:46:02
6.96,0.0,08:46:36
6.96,0.0,08:47:09
6.96,0.0,08:47:42
6.96,0.0,08:48:15
6.96,0.0,08:48:48
6.96,0.0,08:49:21
6.96,0.0,08:49:55
6.96,0.0,08:50:28
6.96,0.0,08:51:01
6.96,0.0,08:51:34
6.96,0.0,08:52:08
6.96,0.0,08:52:41
6.96,0.0,08:53:14
6.96,0.0,08:53:48
6.96,0.0,08:54:21
6.96,0.0,08:54:54
6.89,-1.00574713,08:55:28
6.89,0.0,08:56:01
6.89,0.0,08:56:34
6.89,0.0,08:57:08
6.89,0.0,08:57:40
6.89,0.0,08:58:13
6.89,0.0,08:58:47
6.89,0.0,08:59:20
6.89,0.0,08:59:53
6.99,1.45137881,09:00:26
6.99,0.0,09:01:00
6.99,0.0,09:01:33
6.99,0.0,09:02:06
6.99,0.0,09:02:39
6.99,0.0,09:03:12
6.99,0.0,09:03:46
6.99,0.0,09:04:19
6.99,0.0,09:04:53
6.99,0.0,09:05:26
6.99,0.0,09:06:00
6.99,0.0,09:06:34
6.99,0.0,09:07:06
6.99,0.0,09:07:40
6.99,0.0,09:08:13
6.99,0.0,09:08:47
6.99,0.0,09:09:21
6.99,0.0,09:09:54
6.99,0.0,09:10:27
6.99,0.0,09:11:00
6.99,0.0,09:11:33
6.99,0.0,09:12:06
6.99,0.0,09:12:40
6.99,0.0,09:13:13
6.99,0.0,09:13:46
6.99,0.0,09:14:20
6.99,0.0,09:14:53
6.99,0.0,09:15:26
6.99,0.0,09:16:00
6.99,0.0,09:16:33
6.93,0.0,09:17:44
6.93,0.0,09:18:17
6.93,0.0,09:18:51
6.93,0.0,09:19:24
6.93,0.0,09:19:58
6.93,0.0,09:20:31
6.93,0.0,09:21:04
6.93,0.0,09:21:37
6.93,0.0,09:22:10
6.93,0.0,09:22:44
6.93,0.0,09:23:17
6.93,0.0,09:23:51
6.93,0.0,09:24:24
6.93,0.0,09:24:57
6.93,0.0,09:25:30
6.93,0.0,09:26:04
6.93,0.0,09:26:38
6.93,0.0,09:27:11
6.93,0.0,09:27:45
6.93,0.0,09:28:18
6.93,0.0,09:28:51
6.93,0.0,09:29:24
6.93,0.0,09:29:58
6.93,0.0,09:30:31
6.93,0.0,09:31:04
6.93,0.0,09:31:38
6.93,0.0,09:32:11
6.93,0.0,09:32:44
6.93,0.0,09:33:18
6.93,0.0,09:33:51
6.93,0.0,09:34:24
6.93,0.0,09:34:58
6.93,0.0,09:35:31
6.93,0.0,09:36:05
6.93,0.0,09:36:38
6.93,0.0,09:37:11
6.93,0.0,09:37:45
6.93,0.0,09:38:18
6.93,0.0,09:38:52
6.93,0.0,09:39:25
6.93,0.0,09:39:59
6.93,0.0,09:40:32
6.93,0.0,09:41:06
6.93,0.0,09:41:39
6.93,0.0,09:42:13
6.93,0.0,09:42:46
6.91,-0.28860029,09:43:20
6.91,0.0,09:43:53
6.91,0.0,09:44:27
6.91,0.0,09:45:00
6.91,0.0,09:45:33
6.91,0.0,09:46:06
6.91,0.0,09:46:39
6.91,0.0,09:47:12
6.91,0.0,09:47:46
6.91,0.0,09:48:19
6.91,0.0,09:48:52
6.91,0.0,09:49:25
6.9,-0.1447178,09:49:59
6.9,0.0,09:50:32
6.9,0.0,09:51:06
6.9,0.0,09:51:39
6.9,0.0,09:52:12
6.9,0.0,09:52:46
6.9,0.0,09:53:19
6.9,0.0,09:53:52
6.9,0.0,09:54:26
6.9,0.0,09:54:59
6.9,0.0,09:55:33
6.9,0.0,09:56:06
6.9,0.0,09:56:40
6.9,0.0,09:57:13
6.9,0.0,09:57:47
6.9,0.0,09:58:20
6.9,0.0,09:58:53
6.95,0.72463768,09:59:27
6.95,0.0,10:00:00
6.95,0.0,10:00:34
6.95,0.0,10:01:07
6.95,0.0,10:01:41
6.95,0.0,10:02:14
6.95,0.0,10:02:47
6.95,0.0,10:03:21
6.95,0.0,10:03:55
6.95,0.0,10:04:28
6.95,0.0,10:05:02
6.95,0.0,10:05:36
6.95,0.0,10:06:09
6.95,0.0,10:06:42
6.95,0.0,10:07:16
6.98,0.43165468,10:07:49
6.98,0.0,10:08:22
6.98,0.0,10:08:56
6.98,0.0,10:09:29
6.98,0.0,10:10:03
6.98,0.0,10:10:36
6.98,0.0,10:11:10
6.98,0.0,10:11:45
6.98,0.0,10:12:18
6.98,0.0,10:12:51
6.98,0.0,10:13:24
6.98,0.0,10:13:58
6.98,0.0,10:14:32
6.98,0.0,10:15:06
6.98,0.0,10:15:38
6.98,0.0,10:16:11
6.98,0.0,10:16:45
6.98,0.0,10:17:18
6.98,0.0,10:17:52
6.98,0.0,10:18:25
6.98,0.0,10:18:58
6.98,0.0,10:19:32
6.89,-1.28939828,10:20:05
6.89,0.0,10:20:38
6.89,0.0,10:21:11
6.89,0.0,10:21:45
6.89,0.0,10:22:18
6.89,0.0,10:22:51
6.89,0.0,10:23:25
6.89,0.0,10:23:57
6.89,0.0,10:24:31
6.89,0.0,10:25:04
6.89,0.0,10:25:38
6.89,0.0,10:26:10
6.89,0.0,10:26:43
6.89,0.0,10:27:17
6.89,0.0,10:27:51
6.89,0.0,10:28:24
6.89,0.0,10:28:59
6.89,0.0,10:29:32
6.89,0.0,10:30:05
6.98,1.30624093,10:30:39
6.98,0.0,10:31:13
6.98,0.0,10:31:46
6.98,0.0,10:32:19
6.98,0.0,10:32:53
6.98,0.0,10:33:26
6.98,0.0,10:33:59
6.98,0.0,10:34:33
6.98,0.0,10:35:06
6.98,0.0,10:35:39
6.98,0.0,10:36:12
6.98,0.0,10:36:46
6.92,-0.85959885,10:37:20
6.92,0.0,10:37:53
6.92,0.0,10:38:27
6.92,0.0,10:38:59
6.92,0.0,10:39:33
6.92,0.0,10:40:06
6.92,0.0,10:40:40
6.92,0.0,10:41:13
6.92,0.0,10:41:47
6.92,0.0,10:42:20
6.92,0.0,10:42:53
6.92,0.0,10:43:26
6.92,0.0,10:44:00
6.92,0.0,10:44:33
6.92,0.0,10:45:06
6.92,0.0,10:45:39
6.92,0.0,10:46:12
6.92,0.0,10:46:46
6.92,0.0,10:47:20
6.92,0.0,10:47:53
6.92,0.0,10:48:26
6.98,0.86705202,10:48:59
6.98,0.0,10:49:33
6.98,0.0,10:50:07
6.98,0.0,10:50:40
6.98,0.0,10:51:13
6.98,0.0,10:51:47
6.98,0.0,10:52:20
6.98,0.0,10:52:53
6.98,0.0,10:53:27
6.97,-0.14326648,10:54:01
6.97,0.0,10:54:34
6.97,0.0,10:55:07
6.97,0.0,10:55:40
6.97,0.0,10:56:14
6.97,0.0,10:56:47
6.97,0.0,10:57:21
6.97,0.0,10:57:55
6.97,0.0,10:58:27
6.97,0.0,10:59:00
6.97,0.0,10:59:34
6.97,0.0,11:00:07
6.97,0.0,11:00:41
6.97,0.0,11:01:15
6.97,0.0,11:01:48
6.97,0.0,11:02:22
6.97,0.0,11:02:55
6.97,0.0,11:03:29
6.97,0.0,11:04:03
6.97,0.0,11:04:36
6.97,0.0,11:05:10
6.97,0.0,11:05:43
6.97,0.0,11:06:17
6.93,-0.57388809,11:06:51
6.93,0.0,11:07:24
6.97,0.57720058,11:07:57
6.97,0.0,11:08:30
6.97,0.0,11:09:04
6.97,0.0,11:09:37
6.97,0.0,11:10:10
6.97,0.0,11:10:44
6.87,-1.43472023,11:11:18
6.87,0.0,11:11:51
6.87,0.0,11:12:24
6.87,0.0,11:12:57
6.87,0.0,11:13:31
6.87,0.0,11:14:05
6.87,0.0,11:14:38
6.87,0.0,11:15:12
6.87,0.0,11:15:45
6.87,0.0,11:16:19
6.87,0.0,11:16:52
6.87,0.0,11:17:26
6.87,0.0,11:17:59
6.87,0.0,11:18:32
6.87,0.0,11:19:06
6.87,0.0,11:19:39
6.87,0.0,11:20:12
6.87,0.0,11:20:46
6.87,0.0,11:21:19
6.87,0.0,11:21:53
6.87,0.0,11:22:26
6.87,0.0,11:23:00
6.87,0.0,11:23:33
6.87,0.0,11:24:07
6.87,0.0,11:24:40
6.87,0.0,11:25:14
6.87,0.0,11:25:47
6.87,0.0,11:26:20
6.87,0.0,11:26:54
6.87,0.0,11:27:27
6.87,0.0,11:28:00
6.91,0.58224163,11:28:33
6.91,0.0,11:29:07
6.98,1.0130246,11:29:41
6.98,0.0,11:30:14
6.98,0.0,11:31:24
6.98,0.0,11:31:58
6.98,0.0,11:32:31
6.98,0.0,11:33:05
6.98,0.0,11:33:38
6.98,0.0,11:34:11
6.98,0.0,11:34:44
6.98,0.0,11:35:18
6.98,0.0,11:35:51
6.98,0.0,11:36:24
6.98,0.0,11:36:57
6.98,0.0,11:37:30
6.98,0.0,11:38:04
6.98,0.0,11:38:38
6.98,0.0,11:39:11
6.98,0.0,11:39:45
6.98,0.0,11:40:17
6.98,0.0,11:40:51
6.98,0.0,11:41:24
6.98,0.0,11:41:58
6.98,0.0,11:42:32
6.98,0.0,11:43:05
6.98,0.0,11:43:38
6.99,0.14326648,11:44:12
6.99,0.0,11:44:46
6.99,0.0,11:45:19
6.99,0.0,11:45:53
6.99,0.0,11:46:26
6.99,0.0,11:47:00
6.99,0.0,11:47:33
6.99,0.0,11:48:06
6.99,0.0,11:48:40
6.99,0.0,11:49:13
6.99,0.0,11:49:47
6.99,0.0,11:50:20
6.99,0.0,11:50:53
6.99,0.0,11:51:26
6.99,0.0,11:52:00
6.93,-0.8583691,11:52:33
6.93,0.0,11:53:06
6.93,0.0,11:53:39
6.93,0.0,11:54:12
6.93,0.0,11:54:46
6.93,0.0,11:55:19
6.93,0.0,11:55:52
6.93,0.0,11:56:25
6.93,0.0,11:56:58
6.96,0.43290043,11:57:32
6.97,0.14367816,11:58:05
6.97,0.0,11:58:38
6.97,0.0,11:59:12
6.97,0.0,11:59:45
6.97,0.0,12:00:18
6.97,0.0,12:00:52
6.97,0.0,12:01:25
6.97,0.0,12:01:58
6.97,0.0,12:02:32
6.99,0.28694405,12:03:05
6.99,0.0,12:03:38
6.99,0.0,12:04:11
6.99,0.0,12:04:45
6.99,0.0,12:05:18
6.99,0.0,12:05:51
6.99,0.0,12:06:25
6.99,0.0,12:06:58
6.99,0.0,12:07:32
6.99,0.0,12:08:05
6.99,0.0,12:08:39
6.99,0.0,12:09:12
6.99,0.0,12:09:45
6.99,0.0,12:10:19
6.99,0.0,12:10:52
6.99,0.0,12:11:26
6.99,0.0,12:11:59
6.99,0.0,12:12:33
6.99,0.0,12:13:07
6.99,0.0,12:13:40
6.99,0.0,12:14:13
6.99,0.0,12:14:47
6.99,0.0,12:15:20
6.99,0.0,12:15:54
6.99,0.0,12:16:28
6.99,0.0,12:17:01
6.99,0.0,12:17:35
6.99,0.0,12:18:09
6.99,0.0,12:18:42
6.99,0.0,12:19:16
6.99,0.0,12:19:49
6.99,0.0,12:20:23
6.99,0.0,12:20:57
6.99,0.0,12:21:30
6.99,0.0,12:22:03
6.99,0.0,12:22:37
6.99,0.0,12:23:10
6.99,0.0,12:23:44
6.99,0.0,12:24:17
6.92,-1.00143062,12:24:51
6.92,0.0,12:25:24
6.92,0.0,12:25:57
6.92,0.0,12:26:31
6.92,0.0,12:27:04
6.92,0.0,12:27:38
6.92,0.0,12:28:11
6.92,0.0,12:28:44
6.92,0.0,12:29:18
6.92,0.0,12:29:51
6.92,0.0,12:30:25
6.92,0.0,12:30:58
6.92,0.0,12:31:31
6.92,0.0,12:32:05
6.92,0.0,12:32:38
6.92,0.0,12:33:12
6.92,0.0,12:33:46
6.92,0.0,12:34:19
6.92,0.0,12:34:52
6.92,0.0,12:35:25
6.99,1.01156069,12:35:58
6.98,-0.14306152,12:36:31
6.98,0.0,12:37:05
6.99,0.14326648,12:37:39
7.0,0.14306152,12:38:12
7.0,0.0,12:38:45
7.0,0.0,12:39:18
7.0,0.0,12:39:51
7.0,0.0,12:40:25
7.0,0.0,12:40:59
7.0,0.0,12:41:32
7.0,0.0,12:42:05
7.0,0.0,12:42:38
7.0,0.0,12:43:12
7.0,0.0,12:43:46
7.0,0.0,12:44:19
7.0,0.0,12:44:52
7.0,0.0,12:45:25
7.0,0.0,12:45:58
7.0,0.0,12:46:31
7.0,0.0,12:47:04
7.0,0.0,12:47:38
7.0,0.0,12:48:11
7.0,0.0,12:48:44
7.0,0.0,12:49:17
7.0,0.0,12:49:51
7.0,0.0,12:50:24
7.0,0.0,12:50:57
7.0,0.0,12:51:31
6.99,-0.14285714,12:52:04
6.99,0.0,12:52:37
6.99,0.0,12:53:10
6.99,0.0,12:53:44
6.99,0.0,12:54:18
6.99,0.0,12:54:51
6.99,0.0,12:55:24
6.99,0.0,12:55:57
6.99,0.0,12:56:31
6.99,0.0,12:57:04
6.99,0.0,12:57:38
6.99,0.0,12:58:11
6.99,0.0,12:58:44
6.99,0.0,12:59:17
6.99,0.0,12:59:50
6.99,0.0,13:00:24
6.99,0.0,13:00:58
6.99,0.0,13:01:31
6.99,0.0,13:02:05
6.99,0.0,13:02:38
6.99,0.0,13:03:12
6.99,0.0,13:03:46
6.99,0.0,13:04:20
6.99,0.0,13:04:53
6.99,0.0,13:05:26
6.99,0.0,13:05:59
6.99,0.0,13:06:32
7.0,0.14306152,13:07:06
7.0,0.0,13:07:39
6.99,-0.14285714,13:08:12
6.99,0.0,13:08:46
6.99,0.0,13:09:20
6.99,0.0,13:09:53
6.99,0.0,13:10:26
6.99,0.0,13:11:00
6.99,0.0,13:11:33
6.99,0.0,13:12:06
6.92,-1.00143062,13:12:39
6.92,0.0,13:13:13
6.92,0.0,13:13:47
6.92,0.0,13:14:20
6.92,0.0,13:14:53
6.92,0.0,13:15:27
7.0,1.15606936,13:16:00
7.0,0.0,13:16:33
7.0,0.0,13:17:07
7.0,0.0,13:17:41
7.0,0.0,13:18:14
7.0,0.0,13:18:47
7.0,0.0,13:19:20
7.0,0.0,13:19:53
7.0,0.0,13:20:27
7.0,0.0,13:21:00
7.0,0.0,13:21:34
7.0,0.0,13:22:07
7.0,0.0,13:22:41
6.93,-1.0,13:23:14
7.0,1.01010101,13:23:48
7.0,0.0,13:24:21
7.05,0.71428571,13:24:54
7.05,0.0,13:25:28
7.05,0.0,13:26:01
7.05,0.0,13:26:35
7.05,0.0,13:27:08
7.05,0.0,13:27:41
7.05,0.0,13:28:15
7.05,0.0,13:28:48
7.1,0.70921986,13:29:22
7.1,0.0,13:29:55
7.1,0.0,13:30:29
7.09,-0.14084507,13:31:02
7.09,0.0,13:31:36
7.09,0.0,13:32:09
7.11,0.28208745,13:32:42
7.11,0.0,13:33:16
7.11,0.0,13:33:49
7.11,0.0,13:34:22
7.11,0.0,13:34:55
7.11,0.0,13:35:29
7.11,0.0,13:36:03
7.14,0.42194093,13:36:36
7.14,0.0,13:37:09
7.02,-1.68067227,13:37:49
7.02,0.0,13:38:22
7.14,1.70940171,13:38:56
7.15,0.14005602,13:39:29
7.15,0.0,13:40:03
7.15,0.0,13:40:36
7.17,0.27972028,13:41:09
7.17,0.0,13:41:42
7.18,0.13947001,13:42:16
7.18,0.0,13:42:49
7.18,0.0,13:43:23
7.18,0.0,13:43:56
7.18,0.0,13:45:07
7.09,-1.25348189,13:45:40
7.09,0.0,13:46:13
7.09,0.0,13:46:46
7.09,0.0,13:47:19
7.09,0.0,13:47:53
7.09,0.0,13:48:26
7.09,0.0,13:49:00
7.09,0.0,13:49:33
7.19,1.41043724,13:50:06
7.2,0.13908206,13:50:40
7.2,0.0,13:51:13
7.2,0.0,13:51:46
7.1,-1.38888889,13:52:20
7.1,0.0,13:52:53
7.1,0.0,13:53:26
7.1,0.0,13:53:59
7.2,1.4084507,13:54:33
7.2,0.0,13:55:06
7.2,0.0,13:55:40
7.09,-1.52777778,13:56:12
7.09,0.0,13:56:46
7.09,0.0,13:57:19
7.09,0.0,13:57:52
7.09,0.0,13:58:26
7.09,0.0,13:58:59
7.09,0.0,13:59:32
7.09,0.0,14:00:05
7.09,0.0,14:00:39
7.2,1.55148096,14:01:12
7.21,0.13888889,14:01:46
7.21,0.0,14:02:19
7.22,0.13869626,14:02:52
7.22,0.0,14:03:25
7.11,-1.52354571,14:03:58
7.11,0.0,14:04:31
7.11,0.0,14:05:04
7.11,0.0,14:05:37
7.11,0.0,14:06:10
7.11,0.0,14:06:43
7.11,0.0,14:07:16
7.11,0.0,14:07:49
7.11,0.0,14:08:23
7.11,0.0,14:08:55
7.11,0.0,14:09:28
7.11,0.0,14:10:01
7.11,0.0,14:10:34
7.11,0.0,14:11:06
7.22,1.54711674,14:11:39
7.22,0.0,14:12:12
7.22,0.0,14:12:45
7.02,-2.7700831,14:13:18
7.02,0.0,14:13:51
7.02,0.0,14:14:24
7.02,0.0,14:14:56
7.02,0.0,14:15:29
7.02,0.0,14:16:02
7.02,0.0,14:16:35
7.02,0.0,14:17:08
7.02,0.0,14:17:41
7.02,0.0,14:18:14
7.02,0.0,14:18:47
7.02,0.0,14:19:19
7.02,0.0,14:19:53
7.02,0.0,14:20:26
7.1,1.13960114,14:20:58
7.1,0.0,14:21:31
7.1,0.0,14:22:04
7.1,0.0,14:22:37
7.22,1.69014085,14:23:09
7.22,0.0,14:23:43
7.22,0.0,14:24:16
7.22,0.0,14:24:49
7.22,0.0,14:25:21
7.22,0.0,14:25:54
7.12,-1.38504155,14:26:27
7.12,0.0,14:27:00
7.12,0.0,14:27:33
7.12,0.0,14:28:07
7.12,0.0,14:28:40
7.12,0.0,14:29:13
7.12,0.0,14:29:46
7.12,0.0,14:30:19
7.22,1.40449438,14:30:51
7.22,0.0,14:31:25
7.22,0.0,14:31:58
7.2,-0.27700831,14:32:32
7.2,0.0,14:33:04
7.2,0.0,14:33:37
7.2,0.0,14:34:10
7.25,0.69444444,14:34:43
7.24,-0.13793103,14:35:16
7.24,0.0,14:35:49
7.24,0.0,14:36:22
7.24,0.0,14:36:54
7.24,0.0,14:37:27
7.24,0.0,14:38:00
7.24,0.0,14:38:33
7.24,0.0,14:39:06
7.24,0.0,14:39:39
7.24,0.0,14:40:13
7.24,0.0,14:40:46
7.24,0.0,14:41:19
7.24,0.0,14:41:51
7.24,0.0,14:42:24
7.24,0.0,14:42:58
7.24,0.0,14:43:31
7.24,0.0,14:44:04
7.24,0.0,14:44:37
7.24,0.0,14:45:10
7.24,0.0,14:45:43
7.26,0.27624309,14:46:16
7.26,0.0,14:46:49
7.29,0.41322314,14:47:23
7.28,-0.13717421,14:47:55
7.28,0.0,14:48:28
7.28,0.0,14:49:01
7.28,0.0,14:49:34
7.28,0.0,14:50:07
7.28,0.0,14:50:40
7.28,0.0,14:51:14
7.28,0.0,14:51:47
7.28,0.0,14:52:20
7.27,-0.13736264,14:52:53
7.27,0.0,14:53:27
7.29,0.27510316,14:54:00
7.29,0.0,14:54:33
7.13,-2.19478738,14:55:09
7.13,0.0,14:55:43
7.3,2.38429173,14:56:16
7.3,0.0,14:56:49
7.3,0.0,14:57:22
7.3,0.0,14:57:55
7.3,0.0,14:58:27
7.3,0.0,14:59:00
7.3,0.0,14:59:33
7.3,0.0,15:00:07
7.3,0.0,15:00:40
7.3,0.0,15:01:13
7.3,0.0,15:01:47
7.3,0.0,15:02:20
7.22,-1.09589041,15:02:52
7.22,0.0,15:03:26
7.3,1.10803324,15:03:59
7.3,0.0,15:04:31
7.3,0.0,15:05:06
7.16,-1.91780822,15:05:39
7.16,0.0,15:06:12
7.16,0.0,15:06:45
7.16,0.0,15:07:19
7.28,1.67597765,15:07:51
7.28,0.0,15:08:24
7.28,0.0,15:08:57
7.28,0.0,15:09:30
7.28,0.0,15:10:03
7.28,0.0,15:10:36
7.28,0.0,15:11:10
7.17,-1.51098901,15:11:43
7.17,0.0,15:12:16
7.17,0.0,15:12:49
7.28,1.53417015,15:13:22
7.28,0.0,15:13:55
7.28,0.0,15:14:29
7.28,0.0,15:15:02
7.27,-0.13736264,15:15:35
7.27,0.0,15:16:08
7.19,-1.10041265,15:16:41
7.19,0.0,15:17:15
7.19,0.0,15:17:48
7.3,1.52990264,15:18:21
7.3,0.0,15:18:54
7.3,0.0,15:19:26
7.3,0.0,15:19:59
7.3,0.0,15:20:32
7.3,0.0,15:21:05
7.28,-0.2739726,15:21:38
7.19,-1.23626374,15:22:12
7.19,0.0,15:22:45
7.19,0.0,15:23:18
7.19,0.0,15:23:50
7.19,0.0,15:24:23
7.2,0.13908206,15:24:56
7.2,0.0,15:25:30
7.2,0.0,15:26:03
7.2,0.0,15:26:36
7.2,0.0,15:27:09
7.2,0.0,15:27:42
7.2,0.0,15:28:15
7.2,0.0,15:28:48
7.2,0.0,15:29:22
7.2,0.0,15:29:54
7.2,0.0,15:30:27
7.2,0.0,15:31:00
7.2,0.0,15:31:33
7.2,0.0,15:32:06
7.2,0.0,15:32:39
7.2,0.0,15:33:13
7.2,0.0,15:33:46
7.2,0.0,15:34:19
7.2,0.0,15:34:52
7.2,0.0,15:35:25
7.2,0.0,15:35:58
7.2,0.0,15:36:32
7.2,0.0,15:37:05
7.2,0.0,15:37:38
7.2,0.0,15:38:11
7.24,0.55555556,15:38:44
7.21,-0.41436464,15:39:17
7.24,0.41608877,15:39:51
7.2,-0.55248619,15:40:24
7.24,0.55555556,15:40:57
7.24,0.0,15:41:30
7.24,0.0,15:42:03
7.24,0.0,15:42:36
7.21,-0.41436464,15:43:09
7.27,0.83217753,15:43:43
7.27,0.0,15:44:16
7.27,0.0,15:44:49
7.27,0.0,15:45:22
7.27,0.0,15:45:54
7.27,0.0,15:46:28
7.27,0.0,15:47:01
7.27,0.0,15:47:35
7.27,0.0,15:48:08
7.27,0.0,15:48:41
7.27,0.0,15:49:14
7.27,0.0,15:49:47
7.27,0.0,15:50:20
7.21,-0.82530949,15:50:54
7.21,0.0,15:51:27
7.21,0.0,15:52:00
7.21,0.0,15:52:33
7.21,0.0,15:53:06
7.21,0.0,15:53:39
7.21,0.0,15:54:13
7.21,0.0,15:54:46
7.21,0.0,15:55:19
7.21,0.0,15:55:52
7.2,-0.13869626,15:56:25
7.2,0.0,15:57:40
7.2,0.0,15:58:13
7.2,0.0,15:58:46
7.26,0.83333333,15:59:19
7.27,0.13774105,15:59:53
7.27,0.0,16:00:26
7.27,0.0,16:00:59
7.27,0.0,16:01:32
7.27,0.0,16:02:05
7.27,0.0,16:02:38
7.27,0.0,16:03:12
7.27,0.0,16:03:45
7.27,0.0,16:04:18
7.27,0.0,16:04:51
7.27,0.0,16:05:23
7.27,0.0,16:05:56
7.27,0.0,16:06:29
7.27,0.0,16:07:03
7.27,0.0,16:07:36
7.27,0.0,16:08:09
7.27,0.0,16:08:42
7.27,0.0,16:09:15
7.27,0.0,16:09:48
7.27,0.0,16:10:21
7.27,0.0,16:10:55
7.27,0.0,16:11:27
7.27,0.0,16:12:00
7.27,0.0,16:12:33
7.27,0.0,16:13:06
7.27,0.0,16:13:39
7.27,0.0,16:14:12
7.27,0.0,16:14:45
7.27,0.0,16:15:18
7.27,0.0,16:15:51
7.27,0.0,16:16:24
7.27,0.0,16:16:57
7.27,0.0,16:17:30
7.27,0.0,16:18:03
7.27,0.0,16:18:36
7.27,0.0,16:19:09
7.27,0.0,16:19:42
7.27,0.0,16:20:14
7.26,-0.13755158,16:20:48
7.26,0.0,16:21:21
7.26,0.0,16:21:53
7.26,0.0,16:22:27
7.26,0.0,16:22:59
7.26,0.0,16:23:33
7.26,0.0,16:24:05
7.26,0.0,16:24:38
7.26,0.0,16:25:11
7.26,0.0,16:25:44
7.26,0.0,16:26:18
7.26,0.0,16:26:50
7.26,0.0,16:27:23
7.26,0.0,16:27:56
7.26,0.0,16:28:29
7.26,0.0,16:29:02
7.26,0.0,16:29:35
7.26,0.0,16:30:08
7.2,-0.82644628,16:30:41
7.2,0.0,16:31:14
7.2,0.0,16:31:46
7.2,0.0,16:32:19
7.2,0.0,16:32:52
7.2,0.0,16:33:25
7.2,0.0,16:33:58
7.2,0.0,16:34:31
7.2,0.0,16:35:04
7.2,0.0,16:35:36
7.2,0.0,16:36:10
7.25,0.69444444,16:36:42
7.25,0.0,16:37:15
7.24,-0.13793103,16:37:48
7.24,0.0,16:38:22
7.24,0.0,16:38:55
7.24,0.0,16:39:28
7.24,0.0,16:40:01
7.24,0.0,16:40:34
7.24,0.0,16:41:07
7.24,0.0,16:41:41
7.24,0.0,16:42:14
7.2,-0.55248619,16:42:47
7.2,0.0,16:43:21
7.2,0.0,16:43:53
7.2,0.0,16:44:26
7.2,0.0,16:45:00
7.2,0.0,16:45:34
7.2,0.0,16:46:06
7.2,0.0,16:46:40
7.2,0.0,16:47:13
7.24,0.55555556,16:47:47
7.24,0.0,16:48:20
7.24,0.0,16:48:53
7.24,0.0,16:49:26
7.24,0.0,16:49:59
7.24,0.0,16:50:32
7.24,0.0,16:51:05
7.24,0.0,16:51:38
7.24,0.0,16:52:11
7.24,0.0,16:52:44
7.24,0.0,16:53:17
7.24,0.0,16:53:51
7.24,0.0,16:54:24
7.24,0.0,16:54:57
7.24,0.0,16:55:31
7.24,0.0,16:56:04
7.24,0.0,16:56:37
7.24,0.0,16:57:11
7.24,0.0,16:57:44
7.2,-0.55248619,16:58:17
7.2,0.0,16:58:50
7.2,0.0,16:59:23
7.2,0.0,16:59:55
7.2,0.0,17:00:28
7.2,0.0,17:01:02
7.2,0.0,17:01:35
7.2,0.0,17:02:08
7.2,0.0,17:02:41
7.2,0.0,17:03:14
7.2,0.0,17:03:48
7.2,0.0,17:04:21
7.2,0.0,17:04:54
7.2,0.0,17:05:27
7.2,0.0,17:06:00
7.2,0.0,17:06:33
7.2,0.0,17:07:06
7.2,0.0,17:07:39
7.2,0.0,17:08:12
7.2,0.0,17:08:45
7.2,0.0,17:09:19
7.24,0.55555556,17:09:52
7.24,0.0,17:10:25
7.24,0.0,17:10:58
7.24,0.0,17:11:31
7.24,0.0,17:12:04
7.24,0.0,17:12:37
7.24,0.0,17:13:10
7.24,0.0,17:13:43
7.24,0.0,17:14:16
7.24,0.0,17:14:50
7.24,0.0,17:15:23
7.19,-0.69060773,17:15:56
7.13,-0.83449235,17:16:30
7.14,0.14025245,17:17:03
7.24,1.40056022,17:17:36
7.24,0.0,17:18:09
7.24,0.0,17:18:43
7.24,0.0,17:19:16
7.24,0.0,17:19:49
7.24,0.0,17:20:23
7.24,0.0,17:20:56
7.24,0.0,17:21:29
7.24,0.0,17:22:01
7.23,-0.13812155,17:22:36
7.23,0.0,17:23:09
7.23,0.0,17:23:43
7.23,0.0,17:24:15
7.23,0.0,17:24:49
7.14,-1.24481328,17:25:21
7.14,0.0,17:25:54
7.14,0.0,17:26:27
7.14,0.0,17:27:00
7.14,0.0,17:27:33
7.14,0.0,17:28:06
7.14,0.0,17:28:39
7.14,0.0,17:29:12
7.14,0.0,17:29:45
7.14,0.0,17:30:18
7.14,0.0,17:30:52
7.24,1.40056022,17:31:24
7.24,0.0,17:31:57
7.24,0.0,17:32:30
7.24,0.0,17:33:03
7.24,0.0,17:33:37
7.24,0.0,17:34:10
7.24,0.0,17:34:43
7.24,0.0,17:35:16
7.24,0.0,17:35:49
7.24,0.0,17:36:22
7.24,0.0,17:36:55
7.24,0.0,17:37:28
7.24,0.0,17:38:01
7.24,0.0,17:38:34
7.24,0.0,17:39:07
7.24,0.0,17:39:40
7.24,0.0,17:40:13
7.24,0.0,17:40:46
7.24,0.0,17:41:19
7.24,0.0,17:41:52
7.24,0.0,17:42:25
7.24,0.0,17:42:58
7.24,0.0,17:43:31
7.24,0.0,17:44:04
7.24,0.0,17:44:37
7.08,-2.20994475,17:45:10
7.08,0.0,17:45:44
7.08,0.0,17:46:17
7.08,0.0,17:46:50
7.08,0.0,17:47:22
7.08,0.0,17:47:55
7.08,0.0,17:48:28
7.08,0.0,17:49:01
7.08,0.0,17:49:35
7.08,0.0,17:50:08
7.08,0.0,17:50:41
7.08,0.0,17:51:14
7.08,0.0,17:51:47
7.08,0.0,17:52:20
7.08,0.0,17:52:53
7.08,0.0,17:53:26
7.08,0.0,17:53:59
7.08,0.0,17:54:33
7.08,0.0,17:55:06
7.08,0.0,17:55:39
7.08,0.0,17:56:11
7.08,0.0,17:56:45
7.08,0.0,17:57:18
7.08,0.0,17:57:52
7.08,0.0,17:58:24
7.08,0.0,17:58:58
7.08,0.0,17:59:32
7.08,0.0,18:00:05
7.23,2.11864407,18:00:39
7.23,0.0,18:01:12
7.23,0.0,18:01:46
7.23,0.0,18:02:19
7.23,0.0,18:02:53
7.1,-1.79806362,18:03:26
7.1,0.0,18:04:00
7.1,0.0,18:04:34
7.1,0.0,18:05:07
7.1,0.0,18:05:40
7.1,0.0,18:06:14
7.1,0.0,18:06:47
7.1,0.0,18:07:21
7.1,0.0,18:07:54
7.1,0.0,18:08:28
7.1,0.0,18:09:01
7.1,0.0,18:10:12
7.1,0.0,18:10:45
7.1,0.0,18:11:19
7.1,0.0,18:11:52
7.1,0.0,18:12:26
7.1,0.0,18:12:59
7.1,0.0,18:13:33
7.1,0.0,18:14:06
7.1,0.0,18:14:40
7.1,0.0,18:15:13
7.11,0.14084507,18:15:47
7.11,0.0,18:16:20
7.11,0.0,18:16:54
7.11,0.0,18:17:28
7.11,0.0,18:18:01
7.11,0.0,18:18:35
7.11,0.0,18:19:08
7.11,0.0,18:19:42
7.11,0.0,18:20:16
7.11,0.0,18:20:49
7.11,0.0,18:21:23
7.11,0.0,18:21:56
7.11,0.0,18:22:29
7.06,-0.70323488,18:23:03
7.06,0.0,18:23:36
7.03,-0.42492918,18:24:10
7.03,0.0,18:24:43
6.95,-1.13798009,18:25:16
6.95,0.0,18:25:49
6.91,-0.57553957,18:26:23
6.91,0.0,18:26:56
6.91,0.0,18:27:29
6.9,-0.1447178,18:28:02
6.9,0.0,18:28:36
6.9,0.0,18:29:09
6.9,0.0,18:29:42
6.9,0.0,18:30:16
6.87,-0.43478261,18:30:49
6.85,-0.29112082,18:31:22
6.82,-0.4379562,18:31:55
6.8,-0.29325513,18:32:29
6.8,0.0,18:33:02
6.8,0.0,18:33:36
6.8,0.0,18:34:09
6.79,-0.14705882,18:34:42
6.79,0.0,18:35:16
6.79,0.0,18:35:49
6.79,0.0,18:36:23
6.79,0.0,18:36:56
6.79,0.0,18:37:30
6.79,0.0,18:38:03
6.79,0.0,18:38:37
6.79,0.0,18:39:11
6.79,0.0,18:39:44
6.79,0.0,18:40:18
6.89,1.47275405,18:40:51
6.89,0.0,18:41:25
6.9,0.14513788,18:41:59
6.9,0.0,18:42:32
6.9,0.0,18:43:06
6.9,0.0,18:43:39
6.9,0.0,18:44:13
6.9,0.0,18:44:46
6.9,0.0,18:45:20
6.94,0.57971014,18:45:53
6.94,0.0,18:46:26
6.94,0.0,18:47:00
6.94,0.0,18:47:33
6.94,0.0,18:48:07
6.94,0.0,18:48:40
6.94,0.0,18:49:13
6.94,0.0,18:49:47
6.94,0.0,18:50:20
6.94,0.0,18:50:54
6.94,0.0,18:51:27
6.94,0.0,18:52:01
6.94,0.0,18:52:34
6.94,0.0,18:53:08
6.94,0.0,18:53:42
6.94,0.0,18:54:15
6.94,0.0,18:54:49
6.94,0.0,18:55:22
6.94,0.0,18:55:55
6.94,0.0,18:56:28
6.94,0.0,18:57:02
6.94,0.0,18:57:35
6.94,0.0,18:58:08
6.94,0.0,18:58:41
6.94,0.0,18:59:14
6.94,0.0,18:59:47
6.85,-1.29682997,19:00:21
6.78,-1.02189781,19:00:54
6.75,-0.44247788,19:01:26
6.75,0.0,19:02:00
6.71,-0.59259259,19:02:33
6.71,0.0,19:03:06
6.7,-0.1490313,19:03:40
6.66,-0.59701493,19:04:12
6.66,0.0,19:04:46
6.67,0.15015015,19:05:19
6.67,0.0,19:05:52
6.67,0.0,19:06:25
6.67,0.0,19:06:59
6.67,0.0,19:07:33
6.91,3.5982009,19:08:06
6.65,-3.76266281,19:08:40
6.65,0.0,19:09:13
6.65,0.0,19:09:46
6.65,0.0,19:10:19
6.65,0.0,19:10:53
6.65,0.0,19:11:26
6.65,0.0,19:12:00
6.67,0.30075188,19:12:33
6.67,0.0,19:13:06
6.67,0.0,19:13:39
6.75,1.1994003,19:14:13
6.75,0.0,19:14:46
6.75,0.0,19:15:20
6.75,0.0,19:15:53
6.75,0.0,19:16:26
6.75,0.0,19:17:00
6.68,-1.03703704,19:17:34
6.68,0.0,19:18:07
6.68,0.0,19:18:40
6.68,0.0,19:19:13
6.68,0.0,19:19:46
6.68,0.0,19:20:20
6.68,0.0,19:20:54
6.68,0.0,19:21:27
6.68,0.0,19:22:01
6.68,0.0,19:22:34
6.68,0.0,19:23:07
6.68,0.0,19:23:41
6.68,0.0,19:24:14
6.68,0.0,19:24:47
6.68,0.0,19:25:20
6.68,0.0,19:25:53
6.68,0.0,19:26:26
6.68,0.0,19:27:00
6.68,0.0,19:27:33
6.68,0.0,19:28:06
6.68,0.0,19:28:40
6.68,0.0,19:29:13
6.68,0.0,19:29:46
6.68,0.0,19:30:19
6.68,0.0,19:30:52
6.68,0.0,19:31:26
6.68,0.0,19:31:59
6.68,0.0,19:32:32
6.68,0.0,19:33:05
6.66,-0.2994012,19:33:38
6.66,0.0,19:34:12
6.65,-0.15015015,19:34:45
6.65,0.0,19:35:19
6.65,0.0,19:35:52
6.65,0.0,19:36:26
6.82,2.55639098,19:36:59
6.82,0.0,19:37:33
6.82,0.0,19:38:06
6.82,0.0,19:38:40
6.65,-2.49266862,19:39:13
6.65,0.0,19:39:46
6.65,0.0,19:40:20
6.65,0.0,19:40:53
6.64,-0.15037594,19:41:26
6.63,-0.15060241,19:42:00
6.63,0.0,19:42:33
6.63,0.0,19:43:06
6.63,0.0,19:43:40
6.63,0.0,19:44:14
6.63,0.0,19:44:47
6.63,0.0,19:45:21
6.65,0.30165913,19:45:54
6.65,0.0,19:46:27
6.65,0.0,19:47:00
6.65,0.0,19:47:34
6.69,0.60150376,19:48:08
6.82,1.9431988,19:48:40
6.82,0.0,19:49:14
6.65,-2.49266862,19:49:47
6.65,0.0,19:50:21
6.65,0.0,19:50:54
6.65,0.0,19:51:28
6.69,0.60150376,19:52:01
6.69,0.0,19:52:34
6.65,-0.59790732,19:53:07
6.64,-0.15037594,19:53:41
6.66,0.30120482,19:54:14
6.66,0.0,19:54:47
6.66,0.0,19:55:20
6.66,0.0,19:55:53
6.69,0.45045045,19:56:26
6.69,0.0,19:56:59
6.69,0.0,19:57:32
6.65,-0.59790732,19:58:05
6.65,0.0,19:58:39
6.65,0.0,19:59:12
6.65,0.0,19:59:45
6.65,0.0,20:00:18
6.65,0.0,20:00:51
6.65,0.0,20:01:24
6.65,0.0,20:01:58
6.65,0.0,20:02:30
6.65,0.0,20:03:04
6.65,0.0,20:03:37
6.65,0.0,20:04:10
6.65,0.0,20:04:43
6.71,0.90225564,20:05:16
6.71,0.0,20:05:49
6.71,0.0,20:06:22
6.71,0.0,20:06:56
6.71,0.0,20:07:29
6.71,0.0,20:08:02
6.71,0.0,20:08:35
6.71,0.0,20:09:09
6.71,0.0,20:09:41
6.71,0.0,20:10:15
6.71,0.0,20:10:48
6.71,0.0,20:11:20
6.71,0.0,20:11:53
6.71,0.0,20:12:26
6.71,0.0,20:12:59
6.71,0.0,20:13:32
6.71,0.0,20:14:06
6.71,0.0,20:14:39
6.71,0.0,20:15:12
6.71,0.0,20:15:45
6.71,0.0,20:16:19
6.71,0.0,20:16:51
6.71,0.0,20:17:25
6.71,0.0,20:17:58
6.71,0.0,20:18:30
6.71,0.0,20:19:04
6.71,0.0,20:19:37
6.71,0.0,20:20:10
6.71,0.0,20:20:43
6.71,0.0,20:21:17
6.71,0.0,20:21:50
6.79,1.19225037,20:22:23
6.79,0.0,20:23:34
6.79,0.0,20:24:07
6.79,0.0,20:24:39
6.79,0.0,20:25:12
6.79,0.0,20:25:46
6.79,0.0,20:26:18
6.79,0.0,20:26:51
6.79,0.0,20:27:25
6.79,0.0,20:27:58
6.79,0.0,20:28:31
6.79,0.0,20:29:05
6.79,0.0,20:29:38
6.79,0.0,20:30:12
6.79,0.0,20:30:45
6.79,0.0,20:31:18
6.79,0.0,20:31:51
6.79,0.0,20:32:24
6.79,0.0,20:32:58
6.79,0.0,20:33:31
6.79,0.0,20:34:03
6.79,0.0,20:34:36
6.7,-1.32547865,20:35:09
6.7,0.0,20:35:42
6.7,0.0,20:36:15
6.7,0.0,20:36:48
6.7,0.0,20:37:21
6.69,-0.14925373,20:37:54
6.69,0.0,20:38:27
6.69,0.0,20:38:59
6.69,0.0,20:39:32
6.69,0.0,20:40:05
6.69,0.0,20:40:39
6.69,0.0,20:41:12
6.69,0.0,20:41:46
6.69,0.0,20:42:19
6.69,0.0,20:42:52
6.69,0.0,20:43:26
6.69,0.0,20:43:59
6.69,0.0,20:44:33
6.69,0.0,20:45:06
6.69,0.0,20:45:38
6.69,0.0,20:46:11
6.69,0.0,20:46:45
6.69,0.0,20:47:18
6.69,0.0,20:47:51
6.69,0.0,20:48:24
6.7,0.14947683,20:48:57
6.7,0.0,20:49:30
6.7,0.0,20:50:03
6.69,-0.14925373,20:50:37
6.69,0.0,20:51:10
6.82,1.9431988,20:51:43
6.82,0.0,20:52:16
6.82,0.0,20:52:49
6.82,0.0,20:53:22
6.82,0.0,20:53:55
6.82,0.0,20:54:28
6.82,0.0,20:55:01
6.82,0.0,20:55:34
6.82,0.0,20:56:07
6.82,0.0,20:56:40
6.7,-1.75953079,20:57:13
6.72,0.29850746,20:57:47
6.72,0.0,20:58:19
6.72,0.0,20:58:52
6.72,0.0,20:59:26
6.72,0.0,20:59:59
6.72,0.0,21:00:32
6.72,0.0,21:01:05
6.72,0.0,21:01:38
6.72,0.0,21:02:11
6.72,0.0,21:02:44
6.7,-0.29761905,21:03:17
6.82,1.79104478,21:03:50
6.82,0.0,21:04:24
6.82,0.0,21:04:57
6.7,-1.75953079,21:05:30
6.7,0.0,21:06:02
6.7,0.0,21:06:35
6.7,0.0,21:07:08
6.82,1.79104478,21:07:41
6.82,0.0,21:08:13
6.82,0.0,21:08:47
6.82,0.0,21:09:20
6.82,0.0,21:09:53
6.82,0.0,21:10:27
6.82,0.0,21:10:59
6.82,0.0,21:11:33
6.82,0.0,21:12:06
6.82,0.0,21:12:39
6.82,0.0,21:13:12
6.82,0.0,21:13:45
6.82,0.0,21:14:18
6.82,0.0,21:14:50
6.82,0.0,21:15:24
6.81,-0.14662757,21:15:57
6.81,0.0,21:16:30
6.81,0.0,21:17:02
6.81,0.0,21:17:36
6.81,0.0,21:18:09
6.7,-1.61527166,21:18:42
6.7,0.0,21:19:14
6.69,-0.14925373,21:19:48
6.81,1.79372197,21:20:21
6.81,0.0,21:20:54
6.81,0.0,21:21:27
6.69,-1.76211454,21:22:00
6.69,0.0,21:22:34
6.69,0.0,21:23:07
6.69,0.0,21:23:40
6.69,0.0,21:24:13
6.69,0.0,21:24:47
6.69,0.0,21:25:20
6.69,0.0,21:25:52
6.69,0.0,21:26:25
6.69,0.0,21:26:59
6.69,0.0,21:27:32
6.69,0.0,21:28:06
6.69,0.0,21:28:39
6.69,0.0,21:29:11
6.69,0.0,21:29:45
6.69,0.0,21:30:18
6.69,0.0,21:30:51
6.69,0.0,21:31:24
6.69,0.0,21:31:57
6.69,0.0,21:32:30
6.69,0.0,21:33:04
6.69,0.0,21:33:37
6.69,0.0,21:34:11
6.69,0.0,21:34:44
6.69,0.0,21:35:17
6.69,0.0,21:35:50
6.69,0.0,21:36:22
6.69,0.0,21:36:56
6.69,0.0,21:37:29
6.69,0.0,21:38:02
6.69,0.0,21:38:35
6.69,0.0,21:39:08
6.69,0.0,21:39:41
6.69,0.0,21:40:15
6.69,0.0,21:40:48
6.69,0.0,21:41:21
6.69,0.0,21:41:54
6.69,0.0,21:42:27
6.69,0.0,21:43:00
6.69,0.0,21:43:33
6.69,0.0,21:44:06
6.69,0.0,21:44:39
6.72,0.44843049,21:45:12
6.72,0.0,21:45:46
6.72,0.0,21:46:19
6.72,0.0,21:46:52
6.72,0.0,21:47:25
6.72,0.0,21:47:58
6.72,0.0,21:48:31
6.72,0.0,21:49:04
6.72,0.0,21:49:37
6.72,0.0,21:50:10
6.72,0.0,21:50:43
6.72,0.0,21:51:17
6.72,0.0,21:51:50
6.72,0.0,21:52:23
6.72,0.0,21:52:55
6.72,0.0,21:53:29
6.72,0.0,21:54:06
6.72,0.0,21:54:40
6.72,0.0,21:55:13
6.72,0.0,21:55:46
6.72,0.0,21:56:19
6.72,0.0,21:56:52
6.72,0.0,21:57:25
6.72,0.0,21:57:58
6.72,0.0,21:58:31
6.72,0.0,21:59:04
6.82,1.48809524,21:59:37
6.82,0.0,22:00:10
6.82,0.0,22:00:44
6.82,0.0,22:01:18
6.82,0.0,22:01:51
6.82,0.0,22:02:24
6.82,0.0,22:02:58
6.82,0.0,22:03:31
6.82,0.0,22:04:04
6.82,0.0,22:04:37
6.82,0.0,22:05:11
6.82,0.0,22:05:44
6.82,0.0,22:06:17
6.82,0.0,22:06:50
6.82,0.0,22:07:23
6.82,0.0,22:07:56
6.82,0.0,22:08:30
6.82,0.0,22:09:04
6.82,0.0,22:09:37
6.82,0.0,22:10:10
6.82,0.0,22:10:43
6.82,0.0,22:11:16
6.82,0.0,22:11:49
6.82,0.0,22:12:22
6.82,0.0,22:12:55
6.82,0.0,22:13:28
6.82,0.0,22:14:01
6.82,0.0,22:14:34
6.82,0.0,22:15:07
6.82,0.0,22:15:41
6.79,-0.4398827,22:16:14
6.79,0.0,22:16:48
6.79,0.0,22:17:21
6.73,-0.88365243,22:17:54
6.73,0.0,22:18:27
6.73,0.0,22:19:00
6.73,0.0,22:19:34
6.73,0.0,22:20:07
6.73,0.0,22:20:40
6.73,0.0,22:21:12
6.72,-0.14858841,22:21:46
6.72,0.0,22:22:19
6.72,0.0,22:22:52
6.76,0.5952381,22:23:25
6.76,0.0,22:23:58
6.76,0.0,22:24:31
6.7,-0.88757396,22:25:04
6.7,0.0,22:25:37
6.69,-0.14925373,22:26:10
6.69,0.0,22:26:43
6.69,0.0,22:27:16
6.69,0.0,22:27:49
6.69,0.0,22:28:22
6.69,0.0,22:28:55
6.69,0.0,22:29:28
6.69,0.0,22:30:01
6.69,0.0,22:30:35
6.69,0.0,22:31:08
6.69,0.0,22:31:41
6.69,0.0,22:32:14
6.69,0.0,22:32:48
6.69,0.0,22:33:21
6.69,0.0,22:33:54
6.69,0.0,22:34:27
6.69,0.0,22:35:00
6.69,0.0,22:36:09
6.69,0.0,22:36:42
6.69,0.0,22:37:15
6.75,0.89686099,22:37:48
6.75,0.0,22:38:21
6.75,0.0,22:38:54
6.74,-0.14814815,22:39:27
6.74,0.0,22:40:00
6.74,0.0,22:40:32
6.74,0.0,22:41:06
6.74,0.0,22:41:38
6.74,0.0,22:42:11
6.74,0.0,22:42:44
6.74,0.0,22:43:17
6.74,0.0,22:43:50
6.74,0.0,22:44:22
6.74,0.0,22:44:55
6.74,0.0,22:45:28
6.74,0.0,22:46:01
6.74,0.0,22:46:34
6.74,0.0,22:47:07
6.74,0.0,22:47:40
6.74,0.0,22:48:13
6.74,0.0,22:48:46
6.74,0.0,22:49:19
6.74,0.0,22:49:52
6.74,0.0,22:50:25
6.74,0.0,22:50:58
6.74,0.0,22:51:31
6.68,-0.89020772,22:52:04
6.68,0.0,22:52:37
6.68,0.0,22:53:10
6.68,0.0,22:53:43
6.76,1.19760479,22:54:16
6.76,0.0,22:54:49
6.76,0.0,22:55:22
6.76,0.0,22:55:54
6.76,0.0,22:56:27
6.76,0.0,22:57:00
6.76,0.0,22:57:34
6.76,0.0,22:58:07
6.67,-1.33136095,22:58:40
6.63,-0.59970015,22:59:14
6.63,0.0,22:59:47
6.63,0.0,23:00:20
6.63,0.0,23:00:53
6.63,0.0,23:01:26
6.63,0.0,23:01:59
6.63,0.0,23:02:32
6.63,0.0,23:03:04
6.63,0.0,23:03:37
6.63,0.0,23:04:10
6.57,-0.90497738,23:04:43
6.68,1.67427702,23:05:16
6.68,0.0,23:05:48
6.58,-1.49700599,23:06:21
6.58,0.0,23:06:55
6.58,0.0,23:07:28
6.58,0.0,23:08:01
6.58,0.0,23:08:34
6.58,0.0,23:09:06
6.58,0.0,23:09:39
6.58,0.0,23:10:12
6.58,0.0,23:10:46
6.58,0.0,23:11:18
6.58,0.0,23:11:52
6.69,1.67173252,23:12:24
6.69,0.0,23:12:57
6.69,0.0,23:13:30
6.69,0.0,23:14:03
6.69,0.0,23:14:36
6.67,-0.29895366,23:15:08
6.67,0.0,23:15:41
6.67,0.0,23:16:14
6.67,0.0,23:16:48
6.67,0.0,23:17:20
6.68,0.14992504,23:17:53
6.59,-1.34730539,23:18:26
6.59,0.0,23:18:59
6.59,0.0,23:19:32
6.67,1.21396055,23:20:04
6.67,0.0,23:20:37
6.67,0.0,23:21:10
6.69,0.29985007,23:21:43
6.69,0.0,23:22:16
6.69,0.0,23:22:49
6.69,0.0,23:23:22
6.69,0.0,23:23:56
6.69,0.0,23:24:28
6.69,0.0,23:25:01
6.69,0.0,23:25:34
6.69,0.0,23:26:07
6.69,0.0,23:26:40
6.71,0.29895366,23:27:13
6.71,0.0,23:27:46
6.71,0.0,23:28:19
6.71,0.0,23:28:52
6.71,0.0,23:29:25
6.71,0.0,23:29:57
6.71,0.0,23:30:30
6.71,0.0,23:31:03
6.71,0.0,23:31:36
6.71,0.0,23:32:09
6.71,0.0,23:32:42
6.71,0.0,23:33:15
6.71,0.0,23:33:48
6.71,0.0,23:34:21
6.71,0.0,23:34:54
6.71,0.0,23:35:27
6.71,0.0,23:36:01
6.71,0.0,23:36:33
6.71,0.0,23:37:07
6.71,0.0,23:37:40
6.71,0.0,23:38:12
6.71,0.0,23:38:45
6.71,0.0,23:39:19
6.71,0.0,23:39:51
6.65,-0.89418778,23:40:24
6.65,0.0,23:40:58
6.65,0.0,23:41:31
6.65,0.0,23:42:04
