ltc_mxn,Porcentage,Time
2260.2,0.0,17:47:16
2260.2,0.0,17:47:49
2260.2,0.0,17:48:22
2260.2,0.0,17:48:54
2260.2,0.0,17:49:27
2260.2,0.0,17:50:00
2260.2,0.0,17:50:34
2260.2,0.0,17:51:07
2260.2,0.0,17:51:40
2260.2,0.0,17:52:13
2260.2,0.0,17:52:46
2260.2,0.0,17:53:19
2260.2,0.0,17:53:52
2260.2,0.0,17:54:25
2236.19,-1.06229537,17:54:58
2236.19,0.0,17:55:31
2236.19,0.0,17:56:03
2236.19,0.0,17:56:36
2236.19,0.0,17:57:09
2236.19,0.0,17:57:42
2236.19,0.0,17:58:15
2236.19,0.0,17:58:48
2236.19,0.0,17:59:21
2236.19,0.0,17:59:54
2236.19,0.0,18:00:27
2236.19,0.0,18:01:00
2236.19,0.0,18:01:33
2236.19,0.0,18:02:06
2236.19,0.0,18:02:39
2236.19,0.0,18:03:12
2236.19,0.0,18:03:45
2236.19,0.0,18:04:18
2263.4,1.21680179,18:04:51
2263.4,0.0,18:05:24
2263.47,0.00309269,18:05:57
2263.47,0.0,18:06:30
2263.47,0.0,18:07:03
2263.47,0.0,18:07:36
2263.47,0.0,18:08:09
2263.47,0.0,18:08:42
2263.47,0.0,18:09:15
2263.47,0.0,18:09:48
2263.47,0.0,18:10:20
2263.47,0.0,18:10:53
2263.47,0.0,18:11:26
2263.47,0.0,18:11:59
2263.47,0.0,18:12:31
2263.47,0.0,18:13:04
2263.47,0.0,18:13:37
2263.47,0.0,18:14:10
2263.47,0.0,18:14:43
2263.47,0.0,18:15:16
2263.36,-0.00485979,18:15:49
2263.36,0.0,18:16:22
2263.36,0.0,18:16:54
2263.36,0.0,18:17:27
2263.36,0.0,18:18:00
2263.36,0.0,18:18:33
2263.36,0.0,18:19:06
2263.36,0.0,18:19:39
2263.36,0.0,18:20:11
2263.36,0.0,18:20:45
2263.36,0.0,18:21:17
2263.36,0.0,18:21:50
2263.36,0.0,18:22:23
2263.36,0.0,18:22:55
2263.36,0.0,18:23:28
2263.36,0.0,18:24:01
2263.36,0.0,18:24:34
2263.36,0.0,18:25:07
2263.36,0.0,18:25:40
2263.36,0.0,18:26:13
2263.36,0.0,18:26:46
2263.36,0.0,18:27:19
2263.36,0.0,18:27:52
2263.36,0.0,18:28:25
2263.36,0.0,18:28:58
2245.0,-0.81118337,18:29:31
2245.0,0.0,18:30:04
2245.0,0.0,18:30:37
2245.0,0.0,18:31:10
2245.0,0.0,18:31:43
2245.0,0.0,18:32:15
2245.0,0.0,18:32:48
2245.0,0.0,18:33:21
2245.0,0.0,18:33:54
2245.0,0.0,18:34:27
2245.0,0.0,18:35:00
2245.0,0.0,18:35:32
2245.0,0.0,18:36:05
2260.26,0.67973274,18:36:38
2260.26,0.0,18:37:11
2260.26,0.0,18:37:44
2260.26,0.0,18:38:16
2260.26,0.0,18:38:49
2260.26,0.0,18:39:22
2260.26,0.0,18:39:55
2260.26,0.0,18:40:28
2260.26,0.0,18:41:00
2260.26,0.0,18:41:33
2260.26,0.0,18:42:06
2260.26,0.0,18:42:39
2260.26,0.0,18:43:12
2260.26,0.0,18:43:45
2260.26,0.0,18:44:18
2260.26,0.0,18:44:51
2260.26,0.0,18:45:24
2260.26,0.0,18:45:56
2260.26,0.0,18:46:30
2260.26,0.0,18:47:03
2260.26,0.0,18:47:36
2260.26,0.0,18:48:08
2260.26,0.0,18:48:41
2260.26,0.0,18:49:14
2260.26,0.0,18:49:47
2260.26,0.0,18:50:20
2260.26,0.0,18:50:53
2260.26,0.0,18:51:25
2260.26,0.0,18:51:58
2260.26,0.0,18:52:31
2260.26,0.0,18:53:04
2260.26,0.0,18:53:37
2260.26,0.0,18:54:10
2260.26,0.0,18:54:43
2260.26,0.0,18:55:16
2260.26,0.0,18:55:49
2260.26,0.0,18:56:22
2260.26,0.0,18:56:55
2260.25,-0.00044243,18:57:28
2260.25,0.0,18:58:00
2260.25,0.0,18:58:34
2260.25,0.0,18:59:07
2260.25,0.0,18:59:40
2260.25,0.0,19:00:13
2260.25,0.0,19:00:46
2260.25,0.0,19:01:19
2260.25,0.0,19:01:52
2260.25,0.0,19:02:25
2260.25,0.0,19:02:58
2260.25,0.0,19:03:31
2260.25,0.0,19:04:04
2260.25,0.0,19:04:37
2260.25,0.0,19:05:10
2260.25,0.0,19:05:42
2260.25,0.0,19:06:15
2260.25,0.0,19:06:49
2260.25,0.0,19:07:21
2243.0,-0.76318991,19:07:54
2243.0,0.0,19:08:27
2243.0,0.0,19:09:00
2243.0,0.0,19:09:33
2243.0,0.0,19:10:06
2243.0,0.0,19:10:39
2243.0,0.0,19:11:11
2260.24,0.76861346,19:11:45
2260.24,0.0,19:12:17
2260.24,0.0,19:12:50
2260.24,0.0,19:13:23
2260.24,0.0,19:13:56
2260.24,0.0,19:14:29
2260.24,0.0,19:15:02
2260.24,0.0,19:15:35
2260.24,0.0,19:16:08
2260.24,0.0,19:16:41
2260.24,0.0,19:17:14
2260.24,0.0,19:17:48
2260.24,0.0,19:18:21
2260.24,0.0,19:18:53
2260.24,0.0,19:19:26
2260.24,0.0,19:19:59
2257.91,-0.1030864,19:20:32
2257.91,0.0,19:21:05
2257.91,0.0,19:21:39
2257.9,-0.00044289,19:22:11
2257.9,0.0,19:22:45
2257.9,0.0,19:23:18
2257.9,0.0,19:23:50
2257.9,0.0,19:24:23
2257.9,0.0,19:24:56
2257.9,0.0,19:25:29
2257.9,0.0,19:26:02
2257.9,0.0,19:26:35
2257.9,0.0,19:27:07
2257.9,0.0,19:27:40
2257.9,0.0,19:28:13
2257.9,0.0,19:28:46
2257.9,0.0,19:29:19
2257.9,0.0,19:29:53
2257.91,0.00044289,19:30:25
2257.91,0.0,19:30:58
2257.91,0.0,19:31:31
2257.91,0.0,19:32:05
2257.91,0.0,19:32:38
2257.91,0.0,19:33:11
2257.91,0.0,19:33:43
2257.91,0.0,19:34:16
2257.91,0.0,19:34:49
2257.91,0.0,19:35:22
2257.91,0.0,19:35:55
2257.91,0.0,19:36:28
2257.91,0.0,19:37:01
2257.91,0.0,19:37:34
2257.91,0.0,19:38:07
2257.91,0.0,19:38:40
2257.91,0.0,19:39:13
2257.91,0.0,19:39:46
2257.91,0.0,19:40:19
2257.91,0.0,19:40:52
2257.91,0.0,19:41:25
2257.91,0.0,19:41:57
2257.91,0.0,19:42:30
2257.91,0.0,19:43:04
2243.0,-0.66034519,19:43:37
2243.0,0.0,19:44:10
2243.0,0.0,19:44:43
2243.0,0.0,19:45:15
2243.0,0.0,19:45:48
2243.0,0.0,19:46:21
2243.0,0.0,19:46:54
2243.0,0.0,19:47:27
2243.0,0.0,19:47:59
2243.0,0.0,19:48:33
2243.0,0.0,19:49:06
2243.0,0.0,19:49:38
2243.0,0.0,19:50:11
2243.0,0.0,19:50:44
2243.0,0.0,19:51:17
2243.0,0.0,19:51:50
2239.12,-0.17298261,19:52:23
2239.15,0.00133981,19:52:56
2257.89,0.83692473,19:53:29
2257.89,0.0,19:54:02
2257.89,0.0,19:54:34
2257.89,0.0,19:55:07
2257.89,0.0,19:55:40
2257.89,0.0,19:56:13
2257.89,0.0,19:56:46
2257.89,0.0,19:57:19
2257.89,0.0,19:57:52
2257.89,0.0,19:58:25
2257.89,0.0,19:59:01
2257.89,0.0,19:59:34
2257.89,0.0,20:00:07
2257.89,0.0,20:00:40
2257.89,0.0,20:01:12
2240.5,-0.7701881,20:01:46
2240.5,0.0,20:02:19
2240.5,0.0,20:02:52
2240.5,0.0,20:03:24
2240.5,0.0,20:03:57
2240.5,0.0,20:04:30
2240.5,0.0,20:05:03
2240.5,0.0,20:05:36
2240.5,0.0,20:06:09
2240.5,0.0,20:06:42
2240.5,0.0,20:07:15
2240.5,0.0,20:07:48
2240.5,0.0,20:08:21
2240.5,0.0,20:08:54
2240.5,0.0,20:09:27
2240.5,0.0,20:09:59
2240.5,0.0,20:10:33
2240.5,0.0,20:11:06
2240.5,0.0,20:11:39
2240.5,0.0,20:12:11
2240.54,0.00178532,20:12:44
2240.54,0.0,20:13:17
2240.54,0.0,20:13:50
2240.54,0.0,20:14:23
2240.54,0.0,20:14:56
2240.54,0.0,20:15:28
2240.54,0.0,20:16:01
2240.54,0.0,20:16:34
2240.54,0.0,20:17:07
2240.54,0.0,20:17:40
2240.54,0.0,20:18:13
2240.54,0.0,20:18:46
2240.54,0.0,20:19:19
2240.54,0.0,20:19:52
2240.54,0.0,20:20:25
2240.54,0.0,20:20:58
2240.54,0.0,20:21:31
2240.54,0.0,20:22:04
2240.54,0.0,20:22:37
2240.54,0.0,20:23:09
2240.54,0.0,20:23:42
2240.54,0.0,20:24:15
2240.54,0.0,20:24:48
2240.54,0.0,20:25:21
2240.54,0.0,20:25:54
2240.54,0.0,20:26:27
2240.54,0.0,20:27:00
2240.54,0.0,20:27:33
2240.54,0.0,20:28:06
2240.54,0.0,20:28:39
2240.54,0.0,20:29:11
2240.54,0.0,20:29:45
2240.54,0.0,20:30:18
2240.54,0.0,20:30:50
2240.54,0.0,20:31:23
2263.12,1.00779276,20:31:56
2263.12,0.0,20:32:29
2263.12,0.0,20:33:02
2263.12,0.0,20:33:35
2263.12,0.0,20:34:08
2263.12,0.0,20:34:41
2263.12,0.0,20:35:14
2263.12,0.0,20:35:47
2262.09,-0.04551239,20:36:20
2262.09,0.0,20:36:53
2262.09,0.0,20:37:26
2262.09,0.0,20:37:59
2262.09,0.0,20:38:32
2262.09,0.0,20:39:04
2262.09,0.0,20:39:37
2262.09,0.0,20:40:10
2241.02,-0.93143951,20:40:43
2241.02,0.0,20:41:16
2241.02,0.0,20:41:49
2241.02,0.0,20:42:22
2241.02,0.0,20:42:55
2241.02,0.0,20:43:28
2241.02,0.0,20:44:01
2241.02,0.0,20:44:34
2241.02,0.0,20:45:07
2241.02,0.0,20:45:40
2241.02,0.0,20:46:13
2241.02,0.0,20:46:46
2241.02,0.0,20:47:19
2241.02,0.0,20:47:53
2241.02,0.0,20:48:25
2241.02,0.0,20:48:58
2241.02,0.0,20:49:31
2241.02,0.0,20:50:04
2241.02,0.0,20:50:36
2241.02,0.0,20:51:09
2241.02,0.0,20:51:42
2241.02,0.0,20:52:15
2241.02,0.0,20:52:48
2241.02,0.0,20:53:21
2241.02,0.0,20:53:54
2241.02,0.0,20:54:27
2258.99,0.80186701,20:55:00
2258.99,0.0,20:55:33
2250.0,-0.39796546,20:56:06
2250.0,0.0,20:56:39
2263.98,0.62133333,20:57:11
2263.98,0.0,20:57:45
2263.98,0.0,20:58:18
2250.0,-0.61749662,20:58:50
2250.0,0.0,20:59:23
2250.0,0.0,20:59:56
2250.0,0.0,21:00:30
2250.0,0.0,21:01:02
2250.0,0.0,21:01:35
2250.0,0.0,21:02:08
2250.0,0.0,21:02:41
2250.0,0.0,21:03:14
2250.0,0.0,21:03:48
2250.0,0.0,21:04:20
2250.0,0.0,21:04:54
2250.0,0.0,21:05:26
2250.0,0.0,21:05:59
2250.0,0.0,21:06:32
2250.0,0.0,21:07:05
2250.0,0.0,21:07:38
2250.0,0.0,21:08:11
2259.0,0.4,21:08:45
2259.0,0.0,21:09:18
2259.0,0.0,21:09:50
2259.0,0.0,21:10:23
2259.0,0.0,21:10:56
2259.0,0.0,21:11:29
2259.0,0.0,21:12:02
2259.0,0.0,21:12:35
2259.0,0.0,21:13:08
2259.0,0.0,21:13:41
2259.0,0.0,21:14:14
2259.0,0.0,21:14:47
2259.0,0.0,21:15:20
2259.0,0.0,21:15:53
2259.0,0.0,21:16:26
2259.0,0.0,21:16:58
2259.0,0.0,21:17:31
2255.0,-0.1770695,21:18:04
2255.0,0.0,21:18:37
2255.0,0.0,21:19:10
2255.0,0.0,21:19:43
2255.0,0.0,21:20:16
2255.0,0.0,21:20:49
2255.0,0.0,21:21:22
2255.0,0.0,21:21:55
2255.0,0.0,21:22:27
2255.0,0.0,21:23:00
2255.0,0.0,21:23:34
2250.0,-0.22172949,21:24:07
2250.0,0.0,21:24:40
2250.0,0.0,21:25:13
2250.0,0.0,21:25:46
2250.0,0.0,21:26:19
2250.0,0.0,21:26:52
2250.0,0.0,21:27:25
2250.0,0.0,21:27:58
2250.0,0.0,21:28:31
2240.5,-0.42222222,21:29:04
2240.5,0.0,21:29:37
2240.5,0.0,21:30:10
2240.5,0.0,21:30:43
2240.5,0.0,21:31:15
2240.5,0.0,21:31:49
2240.5,0.0,21:32:22
2240.5,0.0,21:32:54
2240.5,0.0,21:33:27
2240.5,0.0,21:34:00
2240.5,0.0,21:34:33
2263.0,1.00424012,21:35:05
2263.0,0.0,21:35:38
2263.0,0.0,21:36:11
2263.0,0.0,21:36:44
2263.0,0.0,21:37:17
2263.0,0.0,21:37:50
2263.0,0.0,21:38:22
2263.0,0.0,21:38:56
2263.0,0.0,21:39:28
2263.0,0.0,21:40:01
2263.0,0.0,21:40:34
2263.0,0.0,21:41:07
2263.0,0.0,21:41:40
2263.0,0.0,21:42:13
2264.99,0.08793637,21:42:46
2264.99,0.0,21:43:19
2264.99,0.0,21:43:52
2264.99,0.0,21:44:25
2264.99,0.0,21:44:58
2264.99,0.0,21:45:30
2245.59,-0.85651592,21:46:03
2245.59,0.0,21:46:36
2245.59,0.0,21:47:09
2245.59,0.0,21:47:42
2245.59,0.0,21:48:15
2245.59,0.0,21:48:48
2245.59,0.0,21:49:21
2245.59,0.0,21:49:53
2245.59,0.0,21:50:26
2245.59,0.0,21:50:59
2245.59,0.0,21:51:32
2245.59,0.0,21:52:05
2245.59,0.0,21:52:39
2245.5,-0.00400786,21:53:11
2245.5,0.0,21:53:45
2245.5,0.0,21:54:18
2245.5,0.0,21:54:50
2245.5,0.0,21:55:23
2245.5,0.0,21:55:56
2245.5,0.0,21:56:29
2245.5,0.0,21:57:02
2245.5,0.0,21:57:35
2245.5,0.0,21:58:08
2269.92,1.08750835,21:58:41
2269.92,0.0,21:59:14
2269.92,0.0,21:59:48
2269.92,0.0,22:00:20
2269.92,0.0,22:00:53
2269.92,0.0,22:01:29
2269.92,0.0,22:02:01
2269.92,0.0,22:02:35
2269.0,-0.04053006,22:03:07
2269.0,0.0,22:03:40
2269.0,0.0,22:04:13
2269.0,0.0,22:04:46
2269.0,0.0,22:05:19
2269.0,0.0,22:05:52
2245.77,-1.02379903,22:06:25
2245.77,0.0,22:06:58
2245.77,0.0,22:07:30
2245.77,0.0,22:08:03
2245.77,0.0,22:08:36
2245.77,0.0,22:09:09
2245.77,0.0,22:09:42
2245.77,0.0,22:10:15
2268.99,1.03394381,22:10:51
2268.99,0.0,22:11:24
2268.99,0.0,22:11:59
2268.99,0.0,22:12:33
2268.99,0.0,22:13:06
2268.99,0.0,22:13:38
2268.99,0.0,22:14:11
2268.99,0.0,22:14:45
2268.99,0.0,22:15:18
2250.34,-0.82195162,22:15:51
2250.34,0.0,22:16:24
2250.34,0.0,22:16:57
2250.34,0.0,22:17:29
2250.34,0.0,22:18:02
2250.34,0.0,22:18:35
2250.34,0.0,22:19:08
2250.34,0.0,22:19:41
2250.34,0.0,22:20:14
2250.34,0.0,22:20:47
2250.34,0.0,22:21:20
2250.34,0.0,22:21:53
2250.34,0.0,22:22:26
2252.84,0.11109432,22:22:59
2252.84,0.0,22:23:32
2252.84,0.0,22:24:05
2252.84,0.0,22:24:38
2252.84,0.0,22:25:11
2252.84,0.0,22:25:44
2252.84,0.0,22:26:17
2252.84,0.0,22:26:49
2253.0,0.00710215,22:27:22
2253.0,0.0,22:27:55
2253.03,0.00133156,22:28:28
2253.03,0.0,22:29:01
2253.03,0.0,22:29:34
2253.03,0.0,22:30:06
2253.03,0.0,22:30:39
2253.03,0.0,22:31:12
2253.03,0.0,22:31:46
2253.03,0.0,22:32:19
2253.03,0.0,22:32:52
2253.03,0.0,22:33:25
2253.03,0.0,22:33:58
2253.03,0.0,22:34:31
2253.03,0.0,22:35:04
2253.03,0.0,22:35:37
2253.03,0.0,22:36:10
2253.03,0.0,22:36:44
2253.03,0.0,22:37:17
2253.03,0.0,22:37:51
2253.03,0.0,22:38:24
2253.03,0.0,22:38:57
2253.03,0.0,22:39:31
2253.03,0.0,22:40:04
2253.03,0.0,22:40:37
2253.03,0.0,22:41:11
2253.03,0.0,22:41:44
2268.99,0.70837938,22:42:18
2268.99,0.0,22:42:51
2268.99,0.0,22:43:25
2268.99,0.0,22:43:57
2268.99,0.0,22:44:31
2268.99,0.0,22:45:04
2268.98,-0.00044072,22:45:38
2268.98,0.0,22:46:11
2268.98,0.0,22:46:45
2268.98,0.0,22:47:18
2268.98,0.0,22:47:52
2268.98,0.0,22:48:24
2268.98,0.0,22:48:57
2268.98,0.0,22:49:31
2268.98,0.0,22:50:05
2268.98,0.0,22:50:38
2268.98,0.0,22:51:11
2268.98,0.0,22:51:45
2268.98,0.0,22:52:18
2268.98,0.0,22:52:51
2268.98,0.0,22:53:25
2268.98,0.0,22:53:59
2268.98,0.0,22:54:32
2268.98,0.0,22:55:05
2268.98,0.0,22:55:38
2257.0,-0.52799055,22:56:12
2257.0,0.0,22:56:45
2257.0,0.0,22:57:19
2257.0,0.0,22:57:52
2257.0,0.0,22:58:25
2257.0,0.0,22:58:58
2257.0,0.0,22:59:32
2257.25,0.01107665,23:00:04
2257.25,0.0,23:00:37
2257.25,0.0,23:01:11
2257.25,0.0,23:01:44
2257.25,0.0,23:02:17
2257.25,0.0,23:02:51
2257.25,0.0,23:03:24
2257.25,0.0,23:03:57
2257.25,0.0,23:04:31
2257.25,0.0,23:05:04
2257.25,0.0,23:05:37
2257.25,0.0,23:06:10
2257.25,0.0,23:06:44
2260.0,0.12182966,23:07:17
2260.0,0.0,23:07:50
2260.0,0.0,23:08:24
2260.0,0.0,23:08:57
2260.0,0.0,23:09:30
2260.0,0.0,23:10:04
2260.0,0.0,23:10:37
2260.0,0.0,23:11:10
2268.99,0.39778761,23:11:43
2268.99,0.0,23:12:17
2268.99,0.0,23:12:51
2260.0,-0.39621153,23:13:26
2260.0,0.0,23:13:59
2260.0,0.0,23:14:33
2260.0,0.0,23:15:06
2260.0,0.0,23:15:41
2268.99,0.39778761,23:16:15
2268.99,0.0,23:16:48
2268.99,0.0,23:17:21
2268.99,0.0,23:17:55
2268.99,0.0,23:18:28
2268.99,0.0,23:19:02
2268.99,0.0,23:19:36
2268.99,0.0,23:20:09
2268.99,0.0,23:20:43
2268.99,0.0,23:21:17
2268.96,-0.00132217,23:21:50
2268.96,0.0,23:22:24
2268.96,0.0,23:22:57
2268.96,0.0,23:23:31
2260.0,-0.39489458,23:24:05
2260.0,0.0,23:24:38
2260.0,0.0,23:25:12
2260.0,0.0,23:25:46
2260.0,0.0,23:26:19
2260.0,0.0,23:26:52
2260.0,0.0,23:27:26
2260.0,0.0,23:27:59
2260.0,0.0,23:28:33
2260.0,0.0,23:29:06
2260.0,0.0,23:29:40
2260.0,0.0,23:30:13
2260.0,0.0,23:30:47
2260.0,0.0,23:31:20
2260.0,0.0,23:31:53
2260.0,0.0,23:32:26
2260.0,0.0,23:33:00
2260.0,0.0,23:33:33
2260.0,0.0,23:34:07
2260.0,0.0,23:34:40
2260.0,0.0,23:35:14
2267.98,0.35309735,23:35:47
2267.98,0.0,23:36:20
2267.98,0.0,23:36:54
2267.98,0.0,23:37:27
2267.98,0.0,23:38:00
2267.99,0.00044092,23:38:34
2267.99,0.0,23:39:07
2267.99,0.0,23:39:41
2267.99,0.0,23:40:14
2267.99,0.0,23:40:48
2267.99,0.0,23:41:21
2268.0,0.00044092,23:41:54
2268.0,0.0,23:42:27
2268.0,0.0,23:43:00
2268.0,0.0,23:43:34
2267.99,-0.00044092,23:44:07
2267.99,0.0,23:44:40
2260.0,-0.35229432,23:45:14
2260.0,0.0,23:45:47
2260.0,0.0,23:46:20
2260.0,0.0,23:46:54
2260.0,0.0,23:47:27
2260.0,0.0,23:48:01
2260.0,0.0,23:48:34
2260.0,0.0,23:49:07
2260.0,0.0,23:49:40
2261.0,0.04424779,23:50:14
2261.0,0.0,23:50:47
2261.0,0.0,23:51:21
2261.0,0.0,23:51:54
2261.0,0.0,23:52:27
2261.0,0.0,23:53:00
2261.0,0.0,23:53:34
2267.98,0.30871296,23:54:07
2267.98,0.0,23:54:40
2267.98,0.0,23:55:13
2267.98,0.0,23:55:47
2267.98,0.0,23:56:20
2267.98,0.0,23:56:54
2267.98,0.0,23:57:27
2267.98,0.0,23:58:01
2267.98,0.0,23:58:34
2267.98,0.0,23:59:07
2267.98,0.0,23:59:41
2267.98,0.0,00:00:14
2267.98,0.0,00:00:47
2267.98,0.0,00:01:21
2267.98,0.0,00:01:53
2267.98,0.0,00:02:26
2267.98,0.0,00:03:00
2267.98,0.0,00:03:33
2261.01,-0.30732193,00:04:07
2261.01,0.0,00:04:40
2261.01,0.0,00:05:14
2261.01,0.0,00:05:47
2261.01,0.0,00:06:20
2261.01,0.0,00:06:54
2261.01,0.0,00:07:26
2261.01,0.0,00:08:00
2261.01,0.0,00:08:34
2267.98,0.30826931,00:09:07
2267.98,0.0,00:09:40
2267.98,0.0,00:10:14
2267.98,0.0,00:10:47
2267.98,0.0,00:11:20
2267.98,0.0,00:11:52
2267.98,0.0,00:12:26
2267.98,0.0,00:12:59
2267.98,0.0,00:13:33
2267.98,0.0,00:14:07
2267.98,0.0,00:14:40
2267.98,0.0,00:15:13
2261.0,-0.30776286,00:15:47
2261.0,0.0,00:16:20
2261.0,0.0,00:16:54
2261.0,0.0,00:17:27
2261.0,0.0,00:18:01
2261.0,0.0,00:18:34
2260.0,-0.04422822,00:19:08
2260.0,0.0,00:19:41
2260.0,0.0,00:20:14
2260.0,0.0,00:20:48
2260.0,0.0,00:21:21
2267.98,0.35309735,00:21:55
2267.98,0.0,00:22:27
2267.98,0.0,00:23:01
2267.98,0.0,00:23:34
2267.98,0.0,00:24:11
2267.98,0.0,00:24:44
2267.98,0.0,00:25:18
2267.98,0.0,00:25:52
2267.98,0.0,00:26:25
2267.98,0.0,00:26:59
2267.98,0.0,00:27:32
2267.98,0.0,00:28:05
2267.98,0.0,00:28:39
2267.98,0.0,00:29:13
2267.98,0.0,00:29:46
2267.98,0.0,00:30:20
2267.98,0.0,00:30:53
2267.98,0.0,00:31:26
2267.98,0.0,00:32:00
2267.98,0.0,00:32:33
2267.98,0.0,00:33:06
2267.98,0.0,00:33:40
2267.98,0.0,00:34:13
2260.1,-0.34744574,00:34:47
2260.1,0.0,00:35:20
2260.1,0.0,00:35:54
2260.1,0.0,00:36:27
2260.1,0.0,00:37:01
2260.1,0.0,00:37:34
2260.1,0.0,00:38:08
2260.1,0.0,00:38:41
2260.1,0.0,00:39:15
2260.1,0.0,00:39:48
2260.1,0.0,00:40:21
2260.1,0.0,00:40:54
2260.1,0.0,00:41:27
2260.1,0.0,00:42:00
2260.1,0.0,00:42:33
2260.1,0.0,00:43:06
2260.1,0.0,00:43:39
2260.1,0.0,00:44:12
2260.1,0.0,00:44:46
2260.1,0.0,00:45:19
2260.1,0.0,00:45:53
2260.1,0.0,00:46:26
2260.1,0.0,00:47:00
2260.1,0.0,00:47:33
2260.1,0.0,00:48:06
2260.1,0.0,00:48:39
2260.1,0.0,00:49:12
2260.1,0.0,00:49:45
2260.1,0.0,00:50:19
2260.1,0.0,00:50:52
2260.1,0.0,00:51:26
2260.1,0.0,00:51:59
2260.1,0.0,00:52:32
2260.1,0.0,00:53:06
2260.1,0.0,00:53:39
2267.99,0.3490996,00:54:12
2267.99,0.0,00:54:45
2267.99,0.0,00:55:18
2267.99,0.0,00:55:51
2267.99,0.0,00:56:24
2267.99,0.0,00:56:57
2267.99,0.0,00:57:31
2267.99,0.0,00:58:04
2267.99,0.0,00:58:37
2267.99,0.0,00:59:10
2267.99,0.0,00:59:43
2267.99,0.0,01:00:17
2267.99,0.0,01:00:50
2267.99,0.0,01:01:23
2267.99,0.0,01:01:57
2267.99,0.0,01:02:30
2267.99,0.0,01:03:03
2267.99,0.0,01:03:36
2267.99,0.0,01:04:10
2267.99,0.0,01:04:43
2267.99,0.0,01:05:16
2267.99,0.0,01:05:49
2267.99,0.0,01:06:22
2267.99,0.0,01:06:55
2267.99,0.0,01:07:29
2267.99,0.0,01:08:02
2267.99,0.0,01:08:35
2267.99,0.0,01:09:08
2267.99,0.0,01:09:42
2267.99,0.0,01:10:15
2267.99,0.0,01:10:48
2267.99,0.0,01:11:22
2267.99,0.0,01:11:55
2267.99,0.0,01:12:28
2267.99,0.0,01:13:01
2267.99,0.0,01:13:34
2267.99,0.0,01:14:07
2267.99,0.0,01:14:41
2267.99,0.0,01:15:14
2267.99,0.0,01:15:47
2267.99,0.0,01:16:21
2267.99,0.0,01:16:54
2267.99,0.0,01:17:28
2267.99,0.0,01:18:01
2267.99,0.0,01:18:34
2267.99,0.0,01:19:08
2267.99,0.0,01:19:40
2267.99,0.0,01:20:14
2267.99,0.0,01:20:47
2267.99,0.0,01:21:21
2267.99,0.0,01:21:54
2267.99,0.0,01:22:27
2267.99,0.0,01:23:00
2267.99,0.0,01:23:33
2267.99,0.0,01:24:07
2267.99,0.0,01:24:40
2267.99,0.0,01:25:14
2267.99,0.0,01:25:47
2267.99,0.0,01:26:20
2267.99,0.0,01:26:54
2267.99,0.0,01:27:26
2267.99,0.0,01:28:00
2267.99,0.0,01:28:33
2267.99,0.0,01:29:06
2267.99,0.0,01:29:39
2267.99,0.0,01:30:11
2267.99,0.0,01:30:45
2267.99,0.0,01:31:18
2267.99,0.0,01:31:51
2260.0,-0.35229432,01:32:24
2260.0,0.0,01:32:57
2260.0,0.0,01:33:30
2260.0,0.0,01:34:04
2260.0,0.0,01:34:36
2260.0,0.0,01:35:10
2257.0,-0.13274336,01:35:43
2257.0,0.0,01:36:17
2252.0,-0.22153301,01:36:49
2252.0,0.0,01:37:23
2252.0,0.0,01:37:56
2252.0,0.0,01:38:30
2250.0,-0.08880995,01:39:03
2250.0,0.0,01:39:36
2245.0,-0.22222222,01:40:09
2243.0,-0.08908686,01:40:43
2243.0,0.0,01:41:15
2243.0,0.0,01:41:48
2243.0,0.0,01:42:22
2243.0,0.0,01:42:55
2243.0,0.0,01:43:29
2243.0,0.0,01:44:02
2243.0,0.0,01:44:35
2243.0,0.0,01:45:09
2243.0,0.0,01:45:42
2243.0,0.0,01:46:15
2243.0,0.0,01:46:48
2243.0,0.0,01:47:21
2243.0,0.0,01:47:55
2243.0,0.0,01:48:28
2243.0,0.0,01:49:01
2243.0,0.0,01:49:35
2243.0,0.0,01:50:08
2243.0,0.0,01:50:42
2243.0,0.0,01:51:15
2243.0,0.0,01:51:48
2243.0,0.0,01:52:22
2243.0,0.0,01:52:55
2243.0,0.0,01:53:29
2243.0,0.0,01:54:01
2243.0,0.0,01:54:35
2243.0,0.0,01:55:08
2243.0,0.0,01:55:41
2243.0,0.0,01:56:15
2243.0,0.0,01:56:48
2243.0,0.0,01:57:21
2243.0,0.0,01:57:54
2243.0,0.0,01:58:28
2243.0,0.0,01:59:01
2243.0,0.0,01:59:34
2243.0,0.0,02:00:07
2243.0,0.0,02:00:40
2243.0,0.0,02:01:14
2243.0,0.0,02:01:47
2243.0,0.0,02:02:21
2243.0,0.0,02:02:54
2243.0,0.0,02:03:28
2243.0,0.0,02:04:01
2243.0,0.0,02:04:34
2243.0,0.0,02:05:07
2243.0,0.0,02:05:40
2243.0,0.0,02:06:14
2243.0,0.0,02:06:47
2243.0,0.0,02:07:21
2243.0,0.0,02:07:54
2243.0,0.0,02:08:27
2243.0,0.0,02:09:00
2243.0,0.0,02:09:34
2243.0,0.0,02:10:07
2243.0,0.0,02:10:40
2225.0,-0.80249666,02:11:14
2215.0,-0.4494382,02:11:47
2211.17,-0.17291196,02:12:20
2211.17,0.0,02:12:54
2211.0,-0.00768824,02:13:27
2211.0,0.0,02:14:00
2190.0,-0.94979647,02:14:33
2241.34,2.34429224,02:15:06
2241.34,0.0,02:15:39
2241.34,0.0,02:16:12
2241.34,0.0,02:16:46
2241.34,0.0,02:17:19
2241.34,0.0,02:17:53
2241.34,0.0,02:18:25
2241.34,0.0,02:18:59
2241.34,0.0,02:19:32
2241.34,0.0,02:20:05
2241.34,0.0,02:20:39
2241.34,0.0,02:21:12
2241.34,0.0,02:21:46
2197.74,-1.94526489,02:22:19
2197.71,-0.00136504,02:22:53
2197.71,0.0,02:23:26
2197.71,0.0,02:23:59
2197.71,0.0,02:24:34
2197.71,0.0,02:25:07
2197.71,0.0,02:25:40
2197.71,0.0,02:26:14
2197.71,0.0,02:26:47
2197.71,0.0,02:27:21
2197.71,0.0,02:27:53
2197.71,0.0,02:28:26
2197.71,0.0,02:29:00
2197.71,0.0,02:29:32
2197.71,0.0,02:30:06
2190.0,-0.35081972,02:30:39
2190.0,0.0,02:31:13
2190.0,0.0,02:31:47
2190.0,0.0,02:32:20
2190.0,0.0,02:32:54
2190.0,0.0,02:33:27
2190.0,0.0,02:34:00
2190.0,0.0,02:34:33
2190.0,0.0,02:35:06
2190.0,0.0,02:35:40
2190.0,0.0,02:36:13
2190.0,0.0,02:36:47
2190.0,0.0,02:37:23
2190.0,0.0,02:37:57
2190.0,0.0,02:38:30
2190.0,0.0,02:39:04
2190.0,0.0,02:39:38
2190.0,0.0,02:40:11
2190.0,0.0,02:40:44
2190.0,0.0,02:41:18
2190.0,0.0,02:41:52
2190.0,0.0,02:42:25
2224.01,1.55296804,02:42:58
2224.01,0.0,02:43:31
2224.01,0.0,02:44:04
2224.01,0.0,02:44:38
2224.01,0.0,02:45:12
2224.01,0.0,02:45:45
2224.01,0.0,02:46:19
2224.01,0.0,02:46:53
2224.01,0.0,02:47:26
2224.01,0.0,02:48:00
2224.01,0.0,02:48:34
2224.01,0.0,02:49:07
2224.01,0.0,02:49:40
2224.01,0.0,02:50:13
2224.01,0.0,02:50:47
2224.01,0.0,02:51:21
2224.01,0.0,02:51:54
2224.01,0.0,02:52:27
2224.01,0.0,02:53:00
2224.01,0.0,02:53:33
2224.01,0.0,02:54:07
2224.01,0.0,02:54:41
2224.01,0.0,02:55:13
2224.01,0.0,02:55:47
2224.01,0.0,02:56:20
2224.01,0.0,02:56:53
2224.01,0.0,02:57:27
2224.01,0.0,02:58:00
2224.01,0.0,02:58:34
2224.01,0.0,02:59:07
2224.01,0.0,02:59:40
2224.01,0.0,03:00:13
2224.01,0.0,03:00:47
2224.01,0.0,03:01:20
2224.01,0.0,03:01:54
2224.01,0.0,03:02:27
2224.01,0.0,03:03:00
2224.01,0.0,03:03:33
2224.01,0.0,03:04:07
2224.01,0.0,03:04:41
2224.01,0.0,03:05:14
2224.01,0.0,03:05:47
2224.01,0.0,03:06:20
2224.01,0.0,03:06:54
2224.01,0.0,03:07:28
2224.01,0.0,03:08:01
2224.01,0.0,03:08:34
2224.01,0.0,03:09:08
2224.01,0.0,03:09:41
2224.01,0.0,03:10:14
2224.01,0.0,03:10:47
2224.01,0.0,03:11:21
2224.01,0.0,03:11:54
2224.01,0.0,03:12:27
2224.01,0.0,03:13:00
2224.01,0.0,03:13:33
2224.01,0.0,03:14:07
2224.01,0.0,03:14:40
2224.01,0.0,03:15:14
2224.01,0.0,03:15:47
2224.01,0.0,03:16:20
2224.01,0.0,03:16:54
2224.01,0.0,03:17:27
2224.01,0.0,03:18:00
2224.01,0.0,03:18:34
2224.01,0.0,03:19:07
2224.01,0.0,03:19:40
2224.01,0.0,03:20:14
2224.01,0.0,03:20:47
2224.01,0.0,03:21:20
2224.01,0.0,03:21:54
2224.01,0.0,03:22:27
2224.01,0.0,03:23:00
2224.01,0.0,03:23:34
2224.01,0.0,03:24:07
2224.01,0.0,03:24:41
2224.01,0.0,03:25:14
2224.01,0.0,03:25:47
2224.01,0.0,03:26:21
2224.01,0.0,03:26:54
2224.01,0.0,03:27:27
2224.01,0.0,03:28:01
2224.01,0.0,03:28:33
2224.01,0.0,03:29:06
2224.01,0.0,03:29:39
2224.01,0.0,03:30:12
2224.01,0.0,03:30:46
2224.01,0.0,03:31:19
2224.01,0.0,03:31:52
2224.01,0.0,03:32:26
2224.01,0.0,03:32:58
2224.01,0.0,03:33:32
2224.01,0.0,03:34:05
2224.01,0.0,03:34:39
2224.01,0.0,03:35:12
2224.01,0.0,03:35:47
2224.01,0.0,03:36:21
2224.01,0.0,03:36:54
2224.01,0.0,03:37:28
2224.01,0.0,03:38:01
2224.01,0.0,03:38:34
2224.01,0.0,03:39:08
2224.01,0.0,03:39:41
2224.01,0.0,03:40:15
2224.01,0.0,03:40:48
2224.01,0.0,03:41:21
2224.01,0.0,03:41:55
2224.01,0.0,03:42:27
2224.01,0.0,03:43:01
2224.01,0.0,03:43:34
2224.01,0.0,03:44:08
2224.01,0.0,03:44:41
2224.01,0.0,03:45:15
2224.01,0.0,03:45:48
2224.01,0.0,03:46:22
2224.01,0.0,03:46:55
2224.01,0.0,03:47:28
2224.01,0.0,03:48:02
2224.01,0.0,03:48:35
2224.01,0.0,03:49:08
2224.01,0.0,03:49:41
2224.01,0.0,03:50:15
2224.01,0.0,03:50:48
2224.01,0.0,03:51:21
2224.01,0.0,03:51:55
2224.01,0.0,03:52:28
2224.01,0.0,03:53:01
2224.01,0.0,03:53:35
2224.01,0.0,03:54:08
2224.01,0.0,03:54:42
2200.0,-1.07958148,03:55:15
2200.0,0.0,03:55:49
2200.0,0.0,03:56:22
2200.0,0.0,03:56:56
2200.0,0.0,03:57:29
2200.0,0.0,03:58:02
2200.0,0.0,03:58:35
2200.0,0.0,03:59:09
2200.0,0.0,03:59:42
2200.0,0.0,04:00:16
2200.0,0.0,04:00:49
2200.0,0.0,04:01:22
2200.0,0.0,04:01:55
2200.0,0.0,04:02:28
2200.0,0.0,04:03:01
2200.0,0.0,04:03:35
2200.0,0.0,04:04:08
2200.0,0.0,04:04:42
2200.0,0.0,04:05:16
2200.0,0.0,04:05:49
2200.0,0.0,04:06:22
2200.0,0.0,04:06:56
2200.0,0.0,04:07:29
2200.0,0.0,04:08:02
2200.0,0.0,04:08:36
2200.0,0.0,04:09:09
2200.0,0.0,04:09:43
2200.0,0.0,04:10:16
2200.0,0.0,04:10:50
2200.0,0.0,04:11:23
2200.0,0.0,04:11:56
2200.0,0.0,04:12:30
2200.0,0.0,04:13:04
2200.0,0.0,04:13:37
2200.0,0.0,04:14:11
2200.0,0.0,04:14:45
2200.0,0.0,04:15:18
2200.0,0.0,04:15:51
2200.0,0.0,04:16:25
2200.0,0.0,04:16:58
2200.0,0.0,04:17:31
2200.0,0.0,04:18:04
2200.0,0.0,04:18:37
2200.0,0.0,04:19:11
2200.0,0.0,04:19:44
2200.0,0.0,04:20:17
2200.0,0.0,04:20:50
2200.0,0.0,04:21:23
2200.0,0.0,04:21:57
2200.0,0.0,04:22:30
2200.0,0.0,04:23:04
2200.0,0.0,04:23:37
2200.0,0.0,04:24:10
2200.0,0.0,04:24:44
2242.98,1.95363636,04:25:17
2242.98,0.0,04:25:50
2242.98,0.0,04:26:24
2242.98,0.0,04:26:57
2242.98,0.0,04:27:31
2242.98,0.0,04:28:04
2242.98,0.0,04:28:37
2242.98,0.0,04:29:10
2242.98,0.0,04:29:44
2242.98,0.0,04:30:17
2242.98,0.0,04:30:50
2242.98,0.0,04:31:23
2242.98,0.0,04:31:56
2242.98,0.0,04:32:29
2242.98,0.0,04:33:03
2242.98,0.0,04:33:36
2242.98,0.0,04:34:10
2242.98,0.0,04:34:44
2242.98,0.0,04:35:18
2242.98,0.0,04:35:51
2242.98,0.0,04:36:24
2242.98,0.0,04:36:58
2242.98,0.0,04:37:32
2242.98,0.0,04:38:06
2242.98,0.0,04:38:39
2242.98,0.0,04:39:12
2242.98,0.0,04:39:46
2242.98,0.0,04:40:19
2242.98,0.0,04:40:53
2242.98,0.0,04:41:26
2242.98,0.0,04:41:59
2242.98,0.0,04:42:33
2242.98,0.0,04:43:06
2242.98,0.0,04:43:39
2242.98,0.0,04:44:12
2242.98,0.0,04:44:45
2242.98,0.0,04:45:19
2242.98,0.0,04:45:52
2242.98,0.0,04:46:26
2242.98,0.0,04:46:59
2242.98,0.0,04:47:32
2242.98,0.0,04:48:05
2242.98,0.0,04:48:38
2242.98,0.0,04:49:12
2242.98,0.0,04:49:45
2242.98,0.0,04:50:19
2242.98,0.0,04:50:56
2242.98,0.0,04:51:30
2242.98,0.0,04:52:02
2242.98,0.0,04:52:36
2242.98,0.0,04:53:09
2242.98,0.0,04:53:43
2242.98,0.0,04:54:16
2242.98,0.0,04:54:50
2242.98,0.0,04:55:23
2242.98,0.0,04:55:57
2242.98,0.0,04:56:30
2242.98,0.0,04:57:04
2242.98,0.0,04:57:37
2242.98,0.0,04:58:11
2242.98,0.0,04:58:44
2242.98,0.0,04:59:18
2242.98,0.0,04:59:51
2242.98,0.0,05:00:25
2242.98,0.0,05:00:58
2242.98,0.0,05:01:32
2242.98,0.0,05:02:06
2242.98,0.0,05:02:39
2242.98,0.0,05:03:12
2242.98,0.0,05:03:46
2242.98,0.0,05:04:19
2242.98,0.0,05:04:53
2242.98,0.0,05:05:26
2242.98,0.0,05:06:00
2242.98,0.0,05:06:33
2242.98,0.0,05:07:07
2242.98,0.0,05:07:40
2242.98,0.0,05:08:14
2242.98,0.0,05:08:47
2242.98,0.0,05:09:21
2242.98,0.0,05:09:54
2242.98,0.0,05:10:28
2242.98,0.0,05:11:01
2242.98,0.0,05:11:35
2242.98,0.0,05:12:08
2242.98,0.0,05:12:42
2242.98,0.0,05:13:15
2234.28,-0.38787684,05:13:49
2234.28,0.0,05:14:23
2234.28,0.0,05:14:56
2234.28,0.0,05:15:30
2234.28,0.0,05:16:03
2234.28,0.0,05:16:37
2234.28,0.0,05:17:10
2234.28,0.0,05:17:44
2234.28,0.0,05:18:17
2234.28,0.0,05:18:50
2234.28,0.0,05:19:24
2234.28,0.0,05:19:58
2234.28,0.0,05:20:31
2234.28,0.0,05:21:04
2234.28,0.0,05:21:38
2234.28,0.0,05:22:11
2234.28,0.0,05:22:45
2234.28,0.0,05:23:18
2234.28,0.0,05:23:52
2234.28,0.0,05:24:25
2234.28,0.0,05:24:59
2234.28,0.0,05:25:32
2234.28,0.0,05:26:06
2234.28,0.0,05:26:39
2234.28,0.0,05:27:13
2234.28,0.0,05:27:46
2234.28,0.0,05:28:20
2234.28,0.0,05:28:53
2234.28,0.0,05:29:27
2234.28,0.0,05:30:00
2234.28,0.0,05:30:34
2234.28,0.0,05:31:07
2234.28,0.0,05:31:40
2234.28,0.0,05:32:14
2234.28,0.0,05:32:47
2234.28,0.0,05:33:21
2234.28,0.0,05:33:54
2234.28,0.0,05:34:28
2234.28,0.0,05:35:01
2234.28,0.0,05:35:35
2234.28,0.0,05:36:08
2234.28,0.0,05:36:42
2234.28,0.0,05:37:15
2234.28,0.0,05:37:49
2234.28,0.0,05:38:22
2234.28,0.0,05:38:56
2234.28,0.0,05:39:29
2234.28,0.0,05:40:02
2234.28,0.0,05:40:36
2234.28,0.0,05:41:10
2234.28,0.0,05:41:43
2234.28,0.0,05:42:17
2234.28,0.0,05:42:50
2234.28,0.0,05:43:23
2234.28,0.0,05:43:57
2234.28,0.0,05:44:30
2234.28,0.0,05:45:04
2234.28,0.0,05:45:37
2197.66,-1.63900675,05:46:11
2242.99,2.06264845,05:46:44
2242.99,0.0,05:47:18
2242.99,0.0,05:47:51
2242.99,0.0,05:48:25
2242.99,0.0,05:48:58
2242.99,0.0,05:49:32
2242.99,0.0,05:50:05
2242.99,0.0,05:50:39
2242.99,0.0,05:51:12
2242.99,0.0,05:51:46
2242.99,0.0,05:52:19
2242.99,0.0,05:52:52
2242.99,0.0,05:53:26
2242.99,0.0,05:53:59
2242.99,0.0,05:54:32
2242.99,0.0,05:55:06
2242.99,0.0,05:55:39
2242.89,-0.00445833,05:56:13
2242.89,0.0,05:56:46
2242.89,0.0,05:57:19
2242.89,0.0,05:57:52
2242.89,0.0,05:58:26
2242.89,0.0,05:58:59
2242.89,0.0,05:59:33
2204.34,-1.71876463,06:00:06
2204.34,0.0,06:00:39
2204.34,0.0,06:01:12
2204.34,0.0,06:01:46
2204.34,0.0,06:02:19
2204.34,0.0,06:02:52
2204.34,0.0,06:03:25
2204.34,0.0,06:03:58
2204.34,0.0,06:04:31
2204.34,0.0,06:05:05
2204.34,0.0,06:05:38
2204.34,0.0,06:06:12
2204.34,0.0,06:06:46
2204.34,0.0,06:07:18
2204.34,0.0,06:07:51
2204.34,0.0,06:08:25
2204.34,0.0,06:08:58
2204.34,0.0,06:09:31
2204.34,0.0,06:10:05
2204.34,0.0,06:10:38
2204.34,0.0,06:11:12
2204.34,0.0,06:11:45
2204.34,0.0,06:12:19
2204.34,0.0,06:12:52
2204.34,0.0,06:13:26
2204.34,0.0,06:13:59
2204.34,0.0,06:14:32
2204.34,0.0,06:15:05
2204.34,0.0,06:15:39
2204.34,0.0,06:16:12
2204.34,0.0,06:16:46
2204.34,0.0,06:17:18
2204.34,0.0,06:17:52
2204.34,0.0,06:18:25
2204.34,0.0,06:18:59
2204.34,0.0,06:19:32
2204.34,0.0,06:20:05
2204.34,0.0,06:20:39
2204.34,0.0,06:21:12
2204.34,0.0,06:21:45
2204.34,0.0,06:22:19
2204.34,0.0,06:22:52
2242.99,1.75335928,06:23:25
2242.99,0.0,06:23:58
2242.99,0.0,06:24:31
2242.99,0.0,06:25:04
2242.99,0.0,06:25:38
2242.99,0.0,06:26:11
2242.99,0.0,06:26:45
2242.99,0.0,06:27:17
2242.99,0.0,06:27:50
2242.99,0.0,06:28:24
2242.99,0.0,06:28:57
2242.99,0.0,06:29:30
2213.31,-1.32323372,06:30:03
2213.31,0.0,06:30:36
2242.99,1.34097799,06:31:10
2242.99,0.0,06:31:43
2242.99,0.0,06:32:16
2242.99,0.0,06:32:50
2242.99,0.0,06:33:23
2242.99,0.0,06:33:56
2242.99,0.0,06:34:30
2242.99,0.0,06:35:02
2242.99,0.0,06:35:36
2242.99,0.0,06:36:09
2242.99,0.0,06:36:43
2242.99,0.0,06:37:16
2242.99,0.0,06:37:49
2242.99,0.0,06:38:22
2242.99,0.0,06:38:56
2212.22,-1.37182957,06:39:29
2212.22,0.0,06:40:03
2212.22,0.0,06:40:36
2212.22,0.0,06:41:09
2212.22,0.0,06:41:42
2212.22,0.0,06:42:16
2212.22,0.0,06:42:49
2212.22,0.0,06:43:23
2212.22,0.0,06:43:56
2212.22,0.0,06:44:29
2212.22,0.0,06:45:02
2212.22,0.0,06:45:35
2212.22,0.0,06:46:08
2212.22,0.0,06:46:41
2212.22,0.0,06:47:14
2212.22,0.0,06:47:47
2212.22,0.0,06:48:21
2212.22,0.0,06:48:54
2212.22,0.0,06:49:27
2212.22,0.0,06:50:01
2212.22,0.0,06:50:35
2212.22,0.0,06:51:08
2212.22,0.0,06:51:41
2212.22,0.0,06:52:15
2212.22,0.0,06:52:48
2212.22,0.0,06:53:21
2212.22,0.0,06:53:55
2212.22,0.0,06:54:28
2212.22,0.0,06:55:02
2212.22,0.0,06:55:34
2212.22,0.0,06:56:08
2212.22,0.0,06:56:41
2212.22,0.0,06:57:14
2212.22,0.0,06:57:47
2212.22,0.0,06:58:21
2212.22,0.0,06:58:54
2212.22,0.0,06:59:28
2212.22,0.0,07:00:01
2212.22,0.0,07:00:34
2242.6,1.37328114,07:01:08
2242.6,0.0,07:01:41
2242.6,0.0,07:02:15
2242.6,0.0,07:02:48
2242.6,0.0,07:03:21
2242.6,0.0,07:03:55
2242.6,0.0,07:04:31
2242.6,0.0,07:05:04
2242.6,0.0,07:05:38
2242.6,0.0,07:06:11
2242.6,0.0,07:06:45
2242.6,0.0,07:07:18
2242.6,0.0,07:07:51
2242.6,0.0,07:08:25
2242.6,0.0,07:08:58
2242.6,0.0,07:09:32
2242.6,0.0,07:10:05
2242.6,0.0,07:10:39
2242.6,0.0,07:11:12
2242.6,0.0,07:11:45
2242.6,0.0,07:12:19
2242.6,0.0,07:12:52
2242.6,0.0,07:13:25
2242.6,0.0,07:13:59
2242.6,0.0,07:14:32
2242.6,0.0,07:15:05
2242.6,0.0,07:15:39
2242.6,0.0,07:16:12
2242.6,0.0,07:16:45
2242.6,0.0,07:17:19
2242.6,0.0,07:17:52
2242.6,0.0,07:18:26
2242.6,0.0,07:18:59
2242.6,0.0,07:19:32
2242.6,0.0,07:20:05
2242.6,0.0,07:20:39
2242.6,0.0,07:21:12
2242.6,0.0,07:21:45
2242.6,0.0,07:22:19
2242.6,0.0,07:22:52
2242.6,0.0,07:23:25
2242.6,0.0,07:23:58
2242.6,0.0,07:24:31
2242.6,0.0,07:25:04
2242.6,0.0,07:25:38
2242.6,0.0,07:26:11
2242.6,0.0,07:26:44
2242.6,0.0,07:27:17
2242.6,0.0,07:27:50
2242.6,0.0,07:28:23
2242.6,0.0,07:28:57
2242.6,0.0,07:29:29
2242.6,0.0,07:30:03
2242.6,0.0,07:30:36
2242.6,0.0,07:31:09
2242.6,0.0,07:31:42
2242.6,0.0,07:32:15
2242.6,0.0,07:32:49
2242.6,0.0,07:33:22
2242.6,0.0,07:33:55
2242.6,0.0,07:34:29
2221.0,-0.96316775,07:35:01
2221.0,0.0,07:35:35
2221.0,0.0,07:36:08
2221.0,0.0,07:36:42
2221.0,0.0,07:37:15
2221.0,0.0,07:37:48
2221.0,0.0,07:38:21
2221.0,0.0,07:38:54
2221.0,0.0,07:39:28
2221.0,0.0,07:40:01
2221.0,0.0,07:40:35
2221.0,0.0,07:41:08
2221.0,0.0,07:41:41
2221.0,0.0,07:42:15
2221.0,0.0,07:42:48
2221.0,0.0,07:43:21
2221.0,0.0,07:43:55
2221.0,0.0,07:44:28
2243.0,0.9905448,07:45:01
2243.0,0.0,07:45:35
2243.0,0.0,07:46:08
2243.0,0.0,07:46:42
2243.0,0.0,07:47:15
2243.0,0.0,07:47:48
2243.0,0.0,07:48:21
2243.0,0.0,07:48:55
2221.0,-0.98082925,07:49:29
2221.0,0.0,07:50:02
2221.0,0.0,07:50:36
2221.0,0.0,07:51:08
2221.0,0.0,07:51:42
2221.0,0.0,07:52:15
2221.0,0.0,07:52:49
2221.0,0.0,07:53:22
2221.0,0.0,07:53:55
2242.91,0.98649257,07:54:28
2242.91,0.0,07:55:01
2242.91,0.0,07:55:35
2242.91,0.0,07:56:08
2242.91,0.0,07:56:42
2242.96,0.00222925,07:57:15
2242.96,0.0,07:57:48
2242.96,0.0,07:58:21
2242.96,0.0,07:58:54
2242.96,0.0,07:59:27
2242.96,0.0,08:00:00
2242.96,0.0,08:00:33
2242.96,0.0,08:01:07
2242.96,0.0,08:01:40
2242.96,0.0,08:02:12
2213.0,-1.33573492,08:02:46
2213.0,0.0,08:03:19
2213.0,0.0,08:03:52
2212.0,-0.04518753,08:04:25
2212.0,0.0,08:04:58
2212.0,0.0,08:05:32
2241.98,1.35533454,08:06:05
2241.98,0.0,08:06:39
2241.98,0.0,08:07:12
2241.98,0.0,08:07:45
2241.98,0.0,08:08:19
2241.98,0.0,08:08:52
2241.98,0.0,08:09:25
2241.98,0.0,08:09:59
2220.0,-0.98038341,08:10:32
2220.0,0.0,08:11:05
2220.0,0.0,08:11:39
2220.0,0.0,08:12:12
2220.0,0.0,08:12:44
2220.0,0.0,08:13:18
2220.0,0.0,08:13:52
2220.0,0.0,08:14:25
2204.33,-0.70585586,08:14:58
2204.33,0.0,08:15:32
2204.33,0.0,08:16:05
2204.33,0.0,08:16:38
2204.33,0.0,08:17:12
2204.33,0.0,08:17:45
2204.33,0.0,08:18:18
2204.33,0.0,08:18:52
2204.33,0.0,08:19:25
2204.33,0.0,08:19:58
2204.33,0.0,08:20:31
2204.33,0.0,08:21:04
2204.33,0.0,08:21:38
2204.33,0.0,08:22:11
2204.33,0.0,08:22:44
2204.33,0.0,08:23:17
2204.33,0.0,08:23:51
2204.33,0.0,08:24:24
2204.33,0.0,08:24:58
2204.33,0.0,08:25:31
2204.33,0.0,08:26:04
2204.33,0.0,08:26:38
2204.33,0.0,08:27:11
2204.33,0.0,08:27:44
2204.33,0.0,08:28:18
2204.33,0.0,08:28:51
2204.33,0.0,08:29:25
2204.33,0.0,08:29:58
2204.33,0.0,08:30:32
2204.33,0.0,08:31:04
2204.33,0.0,08:31:38
2206.0,0.07575998,08:32:11
2206.0,0.0,08:32:44
2206.0,0.0,08:33:18
2229.98,1.08703536,08:33:51
2229.98,0.0,08:34:24
2229.98,0.0,08:34:58
2229.98,0.0,08:35:31
2229.84,-0.00627808,08:36:04
2229.84,0.0,08:36:38
2206.0,-1.06913501,08:37:12
2206.0,0.0,08:37:45
2206.0,0.0,08:38:19
2206.0,0.0,08:38:51
2206.0,0.0,08:39:24
2206.0,0.0,08:39:58
2206.0,0.0,08:40:31
2206.0,0.0,08:41:05
2206.0,0.0,08:41:38
2206.0,0.0,08:42:11
2206.0,0.0,08:42:44
2206.0,0.0,08:43:17
2206.0,0.0,08:43:50
2206.0,0.0,08:44:23
2206.0,0.0,08:44:56
2206.0,0.0,08:45:29
2206.05,0.00226655,08:46:02
2206.05,0.0,08:46:36
2206.05,0.0,08:47:09
2206.05,0.0,08:47:42
2206.05,0.0,08:48:15
2206.05,0.0,08:48:48
2206.0,-0.00226649,08:49:21
2206.0,0.0,08:49:55
2206.0,0.0,08:50:28
2206.0,0.0,08:51:01
2206.0,0.0,08:51:34
2228.77,1.03218495,08:52:08
2228.77,0.0,08:52:41
2228.77,0.0,08:53:14
2228.77,0.0,08:53:48
2228.77,0.0,08:54:21
2228.77,0.0,08:54:54
2206.03,-1.0202937,08:55:28
2206.03,0.0,08:56:01
2206.03,0.0,08:56:34
2206.03,0.0,08:57:08
2206.03,0.0,08:57:40
2206.03,0.0,08:58:13
2206.03,0.0,08:58:47
2206.03,0.0,08:59:20
2206.02,-0.0004533,08:59:53
2206.02,0.0,09:00:26
2228.75,1.03036237,09:01:00
2228.61,-0.00628155,09:01:33
2206.02,-1.0136363,09:02:06
2206.02,0.0,09:02:39
2206.02,0.0,09:03:12
2206.02,0.0,09:03:46
2206.02,0.0,09:04:19
2206.02,0.0,09:04:53
2206.02,0.0,09:05:26
2206.02,0.0,09:06:00
2206.02,0.0,09:06:34
2206.02,0.0,09:07:06
2206.02,0.0,09:07:40
2206.02,0.0,09:08:13
2206.02,0.0,09:08:47
2206.02,0.0,09:09:21
2206.02,0.0,09:09:54
2206.02,0.0,09:10:27
2206.02,0.0,09:11:00
2206.02,0.0,09:11:33
2206.02,0.0,09:12:06
2206.02,0.0,09:12:40
2206.02,0.0,09:13:13
2206.02,0.0,09:13:46
2206.02,0.0,09:14:20
2206.0,-0.00090661,09:14:53
2206.0,0.0,09:15:26
2206.03,0.00135993,09:16:00
2206.03,0.0,09:16:33
2206.03,0.0,09:17:06
2206.03,0.0,09:17:44
2206.03,0.0,09:18:17
2206.03,0.0,09:18:51
2206.03,0.0,09:19:24
2206.03,0.0,09:19:58
2206.03,0.0,09:20:31
2206.03,0.0,09:21:04
2206.03,0.0,09:21:37
2206.03,0.0,09:22:10
2229.92,1.08294085,09:22:44
2229.92,0.0,09:23:17
2229.92,0.0,09:23:51
2229.92,0.0,09:24:24
2229.92,0.0,09:24:57
2229.92,0.0,09:25:30
2229.92,0.0,09:26:04
2229.92,0.0,09:26:38
2229.92,0.0,09:27:11
2229.92,0.0,09:27:45
2206.55,-1.04801966,09:28:18
2206.55,0.0,09:28:51
2206.55,0.0,09:29:24
2206.55,0.0,09:29:58
2206.55,0.0,09:30:31
2206.55,0.0,09:31:04
2206.55,0.0,09:31:38
2206.55,0.0,09:32:11
2206.55,0.0,09:32:44
2206.55,0.0,09:33:18
2206.55,0.0,09:33:51
2206.55,0.0,09:34:24
2206.55,0.0,09:34:58
2206.55,0.0,09:35:31
2206.55,0.0,09:36:05
2206.55,0.0,09:36:38
2206.55,0.0,09:37:11
2206.55,0.0,09:37:45
2206.55,0.0,09:38:18
2206.55,0.0,09:38:52
2206.55,0.0,09:39:25
2206.55,0.0,09:39:59
2206.55,0.0,09:40:32
2206.55,0.0,09:41:06
2206.55,0.0,09:41:39
2206.55,0.0,09:42:13
2206.03,-0.0235662,09:42:46
2206.03,0.0,09:43:20
2206.03,0.0,09:43:53
2206.03,0.0,09:44:27
2206.03,0.0,09:45:00
2206.03,0.0,09:45:33
2206.03,0.0,09:46:06
2206.03,0.0,09:46:39
2227.08,0.9542028,09:47:12
2227.08,0.0,09:47:46
2227.08,0.0,09:48:19
2226.4,-0.03053325,09:48:52
2206.03,-0.91492993,09:49:25
2206.03,0.0,09:49:59
2206.03,0.0,09:50:32
2206.03,0.0,09:51:06
2170.23,-1.62282471,09:51:39
2170.23,0.0,09:52:12
2170.23,0.0,09:52:46
2199.85,1.3648323,09:53:19
2199.85,0.0,09:53:52
2199.85,0.0,09:54:26
2199.85,0.0,09:54:59
2199.85,0.0,09:55:33
2199.85,0.0,09:56:06
2161.97,-1.72193559,09:56:40
2161.97,0.0,09:57:13
2161.97,0.0,09:57:47
2161.97,0.0,09:58:20
2218.9,2.63324653,09:58:53
2218.9,0.0,09:59:27
2218.9,0.0,10:00:00
2218.9,0.0,10:00:34
2218.9,0.0,10:01:07
2218.9,0.0,10:01:41
2218.9,0.0,10:02:14
2218.9,0.0,10:02:47
2216.84,-0.09283879,10:03:21
2216.84,0.0,10:03:55
2216.84,0.0,10:04:28
2216.84,0.0,10:05:02
2215.64,-0.05413111,10:05:36
2215.64,0.0,10:06:09
2215.64,0.0,10:06:42
2215.18,-0.0207615,10:07:16
2215.18,0.0,10:07:49
2215.18,0.0,10:08:22
2215.18,0.0,10:08:56
2215.18,0.0,10:09:29
2215.18,0.0,10:10:03
2215.18,0.0,10:10:36
2215.18,0.0,10:11:10
2215.18,0.0,10:11:45
2215.18,0.0,10:12:18
2215.18,0.0,10:12:51
2215.18,0.0,10:13:24
2215.18,0.0,10:13:58
2215.18,0.0,10:14:32
2215.18,0.0,10:15:06
2215.18,0.0,10:15:38
2215.18,0.0,10:16:11
2215.18,0.0,10:16:45
2215.18,0.0,10:17:18
2215.18,0.0,10:17:52
2215.18,0.0,10:18:25
2215.18,0.0,10:18:58
2215.18,0.0,10:19:32
2215.18,0.0,10:20:05
2180.65,-1.5587898,10:20:38
2180.65,0.0,10:21:11
2210.17,1.35372481,10:21:45
2210.17,0.0,10:22:18
2210.17,0.0,10:22:51
2210.17,0.0,10:23:25
2210.17,0.0,10:23:57
2210.17,0.0,10:24:31
2210.17,0.0,10:25:04
2180.07,-1.36188619,10:25:38
2180.07,0.0,10:26:10
2209.64,1.35637846,10:26:43
2209.64,0.0,10:27:17
2209.64,0.0,10:27:51
2209.78,0.00633587,10:28:24
2209.78,0.0,10:28:59
2209.78,0.0,10:29:32
2209.78,0.0,10:30:05
2204.88,-0.22174153,10:30:39
2204.88,0.0,10:31:13
2204.88,0.0,10:31:46
2204.88,0.0,10:32:19
2204.88,0.0,10:32:53
2204.88,0.0,10:33:26
2204.88,0.0,10:33:59
2204.88,0.0,10:34:33
2204.88,0.0,10:35:06
2205.0,0.00544247,10:35:39
2205.0,0.0,10:36:12
2205.0,0.0,10:36:46
2205.0,0.0,10:37:20
2205.0,0.0,10:37:53
2205.0,0.0,10:38:27
2205.0,0.0,10:38:59
2190.01,-0.67981859,10:39:33
2190.01,0.0,10:40:06
2190.01,0.0,10:40:40
2190.01,0.0,10:41:13
2190.01,0.0,10:41:47
2190.01,0.0,10:42:20
2190.01,0.0,10:42:53
2190.01,0.0,10:43:26
2190.01,0.0,10:44:00
2190.01,0.0,10:44:33
2190.01,0.0,10:45:06
2190.01,0.0,10:45:39
2190.01,0.0,10:46:12
2190.01,0.0,10:46:46
2190.01,0.0,10:47:20
2190.01,0.0,10:47:53
2205.0,0.68447176,10:48:26
2205.0,0.0,10:48:59
2205.0,0.0,10:49:33
2205.0,0.0,10:50:07
2205.0,0.0,10:50:40
2205.0,0.0,10:51:13
2205.0,0.0,10:51:47
2190.01,-0.67981859,10:52:20
2190.01,0.0,10:52:53
2229.97,1.8246492,10:53:27
2229.62,-0.01569528,10:54:01
2229.62,0.0,10:54:34
2229.62,0.0,10:55:07
2229.62,0.0,10:55:40
2229.62,0.0,10:56:14
2229.62,0.0,10:56:47
2229.62,0.0,10:57:21
2229.62,0.0,10:57:55
2229.62,0.0,10:58:27
2227.45,-0.097326,10:59:00
2227.45,0.0,10:59:34
2227.45,0.0,11:00:07
2227.45,0.0,11:00:41
2195.5,-1.43437563,11:01:15
2195.06,-0.02004099,11:01:48
2195.06,0.0,11:02:22
2195.06,0.0,11:02:55
2224.09,1.3225151,11:03:29
2224.09,0.0,11:04:03
2224.09,0.0,11:04:36
2224.09,0.0,11:05:10
2224.09,0.0,11:05:43
2224.09,0.0,11:06:17
2224.09,0.0,11:06:51
2224.09,0.0,11:07:24
2190.55,-1.5080325,11:07:57
2190.55,0.0,11:08:30
2190.55,0.0,11:09:04
2190.55,0.0,11:09:37
2190.55,0.0,11:10:10
2190.55,0.0,11:10:44
2190.55,0.0,11:11:18
2190.55,0.0,11:11:51
2190.55,0.0,11:12:24
2190.55,0.0,11:12:57
2190.55,0.0,11:13:31
2190.55,0.0,11:14:05
2190.55,0.0,11:14:38
2190.55,0.0,11:15:12
2220.85,1.38321426,11:15:45
2194.25,-1.1977396,11:16:19
2194.25,0.0,11:16:52
2194.25,0.0,11:17:26
2194.25,0.0,11:17:59
2194.25,0.0,11:18:32
2194.25,0.0,11:19:06
2194.25,0.0,11:19:39
2194.25,0.0,11:20:12
2194.25,0.0,11:20:46
2220.6,1.2008659,11:21:19
2220.6,0.0,11:21:53
2220.6,0.0,11:22:26
2220.6,0.0,11:23:00
2220.6,0.0,11:23:33
2200.03,-0.92632622,11:24:07
2200.03,0.0,11:24:40
2200.03,0.0,11:25:14
2200.03,0.0,11:25:47
2200.03,0.0,11:26:20
2200.93,0.04090853,11:26:54
2200.93,0.0,11:27:27
2200.03,-0.0408918,11:28:00
2218.91,0.85817012,11:28:33
2218.91,0.0,11:29:07
2218.58,-0.01487217,11:29:41
2201.03,-0.79104653,11:30:14
2218.59,0.7978083,11:30:48
2218.59,0.0,11:31:24
2218.98,0.01757873,11:31:58
2218.98,0.0,11:32:31
2218.98,0.0,11:33:05
2218.98,0.0,11:33:38
2218.98,0.0,11:34:11
2218.98,0.0,11:34:44
2218.98,0.0,11:35:18
2205.3,-0.61649947,11:35:51
2205.3,0.0,11:36:24
2218.98,0.62032377,11:36:57
2218.98,0.0,11:37:30
2218.98,0.0,11:38:04
2218.98,0.0,11:38:38
2218.98,0.0,11:39:11
2218.98,0.0,11:39:45
2218.98,0.0,11:40:17
2218.98,0.0,11:40:51
2218.98,0.0,11:41:24
2218.98,0.0,11:41:58
2218.98,0.0,11:42:32
2218.98,0.0,11:43:05
2218.98,0.0,11:43:38
2218.98,0.0,11:44:12
2218.98,0.0,11:44:46
2218.98,0.0,11:45:19
2218.98,0.0,11:45:53
2218.98,0.0,11:46:26
2218.98,0.0,11:47:00
2218.98,0.0,11:47:33
2218.98,0.0,11:48:06
2218.98,0.0,11:48:40
2218.98,0.0,11:49:13
2218.98,0.0,11:49:47
2218.98,0.0,11:50:20
2219.0,0.00090132,11:50:53
2219.0,0.0,11:51:26
2219.0,0.0,11:52:00
2219.0,0.0,11:52:33
2219.0,0.0,11:53:06
2219.0,0.0,11:53:39
2219.0,0.0,11:54:12
2219.0,0.0,11:54:46
2220.0,0.04506534,11:55:19
2220.0,0.0,11:55:52
2220.0,0.0,11:56:25
2220.0,0.0,11:56:58
2220.0,0.0,11:57:32
2220.0,0.0,11:58:05
2220.0,0.0,11:58:38
2220.0,0.0,11:59:12
2221.0,0.04504505,11:59:45
2208.11,-0.5803692,12:00:18
2208.11,0.0,12:00:52
2208.11,0.0,12:01:25
2208.79,0.03079557,12:01:58
2208.79,0.0,12:02:32
2220.98,0.55188587,12:03:05
2220.98,0.0,12:03:38
2220.98,0.0,12:04:11
2205.1,-0.71499968,12:04:45
2205.1,0.0,12:05:18
2205.1,0.0,12:05:51
2205.1,0.0,12:06:25
2205.1,0.0,12:06:58
2239.99,1.58224117,12:07:32
2220.0,-0.8924147,12:08:05
2239.78,0.89099099,12:08:39
2239.78,0.0,12:09:12
2239.78,0.0,12:09:45
2239.78,0.0,12:10:19
2239.78,0.0,12:10:52
2239.78,0.0,12:11:26
2239.78,0.0,12:11:59
2239.78,0.0,12:12:33
2239.78,0.0,12:13:07
2237.3,-0.11072516,12:13:40
2237.3,0.0,12:14:13
2237.3,0.0,12:14:47
2237.3,0.0,12:15:20
2237.3,0.0,12:15:54
2237.3,0.0,12:16:28
2237.3,0.0,12:17:01
2220.0,-0.77325348,12:17:35
2220.0,0.0,12:18:09
2220.0,0.0,12:18:42
2220.0,0.0,12:19:16
2220.0,0.0,12:19:49
2220.0,0.0,12:20:23
2220.0,0.0,12:20:57
2220.0,0.0,12:21:30
2220.0,0.0,12:22:03
2220.0,0.0,12:22:37
2220.0,0.0,12:23:10
2220.0,0.0,12:23:44
2220.0,0.0,12:24:17
2220.0,0.0,12:24:51
2220.0,0.0,12:25:24
2220.0,0.0,12:25:57
2220.0,0.0,12:26:31
2220.0,0.0,12:27:04
2220.0,0.0,12:27:38
2220.0,0.0,12:28:11
2220.0,0.0,12:28:44
2220.0,0.0,12:29:18
2220.0,0.0,12:29:51
2220.0,0.0,12:30:25
2220.0,0.0,12:30:58
2220.0,0.0,12:31:31
2220.0,0.0,12:32:05
2220.0,0.0,12:32:38
2220.0,0.0,12:33:12
2220.0,0.0,12:33:46
2220.0,0.0,12:34:19
2220.0,0.0,12:34:52
2220.0,0.0,12:35:25
2220.0,0.0,12:35:58
2220.0,0.0,12:36:31
2220.0,0.0,12:37:05
2220.0,0.0,12:37:39
2220.0,0.0,12:38:12
2220.0,0.0,12:38:45
2220.0,0.0,12:39:18
2220.0,0.0,12:39:51
2220.0,0.0,12:40:25
2220.0,0.0,12:40:59
2220.0,0.0,12:41:32
2220.0,0.0,12:42:05
2220.0,0.0,12:42:38
2220.0,0.0,12:43:12
2234.1,0.63513514,12:43:46
2234.1,0.0,12:44:19
2220.0,-0.63112663,12:44:52
2233.92,0.62702703,12:45:25
2233.92,0.0,12:45:58
2233.92,0.0,12:46:31
2233.92,0.0,12:47:04
2235.0,0.04834551,12:47:38
2235.0,0.0,12:48:11
2235.0,0.0,12:48:44
2220.03,-0.66979866,12:49:17
2220.03,0.0,12:49:51
2220.03,0.0,12:50:24
2220.03,0.0,12:50:57
2220.03,0.0,12:51:31
2220.03,0.0,12:52:04
2220.03,0.0,12:52:37
2220.03,0.0,12:53:10
2220.03,0.0,12:53:44
2220.03,0.0,12:54:18
2220.03,0.0,12:54:51
2220.03,0.0,12:55:24
2225.0,0.22387085,12:55:57
2225.0,0.0,12:56:31
2220.0,-0.2247191,12:57:04
2220.0,0.0,12:57:38
2220.0,0.0,12:58:11
2220.0,0.0,12:58:44
2220.0,0.0,12:59:17
2220.0,0.0,12:59:50
2220.0,0.0,13:00:24
2220.0,0.0,13:00:58
2220.0,0.0,13:01:31
2220.0,0.0,13:02:05
2220.0,0.0,13:02:38
2220.0,0.0,13:03:12
2220.0,0.0,13:03:46
2220.0,0.0,13:04:20
2220.0,0.0,13:04:53
2220.0,0.0,13:05:26
2220.0,0.0,13:05:59
2220.0,0.0,13:06:32
2220.0,0.0,13:07:06
2220.0,0.0,13:07:39
2220.0,0.0,13:08:12
2220.0,0.0,13:08:46
2233.14,0.59189189,13:09:20
2233.14,0.0,13:09:53
2233.14,0.0,13:10:26
2233.14,0.0,13:11:00
2233.14,0.0,13:11:33
2205.54,-1.23592789,13:12:06
2205.54,0.0,13:12:39
2205.54,0.0,13:13:13
2205.54,0.0,13:13:47
2205.54,0.0,13:14:20
2205.54,0.0,13:14:53
2205.54,0.0,13:15:27
2208.04,0.11335093,13:16:00
2230.73,1.0276082,13:16:33
2230.73,0.0,13:17:07
2230.73,0.0,13:17:41
2230.73,0.0,13:18:14
2230.73,0.0,13:18:47
2229.61,-0.05020778,13:19:20
2229.61,0.0,13:19:53
2229.61,0.0,13:20:27
2229.61,0.0,13:21:00
2229.61,0.0,13:21:34
2229.61,0.0,13:22:07
2229.61,0.0,13:22:41
2229.61,0.0,13:23:14
2229.61,0.0,13:23:48
2228.29,-0.05920318,13:24:21
2228.29,0.0,13:24:54
2228.29,0.0,13:25:28
2228.29,0.0,13:26:01
2228.29,0.0,13:26:35
2228.29,0.0,13:27:08
2210.0,-0.82080878,13:27:41
2208.0,-0.09049774,13:28:15
2210.01,0.09103261,13:28:48
2190.01,-0.90497328,13:29:22
2190.01,0.0,13:29:55
2190.67,0.03013685,13:30:29
2190.67,0.0,13:31:02
2210.01,0.88283493,13:31:36
2210.01,0.0,13:32:09
2210.01,0.0,13:32:42
2210.01,0.0,13:33:16
2210.01,0.0,13:33:49
2210.01,0.0,13:34:22
2210.01,0.0,13:34:55
2210.01,0.0,13:35:29
2210.01,0.0,13:36:03
2210.01,0.0,13:36:36
2210.01,0.0,13:37:09
2210.01,0.0,13:37:49
2193.45,-0.74931788,13:38:22
2193.45,0.0,13:38:56
2193.45,0.0,13:39:29
2194.2,0.03419271,13:40:03
2194.2,0.0,13:40:36
2194.2,0.0,13:41:09
2194.2,0.0,13:41:42
2194.2,0.0,13:42:16
2194.2,0.0,13:42:49
2194.2,0.0,13:43:23
2194.2,0.0,13:43:56
2194.2,0.0,13:44:29
2194.2,0.0,13:45:07
2194.2,0.0,13:45:40
2194.2,0.0,13:46:13
2194.2,0.0,13:46:46
2194.2,0.0,13:47:19
2194.2,0.0,13:47:53
2200.04,0.26615623,13:48:26
2210.0,0.45271904,13:49:00
2210.0,0.0,13:49:33
2210.0,0.0,13:50:06
2210.0,0.0,13:50:40
2210.0,0.0,13:51:13
2210.0,0.0,13:51:46
2210.0,0.0,13:52:20
2210.0,0.0,13:52:53
2210.0,0.0,13:53:26
2210.0,0.0,13:53:59
2210.0,0.0,13:54:33
2210.0,0.0,13:55:06
2210.0,0.0,13:55:40
2232.51,1.01855204,13:56:12
2232.51,0.0,13:56:46
2232.51,0.0,13:57:19
2232.51,0.0,13:57:52
2232.51,0.0,13:58:26
2232.51,0.0,13:58:59
2232.51,0.0,13:59:32
2232.51,0.0,14:00:05
2232.51,0.0,14:00:39
2232.51,0.0,14:01:12
2232.51,0.0,14:01:46
2232.51,0.0,14:02:19
2232.51,0.0,14:02:52
2232.51,0.0,14:03:25
2232.51,0.0,14:03:58
2232.51,0.0,14:04:31
2232.51,0.0,14:05:04
2239.49,0.31265257,14:05:37
2239.49,0.0,14:06:10
2239.49,0.0,14:06:43
2239.49,0.0,14:07:16
2239.49,0.0,14:07:49
2239.49,0.0,14:08:23
2239.49,0.0,14:08:55
2239.49,0.0,14:09:28
2239.49,0.0,14:10:01
2239.49,0.0,14:10:34
2239.49,0.0,14:11:06
2239.49,0.0,14:11:39
2239.49,0.0,14:12:12
2239.49,0.0,14:12:45
2239.49,0.0,14:13:18
2239.49,0.0,14:13:51
2239.49,0.0,14:14:24
2239.49,0.0,14:14:56
2239.49,0.0,14:15:29
2239.49,0.0,14:16:02
2234.99,-0.20093861,14:16:35
2234.99,0.0,14:17:08
2234.99,0.0,14:17:41
2207.96,-1.20940138,14:18:14
2207.96,0.0,14:18:47
2207.96,0.0,14:19:19
2207.96,0.0,14:19:53
2207.96,0.0,14:20:26
2208.04,0.00362325,14:20:58
2208.04,0.0,14:21:31
2208.04,0.0,14:22:04
2208.04,0.0,14:22:37
2208.03,-0.00045289,14:23:09
2208.03,0.0,14:23:43
2208.03,0.0,14:24:16
2208.03,0.0,14:24:49
2208.03,0.0,14:25:21
2208.03,0.0,14:25:54
2208.03,0.0,14:26:27
2208.03,0.0,14:27:00
2208.03,0.0,14:27:33
2208.03,0.0,14:28:07
2208.03,0.0,14:28:40
2208.03,0.0,14:29:13
2208.05,0.00090578,14:29:46
2233.94,1.1725278,14:30:19
2233.94,0.0,14:30:51
2233.94,0.0,14:31:25
2233.94,0.0,14:31:58
2233.94,0.0,14:32:32
2233.94,0.0,14:33:04
2233.94,0.0,14:33:37
2233.94,0.0,14:34:10
2233.94,0.0,14:34:43
2233.94,0.0,14:35:16
2233.94,0.0,14:35:49
2233.94,0.0,14:36:22
2233.94,0.0,14:36:54
2233.94,0.0,14:37:27
2233.94,0.0,14:38:00
2233.94,0.0,14:38:33
2233.94,0.0,14:39:06
2233.94,0.0,14:39:39
2233.94,0.0,14:40:13
2233.94,0.0,14:40:46
2233.94,0.0,14:41:19
2233.98,0.00179056,14:41:51
2233.98,0.0,14:42:24
2233.98,0.0,14:42:58
2233.98,0.0,14:43:31
2233.98,0.0,14:44:04
2233.98,0.0,14:44:37
2233.98,0.0,14:45:10
2233.98,0.0,14:45:43
2233.99,0.00044763,14:46:16
2233.99,0.0,14:46:49
2233.99,0.0,14:47:23
2233.99,0.0,14:47:55
2233.99,0.0,14:48:28
2233.99,0.0,14:49:01
2233.99,0.0,14:49:34
2233.99,0.0,14:50:07
2233.99,0.0,14:50:40
2233.99,0.0,14:51:14
2233.99,0.0,14:51:47
2233.99,0.0,14:52:20
2208.38,-1.14637935,14:52:53
2208.38,0.0,14:53:27
2208.38,0.0,14:54:00
2208.51,0.00588667,14:54:33
2208.51,0.0,14:55:09
2208.51,0.0,14:55:43
2208.51,0.0,14:56:16
2208.51,0.0,14:56:49
2208.51,0.0,14:57:22
2208.51,0.0,14:57:55
2208.51,0.0,14:58:27
2208.51,0.0,14:59:00
2208.51,0.0,14:59:33
2208.51,0.0,15:00:07
2208.51,0.0,15:00:40
2208.51,0.0,15:01:13
2208.51,0.0,15:01:47
2208.51,0.0,15:02:20
2208.51,0.0,15:02:52
2208.51,0.0,15:03:26
2208.51,0.0,15:03:59
2208.51,0.0,15:04:31
2208.51,0.0,15:05:06
2208.51,0.0,15:05:39
2233.99,1.15371902,15:06:12
2239.87,0.26320619,15:06:45
2215.0,-1.1103323,15:07:19
2215.0,0.0,15:07:51
2215.0,0.0,15:08:24
2215.0,0.0,15:08:57
2215.0,0.0,15:09:30
2215.0,0.0,15:10:03
2215.0,0.0,15:10:36
2215.0,0.0,15:11:10
2239.53,1.10744921,15:11:43
2239.53,0.0,15:12:16
2239.49,-0.00178609,15:12:49
2239.49,0.0,15:13:22
2239.49,0.0,15:13:55
2239.49,0.0,15:14:29
2239.49,0.0,15:15:02
2239.49,0.0,15:15:35
2239.49,0.0,15:16:08
2239.49,0.0,15:16:41
2239.49,0.0,15:17:15
2239.49,0.0,15:17:48
2239.49,0.0,15:18:21
2239.49,0.0,15:18:54
2239.49,0.0,15:19:26
2239.49,0.0,15:19:59
2239.49,0.0,15:20:32
2239.49,0.0,15:21:05
2239.49,0.0,15:21:38
2239.49,0.0,15:22:12
2239.49,0.0,15:22:45
2210.6,-1.29002585,15:23:18
2210.6,0.0,15:23:50
2210.6,0.0,15:24:23
2210.6,0.0,15:24:56
2234.99,1.10332037,15:25:30
2234.99,0.0,15:26:03
2234.99,0.0,15:26:36
2234.99,0.0,15:27:09
2234.99,0.0,15:27:42
2234.99,0.0,15:28:15
2211.56,-1.04832684,15:28:48
2211.56,0.0,15:29:22
2211.56,0.0,15:29:54
2211.56,0.0,15:30:27
2211.56,0.0,15:31:00
2211.56,0.0,15:31:33
2211.56,0.0,15:32:06
2211.56,0.0,15:32:39
2211.56,0.0,15:33:13
2211.56,0.0,15:33:46
2211.56,0.0,15:34:19
2212.04,0.02170414,15:34:52
2212.04,0.0,15:35:25
2212.04,0.0,15:35:58
2212.04,0.0,15:36:32
2212.04,0.0,15:37:05
2212.04,0.0,15:37:38
2212.04,0.0,15:38:11
2212.04,0.0,15:38:44
2212.04,0.0,15:39:17
2212.04,0.0,15:39:51
2212.04,0.0,15:40:24
2212.04,0.0,15:40:57
2212.04,0.0,15:41:30
2212.04,0.0,15:42:03
2212.04,0.0,15:42:36
2212.04,0.0,15:43:09
2212.04,0.0,15:43:43
2212.04,0.0,15:44:16
2212.04,0.0,15:44:49
2212.04,0.0,15:45:22
2212.04,0.0,15:45:54
2212.04,0.0,15:46:28
2212.04,0.0,15:47:01
2212.04,0.0,15:47:35
2212.04,0.0,15:48:08
2212.04,0.0,15:48:41
2212.04,0.0,15:49:14
2212.04,0.0,15:49:47
2212.04,0.0,15:50:20
2212.04,0.0,15:50:54
2212.04,0.0,15:51:27
2212.04,0.0,15:52:00
2233.0,0.94754164,15:52:33
2233.0,0.0,15:53:06
2233.0,0.0,15:53:39
2233.0,0.0,15:54:13
2220.04,-0.58038513,15:54:46
2220.04,0.0,15:55:19
2220.04,0.0,15:55:52
2220.04,0.0,15:56:25
2220.04,0.0,15:56:58
2220.04,0.0,15:57:40
2220.04,0.0,15:58:13
2220.04,0.0,15:58:46
2220.04,0.0,15:59:19
2220.04,0.0,15:59:53
2220.04,0.0,16:00:26
2239.03,0.85538999,16:00:59
2239.03,0.0,16:01:32
2239.03,0.0,16:02:05
2239.03,0.0,16:02:38
2220.06,-0.84724189,16:03:12
2220.06,0.0,16:03:45
2220.06,0.0,16:04:18
2220.06,0.0,16:04:51
2220.06,0.0,16:05:23
2220.06,0.0,16:05:56
2220.06,0.0,16:06:29
2220.06,0.0,16:07:03
2220.06,0.0,16:07:36
2238.05,0.81033846,16:08:09
2238.05,0.0,16:08:42
2238.05,0.0,16:09:15
2238.05,0.0,16:09:48
2238.05,0.0,16:10:21
2220.04,-0.80471839,16:10:55
2220.04,0.0,16:11:27
2208.1,-0.53782815,16:12:00
2208.1,0.0,16:12:33
2208.1,0.0,16:13:06
2208.1,0.0,16:13:39
2208.1,0.0,16:14:12
2208.1,0.0,16:14:45
2208.1,0.0,16:15:18
2208.1,0.0,16:15:51
2208.1,0.0,16:16:24
2208.1,0.0,16:16:57
2208.1,0.0,16:17:30
2208.1,0.0,16:18:03
2208.1,0.0,16:18:36
2235.66,1.24813188,16:19:09
2235.66,0.0,16:19:42
2235.66,0.0,16:20:14
2235.66,0.0,16:20:48
2235.66,0.0,16:21:21
2235.66,0.0,16:21:53
2235.66,0.0,16:22:27
2235.66,0.0,16:22:59
2235.66,0.0,16:23:33
2210.52,-1.12450015,16:24:05
2210.52,0.0,16:24:38
2210.52,0.0,16:25:11
2210.52,0.0,16:25:44
2210.52,0.0,16:26:18
2230.31,0.89526446,16:26:50
2230.31,0.0,16:27:23
2230.31,0.0,16:27:56
2230.31,0.0,16:28:29
2230.31,0.0,16:29:02
2230.31,0.0,16:29:35
2230.31,0.0,16:30:08
2230.31,0.0,16:30:41
2230.31,0.0,16:31:14
2230.31,0.0,16:31:46
2210.5,-0.88821733,16:32:19
2228.28,0.80434291,16:32:52
2228.28,0.0,16:33:25
2227.76,-0.02333639,16:33:58
2227.76,0.0,16:34:31
2215.0,-0.57277265,16:35:04
2215.0,0.0,16:35:36
2215.0,0.0,16:36:10
2215.0,0.0,16:36:42
2215.0,0.0,16:37:15
2215.0,0.0,16:37:48
2215.0,0.0,16:38:22
2215.0,0.0,16:38:55
2210.54,-0.2013544,16:39:28
2210.54,0.0,16:40:01
2220.0,0.42794973,16:40:34
2220.0,0.0,16:41:07
2220.0,0.0,16:41:41
2220.0,0.0,16:42:14
2220.0,0.0,16:42:47
2220.0,0.0,16:43:21
2220.0,0.0,16:43:53
2220.0,0.0,16:44:26
2220.0,0.0,16:45:00
2220.0,0.0,16:45:34
2224.98,0.22432432,16:46:06
2224.98,0.0,16:46:40
2224.98,0.0,16:47:13
2224.98,0.0,16:47:47
2224.98,0.0,16:48:20
2224.98,0.0,16:48:53
2224.98,0.0,16:49:26
2224.98,0.0,16:49:59
2224.98,0.0,16:50:32
2224.98,0.0,16:51:05
2224.98,0.0,16:51:38
2224.98,0.0,16:52:11
2224.98,0.0,16:52:44
2224.98,0.0,16:53:17
2224.98,0.0,16:53:51
2224.98,0.0,16:54:24
2224.98,0.0,16:54:57
2224.98,0.0,16:55:31
2224.98,0.0,16:56:04
2224.98,0.0,16:56:37
2224.98,0.0,16:57:11
2224.98,0.0,16:57:44
2224.98,0.0,16:58:17
2224.98,0.0,16:58:50
2224.98,0.0,16:59:23
2224.98,0.0,16:59:55
2224.98,0.0,17:00:28
2224.98,0.0,17:01:02
2210.01,-0.67281504,17:01:35
2200.07,-0.44977172,17:02:08
2200.07,0.0,17:02:41
2200.07,0.0,17:03:14
2200.07,0.0,17:03:48
2200.07,0.0,17:04:21
2200.07,0.0,17:04:54
2200.07,0.0,17:05:27
2200.07,0.0,17:06:00
2200.07,0.0,17:06:33
2200.07,0.0,17:07:06
2200.07,0.0,17:07:39
2200.07,0.0,17:08:12
2200.07,0.0,17:08:45
2200.07,0.0,17:09:19
2200.07,0.0,17:09:52
2200.07,0.0,17:10:25
2217.18,0.77770253,17:10:58
2202.44,-0.66480845,17:11:31
2202.44,0.0,17:12:04
2202.44,0.0,17:12:37
2202.44,0.0,17:13:10
2216.27,0.62793992,17:13:43
2215.85,-0.01895076,17:14:16
2202.44,-0.60518537,17:14:50
2202.44,0.0,17:15:23
2202.44,0.0,17:15:56
2202.44,0.0,17:16:30
2202.44,0.0,17:17:03
2201.06,-0.06265778,17:17:36
2201.06,0.0,17:18:09
2201.06,0.0,17:18:43
2200.0,-0.04815861,17:19:16
2200.0,0.0,17:19:49
2200.0,0.0,17:20:23
2200.0,0.0,17:20:56
2198.0,-0.09090909,17:21:29
2198.0,0.0,17:22:01
2198.0,0.0,17:22:36
2198.0,0.0,17:23:09
2198.0,0.0,17:23:43
2198.0,0.0,17:24:15
2198.0,0.0,17:24:49
2195.0,-0.13648772,17:25:21
2195.0,0.0,17:25:54
2195.0,0.0,17:26:27
2195.0,0.0,17:27:00
2195.0,0.0,17:27:33
2195.0,0.0,17:28:06
2195.0,0.0,17:28:39
2211.89,0.76947608,17:29:12
2211.89,0.0,17:29:45
2211.89,0.0,17:30:18
2211.89,0.0,17:30:52
2211.89,0.0,17:31:24
2211.89,0.0,17:31:57
2211.89,0.0,17:32:30
2192.66,-0.86939224,17:33:03
2192.7,0.00182427,17:33:37
2190.0,-0.12313586,17:34:10
2190.0,0.0,17:34:43
2190.0,0.0,17:35:16
2190.0,0.0,17:35:49
2190.0,0.0,17:36:22
2190.0,0.0,17:36:55
2190.0,0.0,17:37:28
2190.0,0.0,17:38:01
2190.0,0.0,17:38:34
2190.0,0.0,17:39:07
2190.0,0.0,17:39:40
2190.0,0.0,17:40:13
2190.0,0.0,17:40:46
2190.0,0.0,17:41:19
2190.0,0.0,17:41:52
2190.0,0.0,17:42:25
2190.0,0.0,17:42:58
2190.0,0.0,17:43:31
2190.0,0.0,17:44:04
2190.0,0.0,17:44:37
2190.0,0.0,17:45:10
2190.0,0.0,17:45:44
2190.0,0.0,17:46:17
2190.0,0.0,17:46:50
2190.0,0.0,17:47:22
2190.0,0.0,17:47:55
2190.0,0.0,17:48:28
2190.0,0.0,17:49:01
2190.0,0.0,17:49:35
2190.0,0.0,17:50:08
2190.0,0.0,17:50:41
2190.0,0.0,17:51:14
2190.0,0.0,17:51:47
2190.0,0.0,17:52:20
2190.0,0.0,17:52:53
2190.0,0.0,17:53:26
2190.0,0.0,17:53:59
2190.0,0.0,17:54:33
2190.0,0.0,17:55:06
2190.0,0.0,17:55:39
2190.0,0.0,17:56:11
2190.0,0.0,17:56:45
2190.0,0.0,17:57:18
2190.0,0.0,17:57:52
2185.0,-0.2283105,17:58:24
2182.0,-0.13729977,17:58:58
2182.0,0.0,17:59:32
2182.0,0.0,18:00:05
2182.0,0.0,18:00:39
2182.0,0.0,18:01:12
2190.0,0.36663611,18:01:46
2190.0,0.0,18:02:19
2190.0,0.0,18:02:53
2190.0,0.0,18:03:26
2190.0,0.0,18:04:00
2190.0,0.0,18:04:34
2190.0,0.0,18:05:07
2190.0,0.0,18:05:40
2190.0,0.0,18:06:14
2190.0,0.0,18:06:47
2190.0,0.0,18:07:21
2190.0,0.0,18:07:54
2190.0,0.0,18:08:28
2190.0,0.0,18:09:01
2190.0,0.0,18:09:35
2190.0,0.0,18:10:12
2190.0,0.0,18:10:45
2190.0,0.0,18:11:19
2190.0,0.0,18:11:52
2190.0,0.0,18:12:26
2190.0,0.0,18:12:59
2190.0,0.0,18:13:33
2190.0,0.0,18:14:06
2190.0,0.0,18:14:40
2184.01,-0.27351598,18:15:13
2184.01,0.0,18:15:47
2184.01,0.0,18:16:20
2184.01,0.0,18:16:54
2184.01,0.0,18:17:28
2184.01,0.0,18:18:01
2184.01,0.0,18:18:35
2184.01,0.0,18:19:08
2184.01,0.0,18:19:42
2184.01,0.0,18:20:16
2184.01,0.0,18:20:49
2184.01,0.0,18:21:23
2184.01,0.0,18:21:56
2165.0,-0.87041726,18:22:29
2162.89,-0.09745958,18:23:03
2160.0,-0.13361752,18:23:36
2176.9,0.78240741,18:24:10
2145.0,-1.46538656,18:24:43
2145.0,0.0,18:25:16
2174.91,1.39440559,18:25:49
2146.0,-1.32925041,18:26:23
2145.0,-0.04659832,18:26:56
2136.0,-0.41958042,18:27:29
2136.0,0.0,18:28:02
2136.0,0.0,18:28:36
2136.0,0.0,18:29:09
2185.94,2.33801498,18:29:42
2105.16,-3.69543537,18:30:16
2120.07,0.7082597,18:30:49
2150.03,1.41316089,18:31:22
2145.0,-0.23395022,18:31:55
2143.94,-0.04941725,18:32:29
2143.94,0.0,18:33:02
2143.94,0.0,18:33:36
2112.04,-1.48791477,18:34:09
2112.04,0.0,18:34:42
2105.0,-0.33332702,18:35:16
2105.0,0.0,18:35:49
2105.0,0.0,18:36:23
2105.0,0.0,18:36:56
2110.92,0.28123515,18:37:30
2110.92,0.0,18:38:03
2119.96,0.42824929,18:38:37
2132.01,0.56840695,18:39:11
2132.01,0.0,18:39:44
2132.01,0.0,18:40:18
2132.01,0.0,18:40:51
2132.04,0.00140712,18:41:25
2132.01,-0.0014071,18:41:59
2132.01,0.0,18:42:32
2132.01,0.0,18:43:06
2132.01,0.0,18:43:39
2132.01,0.0,18:44:13
2132.01,0.0,18:44:46
2132.01,0.0,18:45:20
2131.6,-0.01923068,18:45:53
2131.47,-0.00609871,18:46:26
2131.32,-0.0070374,18:47:00
2131.13,-0.00891466,18:47:33
2155.98,1.16604806,18:48:07
2155.98,0.0,18:48:40
2117.47,-1.78619468,18:49:13
2117.47,0.0,18:49:47
2117.47,0.0,18:50:20
2117.47,0.0,18:50:54
2117.47,0.0,18:51:27
2117.47,0.0,18:52:01
2117.47,0.0,18:52:34
2117.47,0.0,18:53:08
2147.96,1.43992595,18:53:42
2118.43,-1.37479283,18:54:15
2118.43,0.0,18:54:49
2118.43,0.0,18:55:22
2189.35,3.34776226,18:55:55
2189.35,0.0,18:56:28
2188.63,-0.03288647,18:57:02
2188.63,0.0,18:57:35
2186.0,-0.1201665,18:58:08
2120.07,-3.01601098,18:58:41
2120.07,0.0,18:59:14
2120.07,0.0,18:59:47
2120.07,0.0,19:00:21
2120.07,0.0,19:00:54
2120.07,0.0,19:01:26
2120.0,-0.00330178,19:02:00
2110.92,-0.42830189,19:02:33
2066.82,-2.08913649,19:03:06
2126.94,2.90881644,19:03:40
2126.94,0.0,19:04:12
2126.94,0.0,19:04:46
2126.94,0.0,19:05:19
2126.94,0.0,19:05:52
2126.94,0.0,19:06:25
2070.04,-2.67520475,19:06:59
2100.57,1.47485073,19:07:33
2070.03,-1.45389109,19:08:06
2050.0,-0.96761883,19:08:40
2050.01,0.0004878,19:09:13
2050.0,-0.0004878,19:09:46
2089.33,1.91853659,19:10:19
2089.33,0.0,19:10:53
2069.97,-0.92661284,19:11:26
2050.04,-0.96281589,19:12:00
2050.04,0.0,19:12:33
2050.0,-0.00195118,19:13:06
2099.71,2.42487805,19:13:39
2020.0,-3.79623853,19:14:13
2099.02,3.91188119,19:14:46
2060.51,-1.8346657,19:15:20
2020.0,-1.96601812,19:15:53
2010.01,-0.49455446,19:16:26
2020.22,0.50795767,19:17:00
2095.65,3.73375177,19:17:34
2095.42,-0.01097512,19:18:07
2095.42,0.0,19:18:40
2095.42,0.0,19:19:13
2094.63,-0.03770127,19:19:46
2090.0,-0.22104142,19:20:20
2089.77,-0.01100478,19:20:54
2089.62,-0.00717782,19:21:27
2089.5,-0.00574267,19:22:01
2089.39,-0.00526442,19:22:34
2089.39,0.0,19:23:07
2088.86,-0.02536626,19:23:41
2088.86,0.0,19:24:14
2088.86,0.0,19:24:47
2088.86,0.0,19:25:20
2088.86,0.0,19:25:53
2084.79,-0.19484312,19:26:26
2085.0,0.01007296,19:27:00
2084.97,-0.00143885,19:27:33
2084.73,-0.01151096,19:28:06
2095.0,0.49262974,19:28:40
2095.0,0.0,19:29:13
2095.0,0.0,19:29:46
2095.0,0.0,19:30:19
2095.0,0.0,19:30:52
2126.64,1.51026253,19:31:26
2126.64,0.0,19:31:59
2136.49,0.46317195,19:32:32
2136.49,0.0,19:33:05
2136.49,0.0,19:33:38
2136.49,0.0,19:34:12
2136.49,0.0,19:34:45
2070.22,-3.10181653,19:35:19
2130.49,2.91128479,19:35:52
2130.36,-0.00610188,19:36:26
2100.03,-1.42370304,19:36:59
2100.03,0.0,19:37:33
2100.03,0.0,19:38:06
2100.03,0.0,19:38:40
2100.06,0.00142855,19:39:13
2100.06,0.0,19:39:46
2100.06,0.0,19:40:20
2100.0,-0.00285706,19:40:53
2100.0,0.0,19:41:26
2100.45,0.02142857,19:42:00
2100.45,0.0,19:42:33
2100.45,0.0,19:43:06
2100.45,0.0,19:43:40
2131.54,1.48015901,19:44:14
2131.54,0.0,19:44:47
2131.54,0.0,19:45:21
2131.54,0.0,19:45:54
2131.54,0.0,19:46:27
2131.54,0.0,19:47:00
2131.54,0.0,19:47:34
2131.54,0.0,19:48:08
2129.67,-0.08773,19:48:40
2129.67,0.0,19:49:14
2103.31,-1.23775045,19:49:47
2103.31,0.0,19:50:21
2143.79,1.92458553,19:50:54
2143.79,0.0,19:51:28
2143.79,0.0,19:52:01
2142.97,-0.03825002,19:52:34
2142.97,0.0,19:53:07
2142.6,-0.01726576,19:53:41
2142.6,0.0,19:54:14
2142.6,0.0,19:54:47
2142.6,0.0,19:55:20
2142.6,0.0,19:55:53
2142.6,0.0,19:56:26
2140.87,-0.08074302,19:56:59
2140.87,0.0,19:57:32
2140.54,-0.01541429,19:58:05
2140.54,0.0,19:58:39
2140.54,0.0,19:59:12
2140.54,0.0,19:59:45
2140.54,0.0,20:00:18
2140.54,0.0,20:00:51
2140.54,0.0,20:01:24
2140.54,0.0,20:01:58
2140.54,0.0,20:02:30
2140.54,0.0,20:03:04
2140.54,0.0,20:03:37
2140.54,0.0,20:04:10
2135.23,-0.24806824,20:04:43
2135.23,0.0,20:05:16
2135.23,0.0,20:05:49
2135.23,0.0,20:06:22
2101.55,-1.57734764,20:06:56
2101.87,0.01522686,20:07:29
2144.96,2.05007922,20:08:02
2144.96,0.0,20:08:35
2144.96,0.0,20:09:09
2144.96,0.0,20:09:41
2144.96,0.0,20:10:15
2144.96,0.0,20:10:48
2144.96,0.0,20:11:20
2144.96,0.0,20:11:53
2144.96,0.0,20:12:26
2144.96,0.0,20:12:59
2144.96,0.0,20:13:32
2144.95,-0.00046621,20:14:06
2144.95,0.0,20:14:39
2144.95,0.0,20:15:12
2120.32,-1.14827851,20:15:45
2120.32,0.0,20:16:19
2120.32,0.0,20:16:51
2120.89,0.02688273,20:17:25
2167.45,2.1953048,20:17:58
2167.45,0.0,20:18:30
2167.45,0.0,20:19:04
2167.45,0.0,20:19:37
2166.61,-0.03875522,20:20:10
2166.61,0.0,20:20:43
2166.61,0.0,20:21:17
2166.61,0.0,20:21:50
2140.0,-1.22818597,20:22:23
2130.06,-0.46448598,20:22:56
2130.06,0.0,20:23:34
2130.06,0.0,20:24:07
2130.06,0.0,20:24:39
2130.06,0.0,20:25:12
2130.06,0.0,20:25:46
2130.06,0.0,20:26:18
2130.06,0.0,20:26:51
2130.06,0.0,20:27:25
2130.06,0.0,20:27:58
2130.06,0.0,20:28:31
2130.06,0.0,20:29:05
2130.06,0.0,20:29:38
2130.06,0.0,20:30:12
2130.06,0.0,20:30:45
2130.06,0.0,20:31:18
2146.61,0.77697342,20:31:51
2146.61,0.0,20:32:24
2146.61,0.0,20:32:58
2146.61,0.0,20:33:31
2105.03,-1.93700765,20:34:03
2105.03,0.0,20:34:36
2105.03,0.0,20:35:09
2105.03,0.0,20:35:42
2105.03,0.0,20:36:15
2105.03,0.0,20:36:48
2105.03,0.0,20:37:21
2105.03,0.0,20:37:54
2105.03,0.0,20:38:27
2105.03,0.0,20:38:59
2105.03,0.0,20:39:32
2105.03,0.0,20:40:05
2106.59,0.07410821,20:40:39
2106.59,0.0,20:41:12
2106.59,0.0,20:41:46
2106.59,0.0,20:42:19
2106.59,0.0,20:42:52
2139.92,1.58217783,20:43:26
2139.92,0.0,20:43:59
2139.92,0.0,20:44:33
2121.0,-0.8841452,20:45:06
2138.66,0.83262612,20:45:38
2121.0,-0.8257507,20:46:11
2143.66,1.06836398,20:46:45
2143.46,-0.00932984,20:47:18
2143.46,0.0,20:47:51
2142.69,-0.03592323,20:48:24
2110.0,-1.52565233,20:48:57
2110.0,0.0,20:49:30
2141.82,1.50805687,20:50:03
2141.82,0.0,20:50:37
2141.03,-0.03688452,20:51:10
2140.11,-0.04296997,20:51:43
2140.11,0.0,20:52:16
2110.04,-1.40506796,20:52:49
2110.04,0.0,20:53:22
2110.04,0.0,20:53:55
2138.46,1.3468939,20:54:28
2138.46,0.0,20:55:01
2138.46,0.0,20:55:34
2138.46,0.0,20:56:07
2138.46,0.0,20:56:40
2138.46,0.0,20:57:13
2138.46,0.0,20:57:47
2138.46,0.0,20:58:19
2111.67,-1.25277069,20:58:52
2111.67,0.0,20:59:26
2111.67,0.0,20:59:59
2112.02,0.01657456,21:00:32
2112.02,0.0,21:01:05
2112.02,0.0,21:01:38
2112.02,0.0,21:02:11
2112.02,0.0,21:02:44
2112.02,0.0,21:03:17
2112.02,0.0,21:03:50
2112.02,0.0,21:04:24
2112.02,0.0,21:04:57
2112.02,0.0,21:05:30
2135.78,1.12498935,21:06:02
2135.78,0.0,21:06:35
2135.78,0.0,21:07:08
2135.78,0.0,21:07:41
2135.78,0.0,21:08:13
2135.78,0.0,21:08:47
2117.09,-0.87509013,21:09:20
2115.03,-0.09730337,21:09:53
2115.0,-0.00141842,21:10:27
2111.0,-0.1891253,21:10:59
2111.0,0.0,21:11:33
2110.0,-0.04737091,21:12:06
2110.0,0.0,21:12:39
2110.0,0.0,21:13:12
2110.0,0.0,21:13:45
2109.99,-0.00047393,21:14:18
2109.99,0.0,21:14:50
2109.99,0.0,21:15:24
2109.99,0.0,21:15:57
2109.99,0.0,21:16:30
2109.99,0.0,21:17:02
2109.99,0.0,21:17:36
2109.99,0.0,21:18:09
2109.99,0.0,21:18:42
2109.99,0.0,21:19:14
2105.0,-0.23649401,21:19:48
2105.0,0.0,21:20:21
2109.88,0.23182898,21:20:54
2110.0,0.00568753,21:21:27
2100.55,-0.4478673,21:22:00
2100.55,0.0,21:22:34
2100.55,0.0,21:23:07
2100.55,0.0,21:23:40
2100.55,0.0,21:24:13
2100.55,0.0,21:24:47
2100.55,0.0,21:25:20
2100.55,0.0,21:25:52
2100.55,0.0,21:26:25
2100.55,0.0,21:26:59
2115.0,0.68791507,21:27:32
2115.0,0.0,21:28:06
2115.0,0.0,21:28:39
2100.51,-0.68510638,21:29:11
2100.51,0.0,21:29:45
2100.51,0.0,21:30:18
2100.51,0.0,21:30:51
2100.51,0.0,21:31:24
2100.51,0.0,21:31:57
2100.51,0.0,21:32:30
2100.51,0.0,21:33:04
2100.51,0.0,21:33:37
2100.51,0.0,21:34:11
2100.51,0.0,21:34:44
2100.51,0.0,21:35:17
2100.55,0.0019043,21:35:50
2137.98,1.78191426,21:36:22
2137.77,-0.00982236,21:36:56
2137.77,0.0,21:37:29
2137.77,0.0,21:38:02
2137.77,0.0,21:38:35
2137.77,0.0,21:39:08
2137.77,0.0,21:39:41
2137.77,0.0,21:40:15
2137.77,0.0,21:40:48
2137.77,0.0,21:41:21
2137.77,0.0,21:41:54
2137.77,0.0,21:42:27
2137.77,0.0,21:43:00
2137.77,0.0,21:43:33
2137.77,0.0,21:44:06
2137.77,0.0,21:44:39
2137.77,0.0,21:45:12
2137.77,0.0,21:45:46
2137.77,0.0,21:46:19
2137.77,0.0,21:46:52
2137.77,0.0,21:47:25
2137.77,0.0,21:47:58
2137.77,0.0,21:48:31
2100.59,-1.73919552,21:49:04
2100.59,0.0,21:49:37
2100.59,0.0,21:50:10
2100.59,0.0,21:50:43
2100.59,0.0,21:51:17
2100.59,0.0,21:51:50
2100.59,0.0,21:52:23
2100.59,0.0,21:52:55
2128.76,1.3410518,21:53:29
2128.76,0.0,21:54:06
2128.16,-0.02818542,21:54:40
2128.16,0.0,21:55:13
2128.16,0.0,21:55:46
2128.16,0.0,21:56:19
2128.16,0.0,21:56:52
2128.16,0.0,21:57:25
2128.16,0.0,21:57:58
2128.16,0.0,21:58:31
2128.16,0.0,21:59:04
2128.16,0.0,21:59:37
2128.16,0.0,22:00:10
2128.16,0.0,22:00:44
2128.16,0.0,22:01:18
2128.16,0.0,22:01:51
2128.16,0.0,22:02:24
2128.16,0.0,22:02:58
2128.16,0.0,22:03:31
2119.69,-0.39799639,22:04:04
2119.69,0.0,22:04:37
2119.69,0.0,22:05:11
2119.69,0.0,22:05:44
2119.69,0.0,22:06:17
2119.69,0.0,22:06:50
2119.69,0.0,22:07:23
2119.69,0.0,22:07:56
2119.69,0.0,22:08:30
2119.69,0.0,22:09:04
2119.69,0.0,22:09:37
2106.1,-0.64113149,22:10:10
2106.1,0.0,22:10:43
2106.1,0.0,22:11:16
2105.0,-0.05222924,22:11:49
2105.0,0.0,22:12:22
2105.0,0.0,22:12:55
2105.0,0.0,22:13:28
2105.0,0.0,22:14:01
2118.5,0.64133017,22:14:34
2118.5,0.0,22:15:07
2118.5,0.0,22:15:41
2100.0,-0.87325938,22:16:14
2100.0,0.0,22:16:48
2117.04,0.81142857,22:17:21
2116.7,-0.01606016,22:17:54
2116.7,0.0,22:18:27
2116.7,0.0,22:19:00
2116.7,0.0,22:19:34
2116.7,0.0,22:20:07
2116.7,0.0,22:20:40
2127.52,0.51117305,22:21:12
2080.0,-2.23358652,22:21:46
2080.0,0.0,22:22:19
2080.0,0.0,22:22:52
2080.0,0.0,22:23:25
2080.0,0.0,22:23:58
2119.29,1.88894231,22:24:31
2119.29,0.0,22:25:04
2119.29,0.0,22:25:37
2119.29,0.0,22:26:10
2119.29,0.0,22:26:43
2119.29,0.0,22:27:16
2119.29,0.0,22:27:49
2119.29,0.0,22:28:22
2119.29,0.0,22:28:55
2119.29,0.0,22:29:28
2119.29,0.0,22:30:01
2099.06,-0.95456497,22:30:35
2098.75,-0.01476852,22:31:08
2098.75,0.0,22:31:41
2098.75,0.0,22:32:14
2098.75,0.0,22:32:48
2098.75,0.0,22:33:21
2098.75,0.0,22:33:54
2098.99,0.01143538,22:34:27
2098.99,0.0,22:35:00
2098.59,-0.01905678,22:35:33
2098.59,0.0,22:36:09
2098.13,-0.02191948,22:36:42
2098.13,0.0,22:37:15
2098.13,0.0,22:37:48
2098.13,0.0,22:38:21
2098.13,0.0,22:38:54
2098.13,0.0,22:39:27
2098.13,0.0,22:40:00
2097.58,-0.02621382,22:40:32
2075.0,-1.07647861,22:41:06
2096.8,1.05060241,22:41:38
2096.8,0.0,22:42:11
2096.8,0.0,22:42:44
2075.0,-1.03967951,22:43:17
2075.0,0.0,22:43:50
2078.0,0.14457831,22:44:22
2078.0,0.0,22:44:55
2078.0,0.0,22:45:28
2078.0,0.0,22:46:01
2078.0,0.0,22:46:34
2078.0,0.0,22:47:07
2078.03,0.0014437,22:47:40
2078.03,0.0,22:48:13
2078.03,0.0,22:48:46
2078.03,0.0,22:49:19
2078.03,0.0,22:49:52
2028.3,-2.39313196,22:50:25
2021.01,-0.35941429,22:50:58
2021.24,0.01138045,22:51:31
2021.24,0.0,22:52:04
2021.24,0.0,22:52:37
2021.24,0.0,22:53:10
2021.24,0.0,22:53:43
2021.24,0.0,22:54:16
2082.65,3.03823396,22:54:49
2082.65,0.0,22:55:22
2082.35,-0.01440472,22:55:54
2082.35,0.0,22:56:27
2082.35,0.0,22:57:00
2082.35,0.0,22:57:34
2082.35,0.0,22:58:07
2082.35,0.0,22:58:40
2027.54,-2.63212236,22:59:14
2027.54,0.0,22:59:47
2027.54,0.0,23:00:20
2027.54,0.0,23:00:53
2027.54,0.0,23:01:26
2027.54,0.0,23:01:59
2027.54,0.0,23:02:32
2027.54,0.0,23:03:04
2027.54,0.0,23:03:37
2027.54,0.0,23:04:10
2027.54,0.0,23:04:43
2027.54,0.0,23:05:16
2027.54,0.0,23:05:48
2086.74,2.91979443,23:06:21
2086.5,-0.01150119,23:06:55
2086.5,0.0,23:07:28
2086.5,0.0,23:08:01
2086.5,0.0,23:08:34
2086.5,0.0,23:09:06
2086.5,0.0,23:09:39
2037.94,-2.32734244,23:10:12
2037.94,0.0,23:10:46
2037.94,0.0,23:11:18
2037.94,0.0,23:11:52
2032.03,-0.28999872,23:12:24
2032.03,0.0,23:12:57
2050.0,0.88433734,23:13:30
2050.0,0.0,23:14:03
2086.37,1.77414634,23:14:36
2086.37,0.0,23:15:08
2086.37,0.0,23:15:41
2086.37,0.0,23:16:14
2086.37,0.0,23:16:48
2086.37,0.0,23:17:20
2029.09,-2.74543825,23:17:53
2029.09,0.0,23:18:26
2029.09,0.0,23:18:59
2030.16,0.052733,23:19:32
2030.16,0.0,23:20:04
2030.16,0.0,23:20:37
2031.08,0.04531663,23:21:10
2031.51,0.021171,23:21:43
2028.27,-0.15948728,23:22:16
2028.27,0.0,23:22:49
2028.27,0.0,23:23:22
2028.27,0.0,23:23:56
2028.27,0.0,23:24:28
2028.27,0.0,23:25:01
2028.27,0.0,23:25:34
2028.27,0.0,23:26:07
2028.27,0.0,23:26:40
2028.27,0.0,23:27:13
2034.87,0.32540046,23:27:46
2034.87,0.0,23:28:19
2034.87,0.0,23:28:52
2034.87,0.0,23:29:25
2034.87,0.0,23:29:57
2034.87,0.0,23:30:30
2034.87,0.0,23:31:03
2034.87,0.0,23:31:36
2034.87,0.0,23:32:09
2034.87,0.0,23:32:42
2034.87,0.0,23:33:15
2034.87,0.0,23:33:48
2034.87,0.0,23:34:21
2034.87,0.0,23:34:54
2034.87,0.0,23:35:27
2034.87,0.0,23:36:01
2034.87,0.0,23:36:33
2034.87,0.0,23:37:07
2034.87,0.0,23:37:40
2034.87,0.0,23:38:12
2041.17,0.30960209,23:38:45
2041.17,0.0,23:39:19
2083.96,2.0963467,23:39:51
2083.96,0.0,23:40:24
2083.96,0.0,23:40:58
2083.96,0.0,23:41:31
2083.96,0.0,23:42:04
