btc_mxn,Porcentage,Time
170296.98,0.0,11:44:55
169702.08,-0.34933092,11:45:28
169702.08,0.0,11:46:01
169702.08,0.0,11:46:34
170294.8,0.34927091,11:47:07
170294.8,0.0,11:47:40
169702.08,-0.34805525,11:48:13
169702.08,0.0,11:48:46
169702.08,0.0,11:49:19
169702.08,0.0,11:49:52
170296.99,0.35056141,11:50:25
170288.12,-0.00520855,11:50:58
170288.12,0.0,11:51:32
170288.12,0.0,11:52:05
169702.08,-0.34414614,11:52:39
169702.08,0.0,11:53:12
170296.99,0.35056141,11:53:45
170296.99,0.0,11:54:18
170296.99,0.0,11:54:51
170296.99,0.0,11:55:25
170291.21,-0.00339407,11:55:58
170291.21,0.0,11:56:31
170291.21,0.0,11:57:04
169702.08,-0.34595444,11:57:37
169702.08,0.0,11:58:11
169702.08,0.0,11:58:44
169702.08,0.0,11:59:17
170277.07,0.33882319,11:59:50
170277.07,0.0,12:00:23
170280.0,0.00172072,12:00:57
170276.99,-0.00176768,12:01:30
169704.0,-0.33650466,12:02:04
169704.5,0.00029463,12:02:36
169704.5,0.0,12:03:10
170277.07,0.33739235,12:03:42
170280.0,0.00172072,12:04:16
169702.08,-0.33939394,12:04:49
170280.0,0.34054974,12:05:22
170280.0,0.0,12:05:55
169701.0,-0.34002819,12:06:28
169599.97,-0.05953412,12:07:00
169599.97,0.0,12:07:33
169599.97,0.0,12:08:06
170280.0,0.40096116,12:08:39
169599.97,-0.39935988,12:09:12
169599.97,0.0,12:09:45
169599.97,0.0,12:10:18
169318.23,-0.16612031,12:10:51
169318.23,0.0,12:11:24
169318.23,0.0,12:11:57
169319.43,0.00070872,12:12:30
170275.0,0.56435933,12:13:03
170271.99,-0.00176773,12:13:36
170271.99,0.0,12:14:08
170271.99,0.0,12:14:41
170271.99,0.0,12:15:14
169245.0,-0.60314677,12:15:47
170265.0,0.60267659,12:16:21
170265.0,0.0,12:16:54
170265.0,0.0,12:17:27
170264.99,-5.87e-06,12:18:00
170264.99,0.0,12:18:33
170264.99,0.0,12:19:06
170264.99,0.0,12:19:40
170264.99,0.0,12:20:12
170264.99,0.0,12:20:46
170250.0,-0.00880392,12:21:19
170250.0,0.0,12:21:52
169055.0,-0.70190896,12:22:25
169055.0,0.0,12:22:57
169055.0,0.0,12:23:31
169055.42,0.00024844,12:24:04
170264.99,0.71548726,12:24:37
170264.99,0.0,12:25:10
169055.82,-0.71016948,12:25:42
169055.82,0.0,12:26:16
169056.4,0.00034308,12:26:48
169056.85,0.00026618,12:27:21
170056.0,0.59101421,12:27:54
169060.0,-0.58568942,12:28:28
169060.0,0.0,12:29:01
169060.0,0.0,12:29:34
169062.0,0.00118301,12:30:07
169072.6,0.00626989,12:30:40
170056.0,0.58164363,12:31:13
170056.0,0.0,12:31:50
170056.0,0.0,12:32:23
169403.01,-0.38398528,12:32:56
170050.0,0.38192356,12:33:29
170050.0,0.0,12:34:02
170050.0,0.0,12:34:35
169438.15,-0.35980594,12:35:08
170050.0,0.36110522,12:35:41
169107.6,-0.55418994,12:36:14
169128.21,0.01218751,12:36:47
169203.12,0.04429184,12:37:20
169203.12,0.0,12:37:53
169232.3,0.01724554,12:38:27
170056.0,0.48672742,12:39:00
169303.01,-0.44278943,12:39:33
169306.14,0.00184876,12:40:06
169400.0,0.05543804,12:40:39
169400.0,0.0,12:41:12
169061.01,-0.20011216,12:41:45
170050.0,0.58499,12:42:18
169106.15,-0.55504263,12:42:51
169106.15,0.0,12:43:25
169215.21,0.06449204,12:43:58
170050.0,0.49333036,12:44:31
170050.0,0.0,12:45:04
170047.07,-0.00172302,12:45:37
169240.16,-0.47452155,12:46:10
169996.99,0.44719291,12:46:43
169996.99,0.0,12:47:17
169240.95,-0.44473729,12:47:50
169996.99,0.44672403,12:48:23
169996.99,0.0,12:48:57
169996.99,0.0,12:49:29
169996.99,0.0,12:50:02
169241.62,-0.44434316,12:50:36
169241.62,0.0,12:51:09
169061.0,-0.10672316,12:51:42
169061.0,0.0,12:52:15
169057.59,-0.00201702,12:52:48
169997.07,0.55571595,12:53:21
169997.07,0.0,12:53:54
170000.0,0.00172356,12:54:28
170000.0,0.0,12:55:01
170032.05,0.01885294,12:55:34
169057.59,-0.57310372,12:56:08
169982.34,0.54700295,12:56:41
169063.0,-0.54084442,12:57:13
169996.99,0.55245086,12:57:47
170000.0,0.00177062,12:58:20
169057.59,-0.55435882,12:58:53
169057.59,0.0,12:59:26
169059.0,0.00083404,12:59:59
169057.59,-0.00083403,13:00:32
170000.0,0.55744909,13:01:05
170000.0,0.0,13:01:39
169996.99,-0.00177059,13:02:12
169997.07,4.706e-05,13:02:45
169997.07,0.0,13:03:18
169997.07,0.0,13:03:51
169200.0,-0.46887279,13:04:24
169059.22,-0.08320331,13:04:57
169059.22,0.0,13:05:30
169058.11,-0.00065657,13:06:03
169995.99,0.55476783,13:06:37
169995.99,0.0,13:07:09
169058.11,-0.55170713,13:07:42
169058.11,0.0,13:08:16
169095.99,0.0224065,13:08:49
169095.99,0.0,13:09:22
169995.99,0.53224207,13:09:56
168980.0,-0.59765527,13:10:29
168980.0,0.0,13:11:02
169996.07,0.60129601,13:11:34
169996.07,0.0,13:12:08
168956.0,-0.61182003,13:12:40
168901.0,-0.03255285,13:13:13
168901.0,0.0,13:13:46
168901.0,0.0,13:14:19
168901.0,0.0,13:14:52
168901.0,0.0,13:15:25
168901.0,0.0,13:15:59
168900.0,-0.00059206,13:16:32
169998.96,0.65065719,13:17:05
168919.88,-0.63475682,13:17:39
169998.96,0.63881173,13:18:12
169998.96,0.0,13:18:44
169998.97,5.88e-06,13:19:17
169998.97,0.0,13:19:50
169998.96,-5.88e-06,13:20:23
169999.0,2.353e-05,13:20:56
169999.0,0.0,13:21:29
169999.0,0.0,13:22:02
169999.0,0.0,13:22:35
169999.0,0.0,13:23:08
169039.09,-0.56465626,13:23:42
169056.86,0.01051236,13:24:15
169056.86,0.0,13:24:48
169999.0,0.55729179,13:25:21
169073.0,-0.54470909,13:25:54
169073.0,0.0,13:26:27
169101.21,0.0166851,13:27:00
169977.4,0.51814532,13:27:33
169977.4,0.0,13:28:06
169101.34,-0.51539793,13:28:39
169101.34,0.0,13:29:13
169101.35,5.91e-06,13:29:45
169101.35,0.0,13:30:19
169101.35,0.0,13:30:52
169107.4,0.00357774,13:31:25
169107.59,0.00011235,13:31:58
169107.59,0.0,13:32:31
169999.0,0.52712596,13:33:04
169999.0,0.0,13:33:37
169999.0,0.0,13:34:10
169999.0,0.0,13:34:43
169111.63,-0.52198542,13:35:17
169111.63,0.0,13:35:50
169111.68,2.957e-05,13:36:23
169995.96,0.52289706,13:36:56
169114.22,-0.51868291,13:37:29
169114.45,0.000136,13:38:03
169116.16,0.00101115,13:38:35
169999.0,0.52203172,13:39:08
169998.96,-2.353e-05,13:39:41
169116.16,-0.51929729,13:40:14
169116.16,0.0,13:40:46
169116.13,-1.774e-05,13:41:19
169114.86,-0.00075096,13:41:54
169114.86,0.0,13:42:26
169114.86,0.0,13:42:59
169114.86,0.0,13:43:33
169114.86,0.0,13:44:06
169114.86,0.0,13:44:40
169998.97,0.5227867,13:45:13
169987.42,-0.00679416,13:45:46
169987.42,-0.0,13:46:18
169051.01,-0.55087018,13:46:52
169051.01,0.0,13:47:25
169051.01,0.0,13:47:57
169975.11,0.54663974,13:48:31
169984.47,0.00550669,13:49:04
169051.01,-0.54914428,13:49:38
169990.16,0.55554238,13:50:11
169993.09,0.00172363,13:50:44
169056.62,-0.5508871,13:51:16
169992.85,0.55379671,13:51:49
169051.01,-0.55404683,13:52:23
169051.01,0.0,13:52:56
169051.01,0.0,13:53:29
169051.01,0.0,13:54:02
169989.29,0.55502774,13:54:35
169989.29,0.0,13:55:08
169051.01,-0.55196419,13:55:41
169051.01,0.0,13:56:15
169991.86,0.55654799,13:56:48
169991.83,-1.765e-05,13:57:24
168900.0,-0.64228381,13:57:57
168900.0,0.0,13:58:31
169991.82,0.64642984,13:59:05
168889.0,-0.64874886,13:59:38
169991.71,0.65291997,14:00:10
168801.1,-0.70039298,14:00:43
168801.1,0.0,14:01:16
168801.1,0.0,14:01:49
169990.84,0.70481768,14:02:22
169990.84,0.0,14:02:56
168801.1,-0.69988477,14:03:29
168801.1,0.0,14:04:02
169989.9,0.70426081,14:04:34
168822.35,-0.68683492,14:05:08
168830.58,0.00487495,14:05:41
168830.58,0.0,14:06:15
168830.58,0.0,14:06:48
168830.58,0.0,14:07:21
169989.83,0.68663509,14:07:54
169989.83,0.0,14:08:27
169989.83,0.0,14:09:00
169749.96,-0.14110844,14:09:33
168841.02,-0.53545815,14:10:06
168844.03,0.00178274,14:10:39
168844.03,0.0,14:11:12
169749.96,0.53654843,14:11:45
169746.96,-0.00176731,14:12:18
169747.07,6.48e-05,14:12:51
169747.07,0.0,14:13:24
168841.02,-0.53376474,14:13:57
168841.02,0.0,14:14:29
168844.03,0.00178274,14:15:02
168950.0,0.06276207,14:15:35
168950.0,0.0,14:16:08
168950.0,0.0,14:16:41
168950.0,0.0,14:17:14
168950.0,0.0,14:17:47
168950.0,0.0,14:18:20
168950.0,0.0,14:18:52
168950.0,0.0,14:19:25
168801.1,-0.08813258,14:19:58
168801.1,0.0,14:20:31
168801.1,0.0,14:21:04
169741.43,0.55706391,14:21:37
168801.11,-0.553972,14:22:10
168801.11,0.0,14:22:43
168801.11,0.0,14:23:16
168801.11,0.0,14:23:48
168801.11,0.0,14:24:22
169744.03,0.55859822,14:24:55
170053.07,0.18206237,14:25:27
170053.07,0.0,14:26:00
170053.07,0.0,14:26:34
170052.99,-4.704e-05,14:27:06
168924.7,-0.66349319,14:27:40
168924.7,0.0,14:28:12
168924.7,0.0,14:28:46
168967.61,0.02540185,14:29:20
170052.99,0.6423598,14:29:53
168989.26,-0.62552855,14:30:26
169001.47,0.00722531,14:30:59
170265.0,0.74764438,14:31:31
169023.1,-0.72939242,14:32:04
169023.1,0.0,14:32:37
169041.66,0.01098075,14:33:10
169041.66,0.0,14:33:43
169041.66,0.0,14:34:16
169069.38,0.01639832,14:34:48
169087.83,0.01091268,14:35:22
169087.83,0.0,14:35:55
169087.83,0.0,14:36:27
169087.83,0.0,14:37:00
169142.73,0.03246833,14:37:33
170265.0,0.66350472,14:38:06
169167.37,-0.6446598,14:38:39
169176.8,0.00557436,14:39:12
169182.95,0.00363525,14:39:45
169182.95,0.0,14:40:18
169198.26,0.00904938,14:40:51
169222.99,0.01461599,14:41:24
169222.99,0.0,14:41:57
169222.99,0.0,14:42:30
169222.99,0.0,14:43:02
168903.01,-0.18908778,14:43:35
168903.01,0.0,14:44:08
168953.01,0.02960279,14:44:41
168974.54,0.01274319,14:45:13
168983.71,0.00542685,14:45:46
170267.4,0.75965311,14:46:19
169009.15,-0.73898468,14:46:52
169009.15,0.0,14:47:25
170275.0,0.74898312,14:47:58
170272.07,-0.00172075,14:48:31
170272.07,0.0,14:49:03
170272.07,0.0,14:49:36
169078.05,-0.70124243,14:50:09
169087.31,0.00547676,14:50:42
169105.86,0.01097066,14:51:15
169084.24,-0.01278489,14:51:47
170275.0,0.70424068,14:52:20
170275.0,0.0,14:52:53
170272.07,-0.00172075,14:53:26
170269.07,-0.00176189,14:53:59
170268.99,-4.698e-05,14:54:31
169343.17,-0.54373964,14:55:04
169355.69,0.00739327,14:55:37
169450.0,0.05568753,14:56:10
169450.0,0.0,14:56:43
169450.0,0.0,14:57:15
170271.96,0.48507524,14:57:48
170271.96,0.0,14:58:21
170271.96,0.0,14:58:54
170271.96,0.0,14:59:27
170268.07,-0.00228458,15:00:00
169503.01,-0.44932676,15:00:32
170269.39,0.45213356,15:01:05
169500.0,-0.4518663,15:01:39
169500.0,0.0,15:02:12
170275.0,0.45722714,15:02:45
170275.0,0.0,15:03:18
170271.99,-0.00176773,15:03:51
169389.64,-0.51820032,15:04:24
170271.99,0.52089963,15:04:57
170271.99,0.0,15:05:29
170196.95,-0.04407067,15:06:02
170196.95,0.0,15:06:35
170199.96,0.00176854,15:07:08
170196.95,-0.00176851,15:07:41
169371.44,-0.48503219,15:08:14
169371.71,0.00015941,15:08:47
169353.13,-0.01096995,15:09:20
169353.13,0.0,15:09:53
169365.71,0.00742827,15:10:25
169365.71,0.0,15:10:58
169365.71,0.0,15:11:31
170196.96,0.49080183,15:12:04
170199.96,0.00176266,15:12:37
170199.96,0.0,15:13:10
170199.96,0.0,15:13:43
170199.96,0.0,15:14:16
170199.96,0.0,15:14:48
169600.0,-0.35250302,15:15:21
169587.76,-0.00721698,15:15:54
169587.76,0.0,15:16:27
169587.76,0.0,15:17:00
170199.96,0.36099303,15:17:33
170199.97,5.88e-06,15:18:06
169400.0,-0.47001771,15:18:39
170199.96,0.4722314,15:19:13
170199.96,0.0,15:19:45
170199.96,0.0,15:20:18
169458.08,-0.43588729,15:20:51
169500.0,0.02473768,15:21:24
169500.0,0.0,15:21:56
169500.0,0.0,15:22:30
169500.0,0.0,15:23:03
170199.97,0.41296165,15:23:36
170199.97,0.0,15:24:09
170199.97,0.0,15:24:42
169600.01,-0.352503,15:25:15
169600.01,0.0,15:25:48
169600.01,0.0,15:26:21
170199.97,0.35374998,15:26:54
169600.01,-0.352503,15:27:27
169600.01,0.0,15:28:00
169600.01,0.0,15:28:32
169600.01,0.0,15:29:05
170199.96,0.35374408,15:29:39
170199.96,0.0,15:30:12
169800.0,-0.23499418,15:30:45
169800.0,0.0,15:31:18
169800.0,0.0,15:31:51
169800.0,0.0,15:32:24
169800.0,0.0,15:32:56
169800.0,0.0,15:33:29
170199.96,0.2355477,15:34:03
170199.96,0.0,15:34:36
170199.96,0.0,15:35:09
170199.96,0.0,15:35:42
170199.96,0.0,15:36:15
170197.37,-0.00152174,15:36:48
170197.37,0.0,15:37:21
170197.37,0.0,15:37:54
170194.77,-0.00152764,15:38:27
169800.0,-0.2319519,15:39:00
169800.0,0.0,15:39:33
169800.0,0.0,15:40:06
169800.0,0.0,15:40:40
169800.0,0.0,15:41:12
170197.36,0.23401649,15:41:45
170197.36,0.0,15:42:19
170197.36,0.0,15:42:52
170197.36,0.0,15:43:24
170197.36,0.0,15:43:58
169850.0,-0.20409247,15:44:30
170197.3,0.20447454,15:45:03
170197.3,0.0,15:45:36
170197.3,0.0,15:46:10
169300.01,-0.52720578,15:46:42
169300.0,-5.91e-06,15:47:15
169300.0,0.0,15:47:48
169300.0,0.0,15:48:21
169300.0,0.0,15:48:54
170197.3,0.53000591,15:49:27
170197.3,0.0,15:50:00
170197.3,0.0,15:50:34
170199.93,0.00154527,15:51:06
170197.36,-0.00150999,15:51:40
169300.0,-0.52724672,15:52:13
169300.0,0.0,15:52:46
169300.0,0.0,15:53:20
170199.97,0.53158299,15:53:53
169300.0,-0.52877213,15:54:26
169300.0,0.0,15:54:59
170197.37,0.53004725,15:55:32
169300.0,-0.52725257,15:56:05
170197.37,0.53004725,15:56:38
170197.37,0.0,15:57:11
170197.36,-5.88e-06,15:57:44
170197.36,0.0,15:58:17
170197.36,0.0,15:58:50
169265.01,-0.54780521,15:59:23
169265.01,0.0,15:59:55
169265.01,0.0,16:00:28
170196.0,0.55001917,16:01:01
170196.0,0.0,16:01:34
170193.4,-0.00152765,16:02:06
170193.4,0.0,16:02:40
169296.97,-0.52671255,16:03:13
170196.0,0.53103727,16:03:46
170196.0,0.0,16:04:19
170196.0,0.0,16:04:52
170193.4,-0.00152765,16:05:24
170193.4,0.0,16:05:57
169321.57,-0.51225841,16:06:30
169321.57,0.0,16:07:03
169321.57,0.0,16:07:37
169321.57,0.0,16:08:10
169321.57,0.0,16:08:43
170196.96,0.51699851,16:09:19
169383.23,-0.47811077,16:09:52
169383.23,0.0,16:10:25
170197.4,0.48066742,16:10:57
170199.93,0.00148651,16:11:30
170199.93,0.0,16:12:03
170199.96,1.763e-05,16:12:36
170199.96,0.0,16:13:10
169459.41,-0.43510586,16:13:42
169459.41,0.0,16:14:15
170199.96,0.4370073,16:14:48
170300.0,0.05877792,16:15:21
170297.36,-0.00155021,16:15:54
169529.48,-0.4509054,16:16:27
169529.48,0.0,16:17:00
169529.48,0.0,16:17:33
170294.0,0.45096581,16:18:06
170294.0,0.0,16:18:39
170291.4,-0.00152677,16:19:12
169630.16,-0.38829912,16:19:45
170294.0,0.3913455,16:20:18
170291.4,-0.00152677,16:20:51
170291.4,0.0,16:21:23
169653.05,-0.37485745,16:21:57
169659.08,0.00355431,16:22:30
169700.01,0.02412485,16:23:03
170293.95,0.34999409,16:23:36
170293.96,5.87e-06,16:24:10
170293.99,1.762e-05,16:24:43
170293.99,0.0,16:25:16
170293.99,0.0,16:25:49
170293.99,0.0,16:26:22
170293.99,0.0,16:26:55
170293.99,0.0,16:27:28
170288.4,-0.00328256,16:28:01
170288.4,0.0,16:28:34
170288.4,0.0,16:29:07
170293.95,0.00325918,16:29:40
170293.99,2.349e-05,16:30:13
169712.0,-0.34175604,16:30:46
170293.99,0.34292802,16:31:19
170293.99,0.0,16:31:52
170293.99,0.0,16:32:25
170293.99,0.0,16:32:58
170291.39,-0.00152677,16:33:31
170291.39,-0.0,16:34:04
169711.23,-0.34068663,16:34:37
169711.23,0.0,16:35:10
170291.39,0.34185127,16:35:42
170291.39,-0.0,16:36:15
170291.39,-0.0,16:36:49
170291.39,-0.0,16:37:22
169711.23,-0.34068663,16:37:54
169711.23,0.0,16:38:27
170291.39,0.34185127,16:39:00
170291.39,-0.0,16:39:34
169800.01,-0.28855246,16:40:07
169800.01,0.0,16:40:40
170291.39,0.2893875,16:41:13
170291.39,-0.0,16:41:46
169802.0,-0.28738388,16:42:18
170293.99,0.28974335,16:42:51
169802.0,-0.28890626,16:43:24
169802.0,0.0,16:43:57
169802.0,0.0,16:44:30
170295.0,0.29033816,16:45:03
169802.0,-0.28949764,16:45:36
169802.0,0.0,16:46:08
169808.01,0.00353942,16:46:42
170249.0,0.25969917,16:47:15
170249.0,0.0,16:47:48
170249.0,0.0,16:48:21
169808.02,-0.25902061,16:48:54
170300.0,0.28972719,16:49:27
170300.0,0.0,16:50:00
170300.0,0.0,16:50:33
170296.96,-0.00178509,16:51:06
169808.4,-0.28688709,16:51:40
169808.4,0.0,16:52:12
169808.4,0.0,16:52:45
169808.4,0.0,16:53:18
169808.4,0.0,16:53:51
169808.4,0.0,16:54:24
169808.4,0.0,16:54:57
169808.4,0.0,16:55:30
170300.0,0.28950276,16:56:03
170300.0,0.0,16:56:36
170297.07,-0.00172049,16:57:09
170296.99,-4.698e-05,16:57:42
170296.99,0.0,16:58:15
170296.99,0.0,16:58:49
170398.0,0.05931403,16:59:22
171000.0,0.35329053,16:59:55
171000.0,0.0,17:00:28
171000.0,0.0,17:01:01
171000.0,0.0,17:01:34
170500.0,-0.29239766,17:02:08
170500.0,0.0,17:02:41
170500.0,0.0,17:03:14
170500.0,0.0,17:03:47
170500.0,0.0,17:04:20
170994.47,0.29001173,17:04:53
170997.07,0.00152052,17:05:26
170996.95,-7.018e-05,17:06:01
170996.95,0.0,17:06:34
170500.0,-0.29061922,17:07:06
170500.0,0.0,17:07:39
170500.0,0.0,17:08:13
170500.0,0.0,17:08:47
170500.0,0.0,17:09:20
170996.89,0.29143109,17:09:53
170997.28,0.00022807,17:10:26
170500.0,-0.29081164,17:10:59
170999.4,0.29290323,17:11:32
170999.4,0.0,17:12:06
170999.4,0.0,17:12:39
170999.4,0.0,17:13:12
170999.4,0.0,17:13:45
170999.99,0.00034503,17:14:18
170999.99,0.0,17:14:50
170500.0,-0.29239183,17:15:23
170500.0,0.0,17:15:57
170500.0,0.0,17:16:30
170500.0,0.0,17:17:04
170500.0,0.0,17:17:37
170999.99,0.29324927,17:18:09
170500.0,-0.29239183,17:18:42
170500.0,0.0,17:19:16
170500.0,0.0,17:19:49
170500.0,0.0,17:20:22
170500.0,0.0,17:20:55
170999.99,0.29324927,17:21:27
170999.99,0.0,17:22:00
170500.0,-0.29239183,17:22:33
170500.0,0.0,17:23:07
170500.0,0.0,17:23:40
170500.0,0.0,17:24:13
170500.0,0.0,17:24:46
170999.99,0.29324927,17:25:19
170500.0,-0.29239183,17:25:52
169809.21,-0.40515543,17:26:25
169809.21,0.0,17:26:59
169809.21,0.0,17:27:32
169808.01,-0.00070668,17:28:05
169811.02,0.00177259,17:28:39
170999.99,0.70017246,17:29:12
169814.14,-0.69347957,17:29:46
169814.14,-0.0,17:30:19
169814.14,-0.0,17:30:52
169814.14,-0.0,17:31:25
169823.27,0.00537647,17:31:58
169823.27,0.0,17:32:31
169823.84,0.00033564,17:33:04
169823.91,4.122e-05,17:33:38
169825.0,0.00064184,17:34:11
169825.0,0.0,17:34:45
169825.0,0.0,17:35:17
170999.99,0.69188282,17:35:50
170999.99,0.0,17:36:23
170999.99,0.0,17:36:56
169908.75,-0.63815208,17:37:29
169906.04,-0.00159497,17:38:02
169923.74,0.01041752,17:38:35
169927.02,0.00193028,17:39:07
169927.02,0.0,17:39:40
169900.0,-0.01590094,17:40:13
169906.02,0.00354326,17:40:45
169903.01,-0.00177157,17:41:19
169903.01,0.0,17:41:52
169903.01,0.0,17:42:25
169900.0,-0.0017716,17:42:58
169906.02,0.00354326,17:43:31
169903.01,-0.00177157,17:44:04
169903.01,0.0,17:44:37
169903.01,0.0,17:45:10
169903.01,0.0,17:45:43
169903.01,0.0,17:46:15
169903.01,0.0,17:46:49
169918.06,0.00885799,17:47:22
169843.43,-0.04392117,17:47:54
169843.43,0.0,17:48:27
170908.99,0.62737781,17:49:00
170908.99,0.0,17:49:33
170908.99,0.0,17:50:06
170908.99,0.0,17:50:39
169857.41,-0.61528653,17:51:11
169868.02,0.00624642,17:51:44
169876.37,0.00491558,17:52:17
170908.98,0.6078597,17:52:50
169887.46,-0.59769826,17:53:23
170908.98,0.60129217,17:53:56
169887.85,-0.59747007,17:54:29
169887.99,8.241e-05,17:55:02
169887.64,-0.00020602,17:55:35
169885.03,-0.00153631,17:56:08
169887.99,0.00174235,17:56:41
169887.99,0.0,17:57:13
170908.98,0.60097833,17:57:47
170999.99,0.05325057,17:58:20
169894.23,-0.64664331,17:58:52
169894.48,0.00014715,17:59:25
169911.0,0.00972368,17:59:58
169911.0,0.0,18:00:31
169931.15,0.01185915,18:01:04
169938.73,0.00446063,18:01:38
169939.56,0.00048841,18:02:11
171000.0,0.62401009,18:02:43
171000.0,0.0,18:03:16
171000.0,0.0,18:03:49
171000.0,0.0,18:04:22
171000.0,0.0,18:04:55
170999.97,-1.754e-05,18:05:28
170029.47,-0.56754396,18:06:01
170029.47,0.0,18:06:34
170037.32,0.00461685,18:07:07
170046.0,0.00510476,18:07:40
170046.0,0.0,18:08:14
170900.0,0.50221705,18:08:47
170900.0,0.0,18:09:20
170056.74,-0.49342305,18:09:53
170056.54,-0.00011761,18:10:26
170897.07,0.49426503,18:10:59
170056.49,-0.49186332,18:11:32
170056.86,0.00021757,18:12:05
170056.86,0.0,18:12:39
170057.24,0.00022345,18:13:12
170896.99,0.49380432,18:13:45
170896.99,0.0,18:14:18
170896.99,0.0,18:14:50
170896.99,0.0,18:15:23
170896.99,0.0,18:15:56
170100.0,-0.46635696,18:16:29
170100.0,0.0,18:17:02
170057.11,-0.02521458,18:17:35
170057.16,2.94e-05,18:18:08
170057.16,0.0,18:18:41
170057.22,3.528e-05,18:19:14
170600.0,0.31917492,18:19:48
170057.17,-0.31818875,18:20:20
170057.17,-0.0,18:20:53
170057.17,-0.0,18:21:29
170057.17,-0.0,18:22:02
170057.17,-0.0,18:22:36
170057.29,7.056e-05,18:23:09
170057.17,-7.056e-05,18:23:41
170057.17,-0.0,18:24:15
170057.23,3.528e-05,18:24:48
170057.23,0.0,18:25:20
170057.23,0.0,18:25:53
170057.17,-3.528e-05,18:26:27
170057.17,-0.0,18:27:00
170057.22,2.94e-05,18:27:33
170748.69,0.4066102,18:28:05
170748.69,0.0,18:28:39
170748.69,0.0,18:29:12
170039.99,-0.41505443,18:29:45
169920.0,-0.07056575,18:30:17
170783.85,0.5083863,18:30:50
169911.05,-0.51105535,18:31:23
170763.91,0.50194499,18:31:56
170763.91,0.0,18:32:29
170766.95,0.00178024,18:33:01
169953.07,-0.47660276,18:33:34
169953.17,5.884e-05,18:34:08
170694.06,0.43593774,18:34:40
170699.97,0.00346233,18:35:13
170687.91,-0.00706503,18:35:46
170687.91,0.0,18:36:19
170690.0,0.00122446,18:36:52
170690.0,0.0,18:37:25
170664.19,-0.01512098,18:37:58
169950.06,-0.41844162,18:38:31
169950.06,0.0,18:39:03
170638.98,0.40536614,18:39:36
169950.05,-0.40373542,18:40:09
169950.05,0.0,18:40:42
169950.05,0.0,18:41:16
170576.93,0.36886132,18:41:48
170567.53,-0.00551071,18:42:21
169950.0,-0.36204429,18:42:54
169950.0,0.0,18:43:27
169950.0,0.0,18:44:00
170507.95,0.32830244,18:44:33
170495.99,-0.00701434,18:45:07
170495.99,0.0,18:45:40
170471.91,-0.0141235,18:46:13
169950.0,-0.30615601,18:46:46
169950.0,0.0,18:47:19
170001.58,0.0303501,18:47:52
170001.58,0.0,18:48:25
170001.58,0.0,18:48:59
170031.58,0.01764689,18:49:31
170031.58,0.0,18:50:05
170001.58,-0.01764378,18:50:38
170001.58,0.0,18:51:10
169950.0,-0.03034089,18:51:43
170031.58,0.04800235,18:52:17
170031.58,0.0,18:52:50
170401.58,0.21760664,18:53:23
170401.58,0.0,18:53:56
170447.42,0.02690116,18:54:29
169950.0,-0.29183193,18:55:02
169950.0,0.0,18:55:35
170423.57,0.27865254,18:56:09
170423.57,0.0,18:56:42
170415.59,-0.00468245,18:57:15
170415.59,0.0,18:57:48
169950.0,-0.27320857,18:58:20
169950.0,0.0,18:58:53
169950.0,0.0,18:59:26
169950.0,0.0,18:59:58
169950.0,0.0,19:00:31
169950.0,0.0,19:01:04
169950.0,0.0,19:01:38
169950.0,0.0,19:02:11
169950.0,0.0,19:02:44
169950.0,0.0,19:03:17
170470.0,0.30597234,19:03:49
170470.0,0.0,19:04:22
170470.0,0.0,19:04:55
169960.0,-0.29917287,19:05:29
169960.0,0.0,19:06:01
170687.4,0.42798305,19:06:35
169830.1,-0.5022632,19:07:08
169830.1,0.0,19:07:41
169829.99,-6.477e-05,19:08:14
169829.99,0.0,19:08:47
169829.99,0.0,19:09:20
169829.99,0.0,19:09:53
169829.99,0.0,19:10:26
169829.99,0.0,19:10:58
169829.99,0.0,19:11:31
169829.99,0.0,19:12:04
169829.99,0.0,19:12:37
169900.0,0.04122358,19:13:10
169900.0,0.0,19:13:43
169900.0,0.0,19:14:16
170000.0,0.05885815,19:14:49
170700.0,0.41176471,19:15:22
170696.99,-0.00176333,19:15:55
170696.99,0.0,19:16:28
170696.99,0.0,19:17:01
170696.99,0.0,19:17:34
169829.99,-0.50791757,19:18:07
169829.99,0.0,19:18:40
170696.99,0.51051054,19:19:12
170696.99,0.0,19:19:45
170700.0,0.00176336,19:20:18
170700.0,0.0,19:20:51
170519.97,-0.10546573,19:21:24
170519.97,0.0,19:21:57
170400.0,-0.0703554,19:22:30
169829.99,-0.33451291,19:23:03
170396.95,0.33383974,19:23:38
170396.95,0.0,19:24:11
170199.96,-0.11560653,19:24:43
170199.96,0.0,19:25:16
170000.0,-0.11748534,19:25:49
170000.0,0.0,19:26:22
169805.01,-0.1147,19:26:55
170000.0,0.11483171,19:27:28
170000.0,0.0,19:28:01
170000.0,0.0,19:28:34
170000.0,0.0,19:29:07
170000.0,0.0,19:29:40
170000.0,0.0,19:30:13
169805.01,-0.1147,19:30:46
169805.01,0.0,19:31:19
169805.01,0.0,19:31:52
169805.01,0.0,19:32:25
169802.0,-0.00177262,19:33:00
170000.0,0.1166064,19:33:33
169802.0,-0.11647059,19:34:06
170000.0,0.1166064,19:34:39
170000.0,0.0,19:35:11
169810.0,-0.11176471,19:35:44
170000.0,0.11188976,19:36:17
170000.0,0.0,19:36:50
170000.0,0.0,19:37:23
170000.0,0.0,19:37:55
170000.0,0.0,19:38:28
170000.0,0.0,19:39:01
169900.0,-0.05882353,19:39:34
169900.0,0.0,19:40:07
170000.0,0.05885815,19:40:41
170000.0,0.0,19:41:13
170000.0,0.0,19:41:46
170000.0,0.0,19:42:19
170000.0,0.0,19:42:52
170000.0,0.0,19:43:24
170000.0,0.0,19:43:58
170000.0,0.0,19:44:31
169900.0,-0.05882353,19:45:04
169821.01,-0.04649205,19:45:37
170000.0,0.10539921,19:46:10
169821.01,-0.10528824,19:46:43
169821.01,0.0,19:47:16
170000.0,0.10539921,19:47:49
170000.0,0.0,19:48:21
170000.0,0.0,19:48:54
169821.01,-0.10528824,19:49:27
169821.01,0.0,19:50:00
169821.01,0.0,19:50:33
170000.0,0.10539921,19:51:05
170000.0,0.0,19:51:39
170000.0,0.0,19:52:12
170000.0,0.0,19:52:45
169825.0,-0.10294118,19:53:18
170000.0,0.10304725,19:53:51
170000.0,0.0,19:54:23
169830.0,-0.1,19:54:56
169830.0,0.0,19:55:29
169830.0,0.0,19:56:02
169830.0,0.0,19:56:35
169821.01,-0.00529353,19:57:09
169821.01,0.0,19:57:41
169821.01,0.0,19:58:14
169821.01,0.0,19:58:47
169821.01,0.0,19:59:20
170000.0,0.10539921,19:59:54
170000.0,0.0,20:00:27
169821.01,-0.10528824,20:00:59
169821.01,0.0,20:01:32
169821.01,0.0,20:02:05
169821.01,0.0,20:02:39
169830.0,0.00529381,20:03:12
169830.0,0.0,20:03:45
169830.0,0.0,20:04:18
170000.0,0.1001001,20:04:50
169821.01,-0.10528824,20:05:23
169821.01,0.0,20:05:56
169821.01,0.0,20:06:29
169825.01,0.00235542,20:07:02
169825.01,0.0,20:07:35
169825.01,0.0,20:08:08
170000.0,0.10304136,20:08:41
170000.0,0.0,20:09:14
170000.0,0.0,20:09:47
170000.0,0.0,20:10:21
170000.0,0.0,20:10:54
169900.01,-0.05881765,20:11:27
169900.01,0.0,20:12:00
169905.01,0.00294291,20:12:33
169905.01,0.0,20:13:06
170000.0,0.05590771,20:13:39
170000.0,0.0,20:14:12
170000.0,0.0,20:14:46
170000.0,0.0,20:15:19
170000.0,0.0,20:15:51
170699.96,0.41174118,20:16:24
170699.96,0.0,20:16:57
170699.93,-1.757e-05,20:17:30
170699.93,0.0,20:18:03
170699.93,0.0,20:18:37
170009.33,-0.40456959,20:19:10
170700.0,0.40625417,20:19:43
170700.0,0.0,20:20:15
170700.0,0.0,20:20:49
170700.0,0.0,20:21:23
170700.0,0.0,20:21:56
170040.58,-0.38630346,20:22:29
170040.58,0.0,20:23:02
170040.58,0.0,20:23:34
170040.58,0.0,20:24:08
170700.0,0.38780155,20:24:41
170800.0,0.05858231,20:25:15
170062.27,-0.43192623,20:25:48
170800.0,0.43379993,20:26:21
170800.0,0.0,20:26:54
170899.96,0.05852459,20:27:27
170899.96,0.0,20:28:01
170896.95,-0.00176126,20:28:34
170896.95,0.0,20:29:08
170896.95,0.0,20:29:41
170896.95,0.0,20:30:13
170203.01,-0.40605757,20:30:47
170203.01,0.0,20:31:20
170899.97,0.40948747,20:31:53
170200.12,-0.40950856,20:32:26
170203.01,0.001698,20:32:59
170203.01,0.0,20:33:37
170203.01,0.0,20:34:11
170855.97,0.38363599,20:34:45
170855.97,0.0,20:35:17
170855.97,0.0,20:35:50
170855.97,0.0,20:36:23
170855.97,0.0,20:36:57
170835.21,-0.01215059,20:37:30
170835.21,0.0,20:38:04
170200.0,-0.37182616,20:38:37
170729.21,0.3109342,20:39:10
170729.21,0.0,20:39:43
170729.21,0.0,20:40:16
170729.21,0.0,20:40:49
170200.0,-0.30997039,20:41:22
170780.55,0.34109871,20:41:56
170780.55,0.0,20:42:29
170780.55,0.0,20:43:02
170200.0,-0.33993918,20:43:36
170766.0,0.33254994,20:44:09
170727.82,-0.02235808,20:44:42
170727.82,0.0,20:45:16
170719.38,-0.00494354,20:45:49
170719.38,0.0,20:46:22
170719.38,0.0,20:46:55
170747.28,0.01634261,20:47:28
170747.28,0.0,20:48:02
170668.75,-0.04599195,20:48:36
170718.37,0.02907386,20:49:09
170700.9,-0.01023323,20:49:42
170700.9,0.0,20:50:15
170200.0,-0.29343723,20:50:48
170200.0,0.0,20:51:22
170200.0,0.0,20:51:55
170200.0,0.0,20:52:28
170200.0,0.0,20:53:01
170500.0,0.17626322,20:53:35
170000.0,-0.29325513,20:54:08
170000.0,0.0,20:54:41
170600.0,0.35294118,20:55:14
170500.0,-0.05861665,20:55:48
170500.0,0.0,20:56:21
169800.24,-0.41041642,20:56:54
170747.4,0.5578084,20:57:28
170747.4,0.0,20:58:02
169800.24,-0.55471416,20:58:35
170796.99,0.5870133,20:59:09
169822.01,-0.57084144,20:59:42
169822.01,0.0,21:00:15
169848.93,0.01585189,21:00:48
169848.93,0.0,21:01:21
170797.07,0.55822548,21:01:55
170797.07,0.0,21:02:28
169897.89,-0.52646102,21:03:01
169897.89,-0.0,21:03:35
170000.0,0.06010081,21:04:08
169903.88,-0.05654118,21:04:42
169903.88,0.0,21:05:16
170000.0,0.05657316,21:05:49
170000.0,0.0,21:06:22
170000.0,0.0,21:06:56
169903.88,-0.05654118,21:07:30
170000.0,0.05657316,21:08:03
170000.0,0.0,21:08:37
169903.88,-0.05654118,21:09:10
170000.0,0.05657316,21:09:44
169903.88,-0.05654118,21:10:17
169905.0,0.0006592,21:10:51
170000.0,0.0559136,21:11:24
170000.0,0.0,21:11:57
170000.0,0.0,21:12:30
170000.0,0.0,21:13:03
169903.88,-0.05654118,21:13:37
170000.0,0.05657316,21:14:10
170000.0,0.0,21:14:44
170000.0,0.0,21:15:17
169903.88,-0.05654118,21:15:50
170000.0,0.05657316,21:16:23
170000.0,0.0,21:16:57
170000.0,0.0,21:17:31
169903.88,-0.05654118,21:18:04
169903.88,0.0,21:18:38
169903.88,0.0,21:19:11
170000.0,0.05657316,21:19:44
169903.88,-0.05654118,21:20:17
169903.88,0.0,21:20:51
169903.88,0.0,21:21:24
169903.88,0.0,21:21:58
169903.88,0.0,21:22:31
170000.0,0.05657316,21:23:04
170000.0,0.0,21:23:38
170000.0,0.0,21:24:11
170000.0,0.0,21:24:44
170000.0,0.0,21:25:18
170000.0,0.0,21:25:51
170000.0,0.0,21:26:24
170000.0,0.0,21:26:57
169904.0,-0.05647059,21:27:31
169904.0,0.0,21:28:04
169904.0,0.0,21:28:38
169904.0,0.0,21:29:12
170000.0,0.0565025,21:29:45
170000.0,0.0,21:30:18
169904.0,-0.05647059,21:30:51
170000.0,0.0565025,21:31:25
169904.0,-0.05647059,21:31:59
169904.0,0.0,21:32:32
169903.88,-7.063e-05,21:33:05
169903.88,0.0,21:33:38
170000.0,0.05657316,21:34:12
169903.88,-0.05654118,21:34:45
169903.88,0.0,21:35:19
169903.88,0.0,21:35:52
169903.88,0.0,21:36:25
169800.0,-0.06114045,21:36:58
169800.0,0.0,21:37:32
169800.0,0.0,21:38:05
169800.0,0.0,21:38:39
169800.0,0.0,21:39:12
169800.0,0.0,21:39:45
169800.01,5.89e-06,21:40:19
169800.01,0.0,21:40:52
170000.0,0.11777973,21:41:26
170000.0,0.0,21:41:59
170000.0,0.0,21:42:32
170000.0,0.0,21:43:05
170000.0,0.0,21:43:39
170000.0,0.0,21:44:12
169500.01,-0.29411176,21:44:45
169500.06,2.95e-05,21:45:19
169500.06,0.0,21:45:52
169500.06,0.0,21:46:25
169501.0,0.00055457,21:46:58
170755.67,0.74021392,21:47:32
169501.19,-0.73466374,21:48:06
169501.19,0.0,21:48:39
170764.37,0.74523371,21:49:13
170764.37,0.0,21:49:45
170764.37,0.0,21:50:18
169502.11,-0.7391823,21:50:52
170736.99,0.7285337,21:51:26
170736.99,0.0,21:51:59
170736.99,0.0,21:52:32
170744.37,0.00432244,21:53:05
170741.03,-0.00195614,21:53:39
170764.37,0.01366982,21:54:12
169503.83,-0.73817507,21:54:45
169503.83,0.0,21:55:19
169503.83,0.0,21:55:52
169500.24,-0.00211795,21:56:25
169500.24,0.0,21:56:58
169500.24,0.0,21:57:32
169500.24,0.0,21:58:05
169500.24,0.0,21:58:39
169500.24,0.0,21:59:12
169500.24,0.0,21:59:45
169500.24,0.0,22:00:18
169500.24,0.0,22:00:51
169500.24,0.0,22:01:25
170650.97,0.67889579,22:01:58
170583.58,-0.03948996,22:02:31
170583.58,0.0,22:03:04
170583.58,0.0,22:03:37
169502.0,-0.63404696,22:04:10
169502.0,0.0,22:04:44
170507.64,0.59329093,22:05:17
170507.64,-0.0,22:05:50
170200.0,-0.18042593,22:06:22
169502.0,-0.41010576,22:06:55
169502.0,0.0,22:07:29
170580.34,0.63618128,22:08:02
170580.34,0.0,22:08:35
169500.0,-0.63333207,22:09:08
169500.0,0.0,22:09:41
169500.0,0.0,22:10:14
169500.0,0.0,22:10:47
169500.0,0.0,22:11:20
170444.33,0.55712684,22:11:53
170444.33,0.0,22:12:26
170444.33,0.0,22:12:59
169150.33,-0.75919217,22:13:32
169150.33,0.0,22:14:05
169150.33,0.0,22:14:38
170376.69,0.72501189,22:15:11
170376.69,0.0,22:15:45
170376.69,0.0,22:16:18
170376.69,0.0,22:16:52
170376.69,0.0,22:17:25
170461.86,0.04998923,22:17:58
169155.0,-0.7666583,22:18:32
169155.0,0.0,22:19:05
170496.99,0.7933493,22:19:39
170496.99,0.0,22:20:12
170000.0,-0.29149488,22:20:45
170496.99,0.29234706,22:21:18
170496.99,0.0,22:21:55
170494.06,-0.00171851,22:22:28
170000.0,-0.28978136,22:23:02
170000.0,0.0,22:23:34
170000.0,0.0,22:24:08
170000.0,0.0,22:24:41
170000.0,0.0,22:25:15
170000.0,0.0,22:25:48
170000.0,0.0,22:26:21
170000.0,0.0,22:26:54
170000.0,0.0,22:27:27
170500.0,0.29411765,22:28:00
170500.0,0.0,22:28:33
169200.0,-0.76246334,22:29:07
170500.0,0.76832151,22:29:39
170799.97,0.17593548,22:30:12
170799.97,0.0,22:30:46
170799.97,0.0,22:31:19
170799.97,0.0,22:31:53
170799.97,0.0,22:32:26
170791.17,-0.00515223,22:32:59
169296.96,-0.87487544,22:33:32
170771.05,0.87071262,22:34:04
170771.05,0.0,22:34:38
170771.05,0.0,22:35:11
170771.05,0.0,22:35:45
169360.56,-0.82595381,22:36:18
169360.56,0.0,22:36:51
169360.56,0.0,22:37:24
169426.08,0.03868669,22:37:57
169426.08,0.0,22:38:30
169706.08,0.16526381,22:39:03
169706.08,0.0,22:39:36
169706.08,0.0,22:40:09
169706.08,0.0,22:40:42
170791.3,0.63947031,22:41:15
170791.3,0.0,22:41:49
170791.3,0.0,22:42:22
170791.26,-2.342e-05,22:42:55
170791.26,0.0,22:43:28
169806.41,-0.57663958,22:44:01
169818.01,0.00683131,22:44:34
170723.81,0.53339454,22:45:07
170723.81,0.0,22:45:41
170723.81,0.0,22:46:13
170721.12,-0.00157564,22:46:50
169879.0,-0.4932723,22:47:23
170750.15,0.51280617,22:47:56
170750.15,0.0,22:48:29
170750.15,0.0,22:49:02
169063.8,-0.9876126,22:49:36
169063.8,0.0,22:50:09
170651.49,0.93910701,22:50:41
169083.96,-0.91855629,22:51:14
169083.96,0.0,22:51:47
169083.96,0.0,22:52:20
170630.56,0.9146935,22:52:53
169084.61,-0.90602176,22:53:27
169085.0,0.00023065,22:53:59
170556.86,0.87048526,22:54:32
170556.86,0.0,22:55:06
169100.0,-0.85417848,22:55:39
170660.37,0.92274985,22:56:13
170660.37,0.0,22:56:46
170554.85,-0.06183041,22:57:19
170554.85,0.0,22:57:52
170554.85,0.0,22:58:25
170445.99,-0.06382697,22:58:58
170445.99,0.0,22:59:31
170445.99,0.0,23:00:04
170619.58,0.10184458,23:00:38
169087.83,-0.89775746,23:01:11
169087.83,0.0,23:01:43
169087.83,0.0,23:02:17
169087.83,0.0,23:02:50
169088.69,0.00050861,23:03:23
170610.61,0.90007203,23:03:57
169089.13,-0.8917851,23:04:30
169100.0,0.00642856,23:05:02
169100.0,0.0,23:05:35
170637.34,0.90913069,23:06:08
170637.34,0.0,23:06:41
170637.34,0.0,23:07:15
170637.34,0.0,23:07:48
170637.34,0.0,23:08:21
170637.34,0.0,23:08:53
170637.34,0.0,23:09:26
169109.99,-0.89508545,23:10:00
169109.99,0.0,23:10:34
169109.99,0.0,23:11:07
169109.99,0.0,23:11:40
169109.99,0.0,23:12:13
169160.93,0.03012241,23:12:46
169160.93,0.0,23:13:20
169160.93,0.0,23:13:52
170601.32,0.85149094,23:14:26
170601.32,0.0,23:14:59
170601.32,0.0,23:15:32
170500.0,-0.05938993,23:16:05
169300.0,-0.70381232,23:16:38
170799.9,0.88594211,23:17:11
170799.9,0.0,23:17:44
170799.9,0.0,23:18:17
169357.03,-0.84477216,23:18:50
170589.39,0.72766982,23:19:22
170589.39,-0.0,23:19:55
170597.74,0.00489479,23:20:28
169415.66,-0.69290484,23:21:01
169415.66,0.0,23:21:34
169486.31,0.04170217,23:22:07
169486.31,0.0,23:22:40
169486.31,0.0,23:23:13
170785.17,0.76635098,23:23:46
170785.17,-0.0,23:24:19
170682.81,-0.05993495,23:24:52
170682.81,0.0,23:25:25
169480.28,-0.70454078,23:25:58
169480.28,0.0,23:26:31
169480.28,0.0,23:27:04
169480.28,0.0,23:27:37
170611.39,0.66739918,23:28:10
170585.43,-0.01521587,23:28:43
170585.43,0.0,23:29:16
170585.43,0.0,23:29:49
170585.43,0.0,23:30:22
170585.43,0.0,23:30:55
170585.43,0.0,23:31:28
169603.06,-0.57588154,23:32:01
169603.07,5.9e-06,23:32:34
169603.07,0.0,23:33:07
169603.07,0.0,23:33:40
169603.07,0.0,23:34:13
169603.07,0.0,23:34:47
169608.74,0.0033431,23:35:20
170550.0,0.55495961,23:35:53
170578.95,0.01697449,23:36:26
170578.95,0.0,23:37:00
170578.95,0.0,23:37:33
170577.28,-0.00097902,23:38:05
170574.68,-0.00152424,23:38:39
170574.68,0.0,23:39:12
170574.68,0.0,23:39:45
170574.68,0.0,23:40:18
170574.68,0.0,23:40:51
170574.68,0.0,23:41:24
170574.68,0.0,23:41:56
170574.68,0.0,23:42:30
170700.0,0.07346929,23:43:02
169622.91,-0.63098418,23:43:36
169622.91,0.0,23:44:09
169622.91,0.0,23:44:42
169622.91,0.0,23:45:15
170700.0,0.63499087,23:45:48
170899.88,0.11709432,23:46:20
170899.88,0.0,23:46:53
169704.35,-0.69954994,23:47:26
169713.62,0.00546244,23:47:59
169713.62,0.0,23:48:32
170848.51,0.66870885,23:49:05
170848.51,0.0,23:49:38
170848.51,0.0,23:50:11
170848.51,0.0,23:50:45
169778.43,-0.62633265,23:51:18
169778.43,0.0,23:51:51
169778.43,0.0,23:52:24
169803.17,0.01457193,23:52:57
169803.17,-0.0,23:53:30
169803.17,-0.0,23:54:03
169803.17,-0.0,23:54:36
169803.17,-0.0,23:55:09
169881.19,0.04594732,23:55:42
169890.28,0.0053508,23:56:15
170837.21,0.55737738,23:56:47
170837.21,0.0,23:57:20
170837.21,0.0,23:57:53
170848.37,0.00653253,23:58:26
169943.12,-0.5298558,23:58:59
169949.44,0.00371889,23:59:32
169949.44,0.0,00:00:05
169949.44,0.0,00:00:38
170790.83,0.49508254,00:01:11
170790.83,0.0,00:01:44
170790.83,0.0,00:02:17
170000.0,-0.46304008,00:02:50
170000.0,0.0,00:03:23
170000.0,0.0,00:03:56
170000.0,0.0,00:04:29
170000.0,0.0,00:05:02
170004.01,0.00235882,00:05:35
170004.01,0.0,00:06:08
170001.0,-0.00177055,00:06:41
170760.99,0.44705031,00:07:14
170760.99,0.0,00:07:46
170760.99,0.0,00:08:20
170760.99,0.0,00:08:52
170759.64,-0.00079058,00:09:26
170759.65,5.86e-06,00:09:59
170759.65,0.0,00:10:33
170759.65,0.0,00:11:05
170004.01,-0.44251672,00:11:39
170001.0,-0.00177055,00:12:11
170857.17,0.50362645,00:12:44
170001.12,-0.50103253,00:13:18
170004.01,0.00169999,00:13:52
170004.01,0.0,00:14:25
170004.01,0.0,00:14:57
170004.01,0.0,00:15:31
170848.45,0.4967177,00:16:04
170830.99,-0.01021958,00:16:37
170839.72,0.00511031,00:17:11
170015.82,-0.4822649,00:17:43
170015.82,0.0,00:18:16
170015.82,0.0,00:18:49
170015.82,0.0,00:19:22
170769.57,0.4433411,00:19:55
170769.57,0.0,00:20:28
170004.01,-0.44830001,00:21:02
170004.01,0.0,00:21:34
170004.13,7.059e-05,00:22:07
170004.13,0.0,00:22:41
170004.13,0.0,00:23:14
170004.13,0.0,00:23:47
170004.13,0.0,00:24:21
170004.13,0.0,00:24:53
170687.65,0.40206082,00:25:26
170687.65,0.0,00:26:00
170687.65,0.0,00:26:33
170687.65,0.0,00:27:05
169719.88,-0.56698302,00:27:39
170003.01,0.16682194,00:28:12
170003.01,0.0,00:28:45
170003.01,0.0,00:29:18
170003.01,0.0,00:29:51
170000.0,-0.00177056,00:30:24
170003.01,0.00177059,00:30:58
170003.01,0.0,00:31:31
170003.01,0.0,00:32:04
170003.01,0.0,00:32:37
170003.01,0.0,00:33:10
170003.01,0.0,00:33:43
170003.01,0.0,00:34:16
170730.26,0.42778654,00:34:49
170730.26,0.0,00:35:22
170038.01,-0.40546415,00:35:55
170653.55,0.36200141,00:36:28
170653.55,0.0,00:37:01
170653.55,0.0,00:37:33
170653.55,0.0,00:38:07
170653.55,0.0,00:38:41
170653.55,0.0,00:39:13
170653.55,0.0,00:39:46
170041.0,-0.3589436,00:40:19
170041.0,0.0,00:40:52
170041.0,0.0,00:41:25
170041.0,0.0,00:41:58
170041.0,0.0,00:42:32
170041.0,0.0,00:43:04
170041.0,0.0,00:43:38
170041.0,0.0,00:44:11
170593.42,0.32487459,00:44:44
170593.42,-0.0,00:45:17
170593.42,-0.0,00:45:50
170593.42,-0.0,00:46:23
170593.42,-0.0,00:46:55
170593.42,-0.0,00:47:29
170530.94,-0.03662509,00:48:02
170530.94,0.0,00:48:35
170530.94,0.0,00:49:07
170530.94,0.0,00:49:41
170530.94,0.0,00:50:13
170838.56,0.18038955,00:50:46
170838.56,0.0,00:51:20
170002.6,-0.48932747,00:51:52
170003.07,0.00027647,00:52:25
170003.07,0.0,00:52:58
170003.07,0.0,00:53:31
170003.07,0.0,00:54:04
170003.07,0.0,00:54:37
170856.52,0.50202035,00:55:10
170856.52,0.0,00:55:44
170856.52,0.0,00:56:17
170856.52,0.0,00:56:50
170856.52,0.0,00:57:22
170856.52,0.0,00:57:55
170856.52,0.0,00:58:28
170856.52,0.0,00:59:05
170856.52,0.0,00:59:38
170856.52,0.0,01:00:11
170856.52,0.0,01:00:43
170856.52,0.0,01:01:16
170856.52,0.0,01:01:49
170856.52,0.0,01:02:22
170856.52,0.0,01:02:54
170856.52,0.0,01:03:27
170110.06,-0.4368929,01:04:01
170110.06,0.0,01:04:33
170110.06,0.0,01:05:06
170110.06,0.0,01:05:40
170100.0,-0.00591382,01:06:12
170100.0,0.0,01:06:45
170100.0,0.0,01:07:18
170100.0,0.0,01:07:51
170100.0,0.0,01:08:24
170900.0,0.47031158,01:08:56
170900.0,0.0,01:09:29
170100.0,-0.46811001,01:10:02
170100.0,0.0,01:10:35
170100.0,0.0,01:11:08
170100.0,0.0,01:11:41
170100.0,0.0,01:12:14
170100.0,0.0,01:12:47
170100.0,0.0,01:13:20
170100.0,0.0,01:13:53
170100.0,0.0,01:14:26
170899.96,0.47028807,01:14:59
170899.99,1.755e-05,01:15:32
170899.99,0.0,01:16:05
170899.95,-2.341e-05,01:16:38
170899.95,0.0,01:17:11
170899.95,0.0,01:17:44
170899.95,0.0,01:18:18
170899.95,0.0,01:18:51
170899.95,0.0,01:19:24
170100.0,-0.46808089,01:19:56
170100.0,0.0,01:20:30
170830.09,0.42921223,01:21:02
170830.09,0.0,01:21:36
170830.09,0.0,01:22:09
170830.09,0.0,01:22:42
170830.09,0.0,01:23:15
170830.09,0.0,01:23:48
170830.09,0.0,01:24:22
170830.09,0.0,01:24:55
170830.09,0.0,01:25:29
170830.09,0.0,01:26:01
170707.32,-0.07186673,01:26:34
170707.32,0.0,01:27:07
170750.0,0.02500186,01:27:40
170897.35,0.08629575,01:28:13
170897.35,0.0,01:28:46
170897.35,0.0,01:29:19
170100.0,-0.46656663,01:29:52
170100.0,0.0,01:30:24
170100.0,0.0,01:30:57
170100.0,0.0,01:31:30
170100.0,0.0,01:32:02
170100.0,0.0,01:32:35
170100.0,0.0,01:33:08
170100.0,0.0,01:33:41
170100.0,0.0,01:34:14
170100.0,0.0,01:34:47
170100.0,0.0,01:35:19
170797.81,0.41023516,01:35:52
170797.81,0.0,01:36:25
170797.81,0.0,01:36:57
170797.81,0.0,01:37:30
170797.81,0.0,01:38:04
170797.81,0.0,01:38:37
170797.81,0.0,01:39:10
170797.81,0.0,01:39:42
170002.6,-0.4655856,01:40:15
170002.6,0.0,01:40:48
169704.46,-0.17537379,01:41:21
169710.54,0.0035827,01:41:55
169710.54,0.0,01:42:27
169710.54,0.0,01:43:00
169710.54,0.0,01:43:33
169710.54,0.0,01:44:06
169710.54,0.0,01:44:40
169710.54,0.0,01:45:13
169710.54,0.0,01:45:46
169704.46,-0.00358257,01:46:19
169710.54,0.0035827,01:46:51
169710.54,0.0,01:47:25
169706.0,-0.00267514,01:47:58
170742.85,0.61096838,01:48:31
170742.85,0.0,01:49:04
169803.19,-0.55033637,01:49:37
169803.19,0.0,01:50:09
169803.19,0.0,01:50:42
169803.19,0.0,01:51:15
169803.19,0.0,01:51:48
169903.18,0.05888582,01:52:21
169903.18,0.0,01:52:55
169903.18,0.0,01:53:28
170880.0,0.57492744,01:54:00
170880.0,0.0,01:54:34
170880.0,0.0,01:55:06
170880.0,0.0,01:55:40
170880.0,0.0,01:56:13
170880.0,0.0,01:56:46
170880.0,0.0,01:57:18
170880.0,0.0,01:57:51
170880.0,0.0,01:58:25
170880.0,0.0,01:58:58
170880.0,0.0,01:59:31
170880.0,0.0,02:00:04
170880.0,0.0,02:00:37
170880.0,0.0,02:01:10
170880.0,0.0,02:01:42
170899.9,0.0116456,02:02:15
170899.9,0.0,02:02:49
170899.9,0.0,02:03:22
170899.9,0.0,02:03:54
170899.9,0.0,02:04:27
170899.9,0.0,02:05:00
170899.9,0.0,02:05:33
170899.9,0.0,02:06:06
170885.28,-0.00855472,02:06:40
170888.65,0.00197208,02:07:13
170888.65,0.0,02:07:45
169889.38,-0.58474919,02:08:18
170882.22,0.5844038,02:08:51
170882.22,0.0,02:09:24
170882.22,0.0,02:09:57
170882.22,0.0,02:10:30
169978.15,-0.52906031,02:11:03
169978.15,0.0,02:11:36
169978.15,0.0,02:12:08
169978.15,0.0,02:12:41
169978.15,0.0,02:13:14
169978.15,0.0,02:13:47
169978.15,0.0,02:14:20
169978.15,0.0,02:14:53
169978.15,0.0,02:15:26
169978.15,0.0,02:15:59
169972.01,-0.00361223,02:16:31
169972.01,0.0,02:17:04
169972.01,0.0,02:17:37
169972.01,0.0,02:18:10
169600.01,-0.21885956,02:18:43
169600.01,0.0,02:19:16
169600.01,0.0,02:19:49
169600.01,0.0,02:20:22
169600.01,0.0,02:20:55
169600.01,0.0,02:21:28
169600.01,0.0,02:22:01
169600.01,0.0,02:22:35
169600.01,0.0,02:23:07
169600.01,0.0,02:23:40
169600.01,0.0,02:24:13
169600.01,0.0,02:24:45
169600.01,0.0,02:25:18
169600.01,0.0,02:25:51
169600.01,0.0,02:26:24
169600.01,0.0,02:26:57
169600.01,0.0,02:27:30
169600.01,0.0,02:28:02
169600.01,0.0,02:28:35
169600.01,0.0,02:29:08
169600.01,0.0,02:29:41
169600.01,0.0,02:30:14
170000.0,0.23584315,02:30:47
170000.0,0.0,02:31:20
170000.0,0.0,02:31:52
169600.01,-0.23528824,02:32:25
169600.01,0.0,02:32:58
169600.01,0.0,02:33:31
170000.0,0.23584315,02:34:04
170000.0,0.0,02:34:37
170000.0,0.0,02:35:10
170000.0,0.0,02:35:42
170000.0,0.0,02:36:15
170000.0,0.0,02:36:48
170000.0,0.0,02:37:21
170000.0,0.0,02:37:54
170000.0,0.0,02:38:27
170000.0,0.0,02:38:59
170900.0,0.52941176,02:39:32
170995.0,0.05558806,02:40:05
171275.0,0.16374748,02:40:38
170092.25,-0.69055612,02:41:11
171500.0,0.82763912,02:41:44
171500.0,0.0,02:42:16
171500.0,0.0,02:42:49
171700.0,0.11661808,02:43:22
171900.0,0.11648224,02:43:54
171900.0,0.0,02:44:28
171900.0,0.0,02:45:00
170326.04,-0.91562536,02:45:33
172000.0,0.98279746,02:46:06
172002.49,0.00144767,02:46:39
172498.98,0.2886528,02:47:12
170426.83,-1.20125348,02:47:45
170518.06,0.0535303,02:48:18
170518.06,0.0,02:48:51
170518.06,0.0,02:49:24
170518.06,0.0,02:49:57
170518.06,0.0,02:50:30
170651.29,0.07813249,02:51:03
170651.29,0.0,02:51:36
170651.29,0.0,02:52:09
170651.29,0.0,02:52:41
170651.29,0.0,02:53:14
170642.0,-0.00544385,02:53:48
170642.0,0.0,02:54:20
170642.0,0.0,02:54:53
170642.05,2.93e-05,02:55:26
170642.05,0.0,02:55:59
170642.05,0.0,02:56:32
170642.05,0.0,02:57:04
170642.05,0.0,02:57:38
170642.05,0.0,02:58:10
172493.77,1.08514871,02:58:43
172493.77,0.0,02:59:16
172493.77,0.0,02:59:49
172493.77,0.0,03:00:22
172493.77,0.0,03:00:55
172493.77,0.0,03:01:28
172493.77,0.0,03:02:01
172493.77,0.0,03:02:34
172493.77,0.0,03:03:06
172499.01,0.00303779,03:03:39
172499.01,0.0,03:04:12
172499.01,0.0,03:04:45
172499.01,0.0,03:05:17
172499.01,0.0,03:05:50
172499.01,0.0,03:06:23
172499.01,0.0,03:06:56
172499.01,0.0,03:07:28
172499.01,0.0,03:08:02
172499.01,0.0,03:08:34
172499.01,0.0,03:09:07
172499.01,0.0,03:09:40
172499.01,0.0,03:10:13
172499.01,0.0,03:10:49
172499.01,0.0,03:11:22
172499.01,0.0,03:11:55
172499.01,0.0,03:12:28
172499.01,0.0,03:13:01
172499.01,0.0,03:13:34
172499.01,0.0,03:14:06
172499.01,0.0,03:14:40
172499.01,0.0,03:15:13
172499.01,0.0,03:15:46
170642.17,-1.07643516,03:16:19
170642.17,-0.0,03:16:52
170642.17,-0.0,03:17:25
170642.17,-0.0,03:17:58
171550.3,0.53218381,03:18:31
171550.3,0.0,03:19:04
171550.3,0.0,03:19:37
171550.3,0.0,03:20:10
171550.3,0.0,03:20:42
171550.3,0.0,03:21:15
171550.3,0.0,03:21:48
171550.3,0.0,03:22:21
171550.3,0.0,03:22:54
170672.31,-0.51179741,03:23:27
170678.44,0.00359168,03:24:00
170678.44,0.0,03:24:33
172000.0,0.77429815,03:25:06
172000.0,0.0,03:25:39
172000.0,0.0,03:26:12
172000.0,0.0,03:26:45
172000.0,0.0,03:27:18
172499.01,0.29012209,03:27:51
172499.01,0.0,03:28:23
172499.01,0.0,03:28:56
172499.01,0.0,03:29:29
172499.01,0.0,03:30:03
172499.01,0.0,03:30:36
172499.01,0.0,03:31:09
170648.64,-1.07268442,03:31:42
170648.62,-1.172e-05,03:32:15
170648.62,0.0,03:32:48
170648.62,0.0,03:33:20
170648.62,0.0,03:33:54
170648.62,0.0,03:34:27
170648.42,-0.0001172,03:35:00
170648.42,-0.0,03:35:33
170648.42,-0.0,03:36:06
170648.42,-0.0,03:36:39
170648.42,-0.0,03:37:12
170648.42,-0.0,03:37:45
170648.42,-0.0,03:38:18
170648.42,-0.0,03:38:51
170648.42,-0.0,03:39:24
170648.42,-0.0,03:39:56
170648.42,-0.0,03:40:29
170648.42,-0.0,03:41:02
170648.42,-0.0,03:41:35
170648.42,-0.0,03:42:08
170648.94,0.00030472,03:42:41
170648.94,0.0,03:43:14
170648.94,0.0,03:43:46
170648.94,0.0,03:44:19
170648.94,0.0,03:44:52
170648.94,0.0,03:45:25
170648.94,0.0,03:45:58
170648.94,0.0,03:46:31
170648.94,0.0,03:47:03
170648.94,0.0,03:47:36
170679.76,0.01806047,03:48:09
170679.76,0.0,03:48:42
172427.85,1.02419291,03:49:15
172427.85,0.0,03:49:48
170786.22,-0.95206778,03:50:21
170786.22,0.0,03:50:54
170786.22,0.0,03:51:27
170786.22,0.0,03:51:59
170786.22,0.0,03:52:33
170786.22,0.0,03:53:05
170786.22,0.0,03:53:39
170786.22,0.0,03:54:13
170786.22,0.0,03:54:46
170786.22,0.0,03:55:18
170786.22,0.0,03:55:51
170786.22,0.0,03:56:24
170809.04,0.01336173,03:56:57
170809.04,0.0,03:57:31
170809.04,0.0,03:58:03
172498.98,0.98937386,03:58:36
172498.98,0.0,03:59:09
172498.98,0.0,03:59:42
172498.98,0.0,04:00:15
172498.98,0.0,04:00:48
172498.98,0.0,04:01:21
172498.98,0.0,04:01:54
172498.98,0.0,04:02:27
170840.36,-0.96152453,04:03:00
170840.36,0.0,04:03:33
170909.12,0.0402481,04:04:06
170909.12,0.0,04:04:39
170909.12,0.0,04:05:12
170909.12,0.0,04:05:45
170909.12,0.0,04:06:18
170909.12,0.0,04:06:51
170909.12,0.0,04:07:24
170909.12,0.0,04:07:56
170909.12,0.0,04:08:30
170909.12,0.0,04:09:03
170909.12,0.0,04:09:36
170909.12,0.0,04:10:09
170909.12,0.0,04:10:42
170909.12,0.0,04:11:14
170909.12,0.0,04:11:47
170909.12,0.0,04:12:20
170909.12,0.0,04:12:54
170909.12,0.0,04:13:27
170909.12,0.0,04:13:59
170909.12,0.0,04:14:33
170909.12,0.0,04:15:05
170909.12,0.0,04:15:39
170909.12,0.0,04:16:12
170909.12,0.0,04:16:46
170717.47,-0.11213562,04:17:19
170717.47,0.0,04:17:52
170717.47,0.0,04:18:25
170717.47,0.0,04:18:57
172248.59,0.89687365,04:19:30
172248.59,0.0,04:20:03
172248.59,0.0,04:20:36
172248.59,0.0,04:21:09
172248.59,0.0,04:21:42
172248.59,0.0,04:22:15
172248.59,0.0,04:22:48
172248.59,0.0,04:23:21
172248.59,0.0,04:23:54
172248.59,0.0,04:24:27
172248.59,0.0,04:25:00
172248.59,0.0,04:25:33
172248.59,0.0,04:26:06
172248.59,0.0,04:26:39
172248.59,0.0,04:27:12
172248.59,0.0,04:27:46
172248.59,0.0,04:28:19
172248.59,0.0,04:28:52
172240.85,-0.00449351,04:29:24
172240.85,0.0,04:29:57
172240.85,0.0,04:30:30
170732.51,-0.8757156,04:31:03
170770.06,0.02199347,04:31:36
170770.06,0.0,04:32:09
170770.06,0.0,04:32:42
170833.04,0.03688,04:33:15
170833.04,0.0,04:33:48
170833.04,0.0,04:34:21
170833.04,0.0,04:34:54
170833.04,0.0,04:35:27
170833.04,0.0,04:36:00
170833.04,0.0,04:36:32
170833.04,0.0,04:37:05
170833.04,0.0,04:37:38
171996.99,0.68133776,04:38:11
171996.99,0.0,04:38:45
171996.99,0.0,04:39:17
171996.99,0.0,04:39:50
171996.99,0.0,04:40:23
171996.99,0.0,04:40:56
171996.99,0.0,04:41:28
171996.99,0.0,04:42:02
171996.99,0.0,04:42:35
171996.99,0.0,04:43:08
171996.99,0.0,04:43:41
171895.99,-0.05872196,04:44:14
171895.99,0.0,04:44:47
171895.99,0.0,04:45:20
171895.99,0.0,04:45:53
171895.99,0.0,04:46:26
171825.99,-0.0407223,04:46:59
171825.99,0.0,04:47:32
171825.99,0.0,04:48:04
171825.99,0.0,04:48:37
171825.99,0.0,04:49:10
171825.99,0.0,04:49:44
171825.99,0.0,04:50:16
171825.99,0.0,04:50:49
171825.99,0.0,04:51:22
171825.99,0.0,04:51:56
171825.99,0.0,04:52:28
171825.99,0.0,04:53:01
171825.99,0.0,04:53:35
171825.99,0.0,04:54:08
171825.99,0.0,04:54:41
171825.99,0.0,04:55:14
171825.99,0.0,04:55:47
171825.99,0.0,04:56:19
170711.54,-0.64859222,04:56:53
170711.54,0.0,04:57:25
170711.54,0.0,04:57:59
171099.0,0.22696767,04:58:32
171099.0,0.0,04:59:05
171099.0,0.0,04:59:38
171099.0,0.0,05:00:11
171099.0,0.0,05:00:44
171099.0,0.0,05:01:17
171099.0,0.0,05:01:50
171099.0,0.0,05:02:23
171099.0,0.0,05:02:56
171099.0,0.0,05:03:29
171099.0,0.0,05:04:01
171099.0,0.0,05:04:35
171099.0,0.0,05:05:08
171099.0,0.0,05:05:41
171099.0,0.0,05:06:15
171099.0,0.0,05:06:47
171099.0,0.0,05:07:20
171099.0,0.0,05:07:53
171099.0,0.0,05:08:27
171099.0,0.0,05:08:59
171099.0,0.0,05:09:32
171099.0,0.0,05:10:05
171099.0,0.0,05:10:38
171099.0,0.0,05:11:11
171099.0,0.0,05:11:44
171099.0,0.0,05:12:17
171099.0,0.0,05:12:51
171099.0,0.0,05:13:24
171099.0,0.0,05:13:57
171099.0,0.0,05:14:30
171099.0,0.0,05:15:02
171099.0,0.0,05:15:36
171099.0,0.0,05:16:09
170667.46,-0.25221655,05:16:42
171099.0,0.25285429,05:17:15
171099.0,0.0,05:17:48
171099.0,0.0,05:18:21
171099.0,0.0,05:18:54
172498.97,0.8182222,05:19:27
172498.97,0.0,05:19:59
172498.97,0.0,05:20:33
172498.97,0.0,05:21:06
172498.97,0.0,05:21:39
172498.97,0.0,05:22:12
172498.97,0.0,05:22:49
172498.97,0.0,05:23:22
172498.97,0.0,05:23:54
172498.97,0.0,05:24:27
172496.38,-0.00150146,05:25:00
172496.38,0.0,05:25:33
172485.34,-0.00640013,05:26:05
172485.34,0.0,05:26:39
172485.34,0.0,05:27:12
170642.6,-1.06834587,05:27:45
172496.0,1.08612972,05:28:17
172496.0,0.0,05:28:50
172496.0,0.0,05:29:23
172496.0,0.0,05:29:56
172496.0,0.0,05:30:29
172496.0,0.0,05:31:02
172496.0,0.0,05:31:35
172496.0,0.0,05:32:07
172496.0,0.0,05:32:40
172496.0,0.0,05:33:13
172496.0,0.0,05:33:47
170642.44,-1.07455245,05:34:19
170642.44,0.0,05:34:53
170642.44,0.0,05:35:25
170642.44,0.0,05:35:58
170642.44,0.0,05:36:31
170642.44,0.0,05:37:04
170682.65,0.02356389,05:37:36
170682.65,0.0,05:38:10
170682.65,0.0,05:38:43
170682.65,0.0,05:39:16
170682.65,0.0,05:39:48
170682.65,0.0,05:40:21
170682.65,0.0,05:40:54
170682.65,0.0,05:41:27
170682.65,0.0,05:42:00
170682.65,0.0,05:42:33
170682.65,0.0,05:43:06
170682.65,0.0,05:43:39
170682.65,0.0,05:44:12
170682.65,0.0,05:44:46
170682.65,0.0,05:45:19
170682.65,0.0,05:45:52
170682.65,0.0,05:46:25
170682.65,0.0,05:46:57
170682.65,0.0,05:47:30
170682.65,0.0,05:48:03
170682.65,0.0,05:48:36
170682.65,0.0,05:49:09
170682.65,0.0,05:49:43
170884.02,0.11797919,05:50:15
170884.02,0.0,05:50:48
170884.02,0.0,05:51:21
170884.02,0.0,05:51:54
170884.02,0.0,05:52:26
170884.02,0.0,05:53:00
170884.02,0.0,05:53:33
170884.02,0.0,05:54:06
170884.02,0.0,05:54:39
170884.02,0.0,05:55:12
170884.02,0.0,05:55:44
170884.02,0.0,05:56:17
170884.02,0.0,05:56:51
170884.02,0.0,05:57:23
170884.02,0.0,05:57:57
170884.02,0.0,05:58:29
170884.02,0.0,05:59:02
170884.02,0.0,05:59:35
170884.02,0.0,06:00:07
170884.02,0.0,06:00:40
170884.02,0.0,06:01:13
170884.02,0.0,06:01:46
170884.02,0.0,06:02:19
170884.02,0.0,06:02:52
170884.02,0.0,06:03:24
170884.02,0.0,06:03:57
170884.02,0.0,06:04:30
170884.02,0.0,06:05:03
170884.02,0.0,06:05:36
170884.02,0.0,06:06:09
170884.02,0.0,06:06:42
170884.02,0.0,06:07:14
170884.02,0.0,06:07:47
170884.02,0.0,06:08:20
170884.02,0.0,06:08:52
170884.02,0.0,06:09:25
170884.02,0.0,06:09:58
170884.02,0.0,06:10:31
172498.98,0.94506204,06:11:03
172498.98,0.0,06:11:37
172498.98,0.0,06:12:09
172498.98,0.0,06:12:43
172498.98,0.0,06:13:16
172498.98,0.0,06:13:49
170941.9,-0.90266041,06:14:21
170941.9,0.0,06:14:54
170941.9,0.0,06:15:28
170941.9,0.0,06:16:01
170941.9,0.0,06:16:34
170941.9,0.0,06:17:07
170941.9,0.0,06:17:40
170941.9,0.0,06:18:13
171193.26,0.14704411,06:18:46
171193.26,0.0,06:19:19
171193.26,0.0,06:19:52
171193.26,0.0,06:20:24
171193.26,0.0,06:20:57
171193.26,0.0,06:21:30
171193.26,0.0,06:22:03
171193.26,0.0,06:22:35
171193.26,0.0,06:23:08
172498.98,0.76271694,06:23:41
172498.98,0.0,06:24:14
172498.98,0.0,06:24:47
172498.98,0.0,06:25:19
172498.98,0.0,06:25:53
172498.98,0.0,06:26:26
172498.98,0.0,06:26:58
172498.98,0.0,06:27:32
172498.98,0.0,06:28:05
172498.98,0.0,06:28:39
172498.98,0.0,06:29:12
172498.98,0.0,06:29:44
172498.98,0.0,06:30:18
172498.98,0.0,06:30:51
172498.98,0.0,06:31:24
172498.98,0.0,06:31:57
171401.0,-0.63651391,06:32:31
171401.0,0.0,06:33:04
171401.0,0.0,06:33:37
171401.0,0.0,06:34:10
171401.0,0.0,06:34:43
171401.0,0.0,06:35:16
171401.0,0.0,06:35:48
171401.0,0.0,06:36:22
171401.0,0.0,06:36:55
171401.0,0.0,06:37:27
171401.0,0.0,06:38:00
171401.0,0.0,06:38:34
170648.35,-0.43911646,06:39:07
170648.35,0.0,06:39:41
170648.35,0.0,06:40:13
170648.35,0.0,06:40:47
170648.35,0.0,06:41:19
170648.35,0.0,06:41:53
170648.35,0.0,06:42:26
170648.35,0.0,06:42:58
170648.35,0.0,06:43:31
170648.35,0.0,06:44:04
172297.87,0.96661937,06:44:37
172297.87,0.0,06:45:10
172297.87,0.0,06:45:44
172297.87,0.0,06:46:16
172297.87,0.0,06:46:49
172297.87,0.0,06:47:22
172297.87,0.0,06:47:55
172297.87,0.0,06:48:28
172297.87,0.0,06:49:01
172297.87,0.0,06:49:34
172297.87,0.0,06:50:07
172297.87,0.0,06:50:41
172297.87,0.0,06:51:14
172297.87,0.0,06:51:47
172297.87,0.0,06:52:20
172297.87,0.0,06:52:53
172297.87,0.0,06:53:26
                                