gnt_mxn,Porcentage,Time
1.9,0.0,11:44:55
1.9,0.0,11:45:28
1.9,0.0,11:46:01
1.9,0.0,11:46:34
1.9,0.0,11:47:07
1.9,0.0,11:47:40
1.9,0.0,11:48:13
1.9,0.0,11:48:46
1.9,0.0,11:49:19
1.9,0.0,11:49:52
1.9,0.0,11:50:25
1.9,0.0,11:50:58
1.9,0.0,11:51:32
1.9,0.0,11:52:05
1.9,0.0,11:52:39
1.9,0.0,11:53:12
1.9,0.0,11:53:45
1.9,0.0,11:54:18
1.9,0.0,11:54:51
1.9,0.0,11:55:25
1.9,0.0,11:55:58
1.9,0.0,11:56:31
1.9,0.0,11:57:04
1.9,0.0,11:57:37
1.9,0.0,11:58:11
1.9,0.0,11:58:44
1.9,0.0,11:59:17
1.9,0.0,11:59:50
1.9,0.0,12:00:23
1.9,0.0,12:00:57
1.9,0.0,12:01:30
1.88,-1.05263158,12:02:04
1.88,0.0,12:02:36
1.88,0.0,12:03:10
1.88,0.0,12:03:42
1.88,0.0,12:04:16
1.88,0.0,12:04:49
1.88,0.0,12:05:22
1.88,0.0,12:05:55
1.88,0.0,12:06:28
1.88,0.0,12:07:00
1.88,0.0,12:07:33
1.88,0.0,12:08:06
1.88,0.0,12:08:39
1.88,0.0,12:09:12
1.88,0.0,12:09:45
1.9,1.06382979,12:10:18
1.9,0.0,12:10:51
1.9,0.0,12:11:24
1.9,0.0,12:11:57
1.9,0.0,12:12:30
1.9,0.0,12:13:03
1.9,0.0,12:13:36
1.9,0.0,12:14:08
1.9,0.0,12:14:41
1.9,0.0,12:15:14
1.9,0.0,12:15:47
1.9,0.0,12:16:21
1.9,0.0,12:16:54
1.9,0.0,12:17:27
1.9,0.0,12:18:00
1.9,0.0,12:18:33
1.9,0.0,12:19:06
1.9,0.0,12:19:40
1.9,0.0,12:20:12
1.9,0.0,12:20:46
1.9,0.0,12:21:19
1.9,0.0,12:21:52
1.9,0.0,12:22:25
1.9,0.0,12:22:57
1.9,0.0,12:23:31
1.9,0.0,12:24:04
1.9,0.0,12:24:37
1.89,-0.52631579,12:25:10
1.89,0.0,12:25:42
1.89,0.0,12:26:16
1.89,0.0,12:26:48
1.89,0.0,12:27:21
1.89,0.0,12:27:54
1.89,0.0,12:28:28
1.89,0.0,12:29:01
1.89,0.0,12:29:34
1.89,0.0,12:30:07
1.89,0.0,12:30:40
1.89,0.0,12:31:13
1.89,0.0,12:31:50
1.89,0.0,12:32:23
1.9,0.52910053,12:32:56
1.9,0.0,12:33:29
1.9,0.0,12:34:02
1.9,0.0,12:34:35
1.88,-1.05263158,12:35:08
1.88,0.0,12:35:41
1.88,0.0,12:36:14
1.88,0.0,12:36:47
1.88,0.0,12:37:20
1.9,1.06382979,12:37:53
1.9,0.0,12:38:27
1.9,0.0,12:39:00
1.9,0.0,12:39:33
1.88,-1.05263158,12:40:06
1.88,0.0,12:40:39
1.88,0.0,12:41:12
1.88,0.0,12:41:45
1.88,0.0,12:42:18
1.88,0.0,12:42:51
1.88,0.0,12:43:25
1.88,0.0,12:43:58
1.88,0.0,12:44:31
1.88,0.0,12:45:04
1.88,0.0,12:45:37
1.88,0.0,12:46:10
1.88,0.0,12:46:43
1.9,1.06382979,12:47:17
1.9,0.0,12:47:50
1.9,0.0,12:48:23
1.9,0.0,12:48:57
1.9,0.0,12:49:29
1.88,-1.05263158,12:50:02
1.88,0.0,12:50:36
1.88,0.0,12:51:09
1.88,0.0,12:51:42
1.88,0.0,12:52:15
1.88,0.0,12:52:48
1.9,1.06382979,12:53:21
1.9,0.0,12:53:54
1.9,0.0,12:54:28
1.9,0.0,12:55:01
1.9,0.0,12:55:34
1.9,0.0,12:56:08
1.9,0.0,12:56:41
1.9,0.0,12:57:13
1.9,0.0,12:57:47
1.9,0.0,12:58:20
1.9,0.0,12:58:53
1.9,0.0,12:59:26
1.9,0.0,12:59:59
1.9,0.0,13:00:32
1.9,0.0,13:01:05
1.9,0.0,13:01:39
1.9,0.0,13:02:12
1.9,0.0,13:02:45
1.9,0.0,13:03:18
1.9,0.0,13:03:51
1.9,0.0,13:04:24
1.9,0.0,13:04:57
1.9,0.0,13:05:30
1.9,0.0,13:06:03
1.9,0.0,13:06:37
1.9,0.0,13:07:09
1.9,0.0,13:07:42
1.9,0.0,13:08:16
1.9,0.0,13:08:49
1.9,0.0,13:09:22
1.9,0.0,13:09:56
1.9,0.0,13:10:29
1.9,0.0,13:11:02
1.9,0.0,13:11:34
1.9,0.0,13:12:08
1.9,0.0,13:12:40
1.9,0.0,13:13:13
1.9,0.0,13:13:46
1.9,0.0,13:14:19
1.9,0.0,13:14:52
1.9,0.0,13:15:25
1.9,0.0,13:15:59
1.9,0.0,13:16:32
1.9,0.0,13:17:05
1.9,0.0,13:17:39
1.88,-1.05263158,13:18:12
1.9,1.06382979,13:18:44
1.9,0.0,13:19:17
1.9,0.0,13:19:50
1.9,0.0,13:20:23
1.9,0.0,13:20:56
1.9,0.0,13:21:29
1.9,0.0,13:22:02
1.9,0.0,13:22:35
1.9,0.0,13:23:08
1.9,0.0,13:23:42
1.9,0.0,13:24:15
1.9,0.0,13:24:48
1.9,0.0,13:25:21
1.9,0.0,13:25:54
1.9,0.0,13:26:27
1.9,0.0,13:27:00
1.9,0.0,13:27:33
1.9,0.0,13:28:06
1.9,0.0,13:28:39
1.87,-1.57894737,13:29:13
1.87,0.0,13:29:45
1.87,0.0,13:30:19
1.87,0.0,13:30:52
1.87,0.0,13:31:25
1.87,0.0,13:31:58
1.87,0.0,13:32:31
1.87,0.0,13:33:04
1.87,0.0,13:33:37
1.87,0.0,13:34:10
1.87,0.0,13:34:43
1.87,0.0,13:35:17
1.87,0.0,13:35:50
1.87,0.0,13:36:23
1.87,0.0,13:36:56
1.87,0.0,13:37:29
1.87,0.0,13:38:03
1.87,0.0,13:38:35
1.87,0.0,13:39:08
1.87,0.0,13:39:41
1.87,0.0,13:40:14
1.87,0.0,13:40:46
1.87,0.0,13:41:19
1.87,0.0,13:41:54
1.87,0.0,13:42:26
1.87,0.0,13:42:59
1.87,0.0,13:43:33
1.87,0.0,13:44:06
1.87,0.0,13:44:40
1.87,0.0,13:45:13
1.87,0.0,13:45:46
1.87,0.0,13:46:18
1.87,0.0,13:46:52
1.87,0.0,13:47:25
1.87,0.0,13:47:57
1.87,0.0,13:48:31
1.87,0.0,13:49:04
1.87,0.0,13:49:38
1.87,0.0,13:50:11
1.87,0.0,13:50:44
1.87,0.0,13:51:16
1.87,0.0,13:51:49
1.87,0.0,13:52:23
1.87,0.0,13:52:56
1.87,0.0,13:53:29
1.87,0.0,13:54:02
1.87,0.0,13:54:35
1.87,0.0,13:55:08
1.87,0.0,13:55:41
1.87,0.0,13:56:15
1.87,0.0,13:56:48
1.87,0.0,13:57:24
1.87,0.0,13:57:57
1.87,0.0,13:58:31
1.87,0.0,13:59:05
1.87,0.0,13:59:38
1.87,0.0,14:00:10
1.87,0.0,14:00:43
1.87,0.0,14:01:16
1.87,0.0,14:01:49
1.87,0.0,14:02:22
1.87,0.0,14:02:56
1.87,0.0,14:03:29
1.87,0.0,14:04:02
1.87,0.0,14:04:34
1.87,0.0,14:05:08
1.87,0.0,14:05:41
1.87,0.0,14:06:15
1.87,0.0,14:06:48
1.87,0.0,14:07:21
1.87,0.0,14:07:54
1.87,0.0,14:08:27
1.87,0.0,14:09:00
1.87,0.0,14:09:33
1.87,0.0,14:10:06
1.87,0.0,14:10:39
1.87,0.0,14:11:12
1.9,1.60427807,14:11:45
1.9,0.0,14:12:18
1.9,0.0,14:12:51
1.9,0.0,14:13:24
1.9,0.0,14:13:57
1.9,0.0,14:14:29
1.9,0.0,14:15:02
1.9,0.0,14:15:35
1.9,0.0,14:16:08
1.9,0.0,14:16:41
1.9,0.0,14:17:14
1.9,0.0,14:17:47
1.9,0.0,14:18:20
1.9,0.0,14:18:52
1.9,0.0,14:19:25
1.9,0.0,14:19:58
1.9,0.0,14:20:31
1.9,0.0,14:21:04
1.87,-1.57894737,14:21:37
1.87,0.0,14:22:10
1.87,0.0,14:22:43
1.87,0.0,14:23:16
1.87,0.0,14:23:48
1.87,0.0,14:24:22
1.87,0.0,14:24:55
1.87,0.0,14:25:27
1.87,0.0,14:26:00
1.9,1.60427807,14:26:34
1.9,0.0,14:27:06
1.9,0.0,14:27:40
1.9,0.0,14:28:12
1.9,0.0,14:28:46
1.9,0.0,14:29:20
1.9,0.0,14:29:53
1.9,0.0,14:30:26
1.9,0.0,14:30:59
1.9,0.0,14:31:31
1.9,0.0,14:32:04
1.9,0.0,14:32:37
1.9,0.0,14:33:10
1.9,0.0,14:33:43
1.9,0.0,14:34:16
1.9,0.0,14:34:48
1.9,0.0,14:35:22
1.9,0.0,14:35:55
1.9,0.0,14:36:27
1.9,0.0,14:37:00
1.9,0.0,14:37:33
1.9,0.0,14:38:06
1.9,0.0,14:38:39
1.9,0.0,14:39:12
1.9,0.0,14:39:45
1.87,-1.57894737,14:40:18
1.87,0.0,14:40:51
1.87,0.0,14:41:24
1.87,0.0,14:41:57
1.87,0.0,14:42:30
1.87,0.0,14:43:02
1.87,0.0,14:43:35
1.87,0.0,14:44:08
1.87,0.0,14:44:41
1.87,0.0,14:45:13
1.87,0.0,14:45:46
1.87,0.0,14:46:19
1.87,0.0,14:46:52
1.87,0.0,14:47:25
1.87,0.0,14:47:58
1.87,0.0,14:48:31
1.87,0.0,14:49:03
1.87,0.0,14:49:36
1.87,0.0,14:50:09
1.87,0.0,14:50:42
1.87,0.0,14:51:15
1.87,0.0,14:51:47
1.87,0.0,14:52:20
1.87,0.0,14:52:53
1.87,0.0,14:53:26
1.87,0.0,14:53:59
1.9,1.60427807,14:54:31
1.9,0.0,14:55:04
1.9,0.0,14:55:37
1.9,0.0,14:56:10
1.9,0.0,14:56:43
1.9,0.0,14:57:15
1.9,0.0,14:57:48
1.9,0.0,14:58:21
1.9,0.0,14:58:54
1.9,0.0,14:59:27
1.9,0.0,15:00:00
1.9,0.0,15:00:32
1.9,0.0,15:01:05
1.9,0.0,15:01:39
1.9,0.0,15:02:12
1.9,0.0,15:02:45
1.9,0.0,15:03:18
1.9,0.0,15:03:51
1.9,0.0,15:04:24
1.9,0.0,15:04:57
1.9,0.0,15:05:29
1.9,0.0,15:06:02
1.9,0.0,15:06:35
1.9,0.0,15:07:08
1.9,0.0,15:07:41
1.9,0.0,15:08:14
1.9,0.0,15:08:47
1.9,0.0,15:09:20
1.9,0.0,15:09:53
1.9,0.0,15:10:25
1.9,0.0,15:10:58
1.9,0.0,15:11:31
1.9,0.0,15:12:04
1.9,0.0,15:12:37
1.9,0.0,15:13:10
1.9,0.0,15:13:43
1.9,0.0,15:14:16
1.9,0.0,15:14:48
1.9,0.0,15:15:21
1.9,0.0,15:15:54
1.9,0.0,15:16:27
1.9,0.0,15:17:00
1.9,0.0,15:17:33
1.9,0.0,15:18:06
1.9,0.0,15:18:39
1.9,0.0,15:19:13
1.9,0.0,15:19:45
1.9,0.0,15:20:18
1.9,0.0,15:20:51
1.9,0.0,15:21:24
1.9,0.0,15:21:56
1.9,0.0,15:22:30
1.9,0.0,15:23:03
1.9,0.0,15:23:36
1.9,0.0,15:24:09
1.9,0.0,15:24:42
1.9,0.0,15:25:15
1.9,0.0,15:25:48
1.9,0.0,15:26:21
1.88,-1.05263158,15:26:54
1.88,0.0,15:27:27
1.88,0.0,15:28:00
1.88,0.0,15:28:32
1.88,0.0,15:29:05
1.88,0.0,15:29:39
1.88,0.0,15:30:12
1.88,0.0,15:30:45
1.88,0.0,15:31:18
1.88,0.0,15:31:51
1.88,0.0,15:32:24
1.88,0.0,15:32:56
1.88,0.0,15:33:29
1.88,0.0,15:34:03
1.88,0.0,15:34:36
1.88,0.0,15:35:09
1.88,0.0,15:35:42
1.88,0.0,15:36:15
1.88,0.0,15:36:48
1.88,0.0,15:37:21
1.9,1.06382979,15:37:54
1.9,0.0,15:38:27
1.9,0.0,15:39:00
1.9,0.0,15:39:33
1.9,0.0,15:40:06
1.9,0.0,15:40:40
1.88,-1.05263158,15:41:12
1.88,0.0,15:41:45
1.88,0.0,15:42:19
1.88,0.0,15:42:52
1.88,0.0,15:43:24
1.88,0.0,15:43:58
1.88,0.0,15:44:30
1.88,0.0,15:45:03
1.88,0.0,15:45:36
1.88,0.0,15:46:10
1.88,0.0,15:46:42
1.88,0.0,15:47:15
1.88,0.0,15:47:48
1.88,0.0,15:48:21
1.88,0.0,15:48:54
1.88,0.0,15:49:27
1.88,0.0,15:50:00
1.88,0.0,15:50:34
1.88,0.0,15:51:06
1.88,0.0,15:51:40
1.88,0.0,15:52:13
1.88,0.0,15:52:46
1.88,0.0,15:53:20
1.88,0.0,15:53:53
1.88,0.0,15:54:26
1.88,0.0,15:54:59
1.88,0.0,15:55:32
1.88,0.0,15:56:05
1.88,0.0,15:56:38
1.88,0.0,15:57:11
1.88,0.0,15:57:44
1.88,0.0,15:58:17
1.88,0.0,15:58:50
1.88,0.0,15:59:23
1.88,0.0,15:59:55
1.88,0.0,16:00:28
1.88,0.0,16:01:01
1.88,0.0,16:01:34
1.88,0.0,16:02:06
1.88,0.0,16:02:40
1.88,0.0,16:03:13
1.88,0.0,16:03:46
1.88,0.0,16:04:19
1.88,0.0,16:04:52
1.88,0.0,16:05:24
1.88,0.0,16:05:57
1.88,0.0,16:06:30
1.88,0.0,16:07:03
1.88,0.0,16:07:37
1.88,0.0,16:08:10
1.88,0.0,16:08:43
1.88,0.0,16:09:19
1.88,0.0,16:09:52
1.88,0.0,16:10:25
1.88,0.0,16:10:57
1.88,0.0,16:11:30
1.88,0.0,16:12:03
1.88,0.0,16:12:36
1.88,0.0,16:13:10
1.88,0.0,16:13:42
1.88,0.0,16:14:15
1.88,0.0,16:14:48
1.88,0.0,16:15:21
1.88,0.0,16:15:54
1.88,0.0,16:16:27
1.88,0.0,16:17:00
1.88,0.0,16:17:33
1.88,0.0,16:18:06
1.88,0.0,16:18:39
1.88,0.0,16:19:12
1.88,0.0,16:19:45
1.88,0.0,16:20:18
1.88,0.0,16:20:51
1.88,0.0,16:21:23
1.88,0.0,16:21:57
1.88,0.0,16:22:30
1.88,0.0,16:23:03
1.88,0.0,16:23:36
1.88,0.0,16:24:10
1.88,0.0,16:24:43
1.88,0.0,16:25:16
1.88,0.0,16:25:49
1.88,0.0,16:26:22
1.88,0.0,16:26:55
1.88,0.0,16:27:28
1.88,0.0,16:28:01
1.88,0.0,16:28:34
1.88,0.0,16:29:07
1.88,0.0,16:29:40
1.88,0.0,16:30:13
1.88,0.0,16:30:46
1.88,0.0,16:31:19
1.88,0.0,16:31:52
1.88,0.0,16:32:25
1.88,0.0,16:32:58
1.88,0.0,16:33:31
1.88,0.0,16:34:04
1.88,0.0,16:34:37
1.88,0.0,16:35:10
1.88,0.0,16:35:42
1.88,0.0,16:36:15
1.88,0.0,16:36:49
1.88,0.0,16:37:22
1.88,0.0,16:37:54
1.88,0.0,16:38:27
1.88,0.0,16:39:00
1.9,1.06382979,16:39:34
1.9,0.0,16:40:07
1.9,0.0,16:40:40
1.9,0.0,16:41:13
1.9,0.0,16:41:46
1.9,0.0,16:42:18
1.9,0.0,16:42:51
1.9,0.0,16:43:24
1.9,0.0,16:43:57
1.9,0.0,16:44:30
1.9,0.0,16:45:03
1.9,0.0,16:45:36
1.9,0.0,16:46:08
1.9,0.0,16:46:42
1.9,0.0,16:47:15
1.9,0.0,16:47:48
1.9,0.0,16:48:21
1.9,0.0,16:48:54
1.9,0.0,16:49:27
1.9,0.0,16:50:00
1.9,0.0,16:50:33
1.9,0.0,16:51:06
1.9,0.0,16:51:40
1.9,0.0,16:52:12
1.9,0.0,16:52:45
1.9,0.0,16:53:18
1.9,0.0,16:53:51
1.9,0.0,16:54:24
1.9,0.0,16:54:57
1.9,0.0,16:55:30
1.9,0.0,16:56:03
1.9,0.0,16:56:36
1.9,0.0,16:57:09
1.9,0.0,16:57:42
1.9,0.0,16:58:15
1.9,0.0,16:58:49
1.9,0.0,16:59:22
1.9,0.0,16:59:55
1.9,0.0,17:00:28
1.9,0.0,17:01:01
1.9,0.0,17:01:34
1.9,0.0,17:02:08
1.9,0.0,17:02:41
1.9,0.0,17:03:14
1.9,0.0,17:03:47
1.9,0.0,17:04:20
1.9,0.0,17:04:53
1.9,0.0,17:05:26
1.9,0.0,17:06:01
1.9,0.0,17:06:34
1.9,0.0,17:07:06
1.9,0.0,17:07:39
1.9,0.0,17:08:13
1.9,0.0,17:08:47
1.9,0.0,17:09:20
1.9,0.0,17:09:53
1.9,0.0,17:10:26
1.9,0.0,17:10:59
1.9,0.0,17:11:32
1.9,0.0,17:12:06
1.9,0.0,17:12:39
1.9,0.0,17:13:12
1.89,-0.52631579,17:13:45
1.89,0.0,17:14:18
1.89,0.0,17:14:50
1.89,0.0,17:15:23
1.89,0.0,17:15:57
1.89,0.0,17:16:30
1.89,0.0,17:17:04
1.89,0.0,17:17:37
1.88,-0.52910053,17:18:09
1.88,0.0,17:18:42
1.88,0.0,17:19:16
1.88,0.0,17:19:49
1.88,0.0,17:20:22
1.88,0.0,17:20:55
1.88,0.0,17:21:27
1.88,0.0,17:22:00
1.88,0.0,17:22:33
1.9,1.06382979,17:23:07
1.9,0.0,17:23:40
1.9,0.0,17:24:13
1.9,0.0,17:24:46
1.9,0.0,17:25:19
1.9,0.0,17:25:52
1.9,0.0,17:26:25
1.9,0.0,17:26:59
1.9,0.0,17:27:32
1.9,0.0,17:28:05
1.9,0.0,17:28:39
1.9,0.0,17:29:12
1.9,0.0,17:29:46
1.9,0.0,17:30:19
1.9,0.0,17:30:52
1.9,0.0,17:31:25
1.9,0.0,17:31:58
1.9,0.0,17:32:31
1.9,0.0,17:33:04
1.9,0.0,17:33:38
1.9,0.0,17:34:11
1.9,0.0,17:34:45
1.9,0.0,17:35:17
1.9,0.0,17:35:50
1.9,0.0,17:36:23
1.9,0.0,17:36:56
1.9,0.0,17:37:29
1.9,0.0,17:38:02
1.9,0.0,17:38:35
1.9,0.0,17:39:07
1.9,0.0,17:39:40
1.9,0.0,17:40:13
1.9,0.0,17:40:45
1.9,0.0,17:41:19
1.9,0.0,17:41:52
1.9,0.0,17:42:25
1.9,0.0,17:42:58
1.9,0.0,17:43:31
1.9,0.0,17:44:04
1.9,0.0,17:44:37
1.9,0.0,17:45:10
1.88,-1.05263158,17:45:43
1.88,0.0,17:46:15
1.88,0.0,17:46:49
1.88,0.0,17:47:22
1.88,0.0,17:47:54
1.88,0.0,17:48:27
1.88,0.0,17:49:00
1.88,0.0,17:49:33
1.88,0.0,17:50:06
1.88,0.0,17:50:39
1.88,0.0,17:51:11
1.87,-0.53191489,17:51:44
1.87,0.0,17:52:17
1.87,0.0,17:52:50
1.87,0.0,17:53:23
1.9,1.60427807,17:53:56
1.9,0.0,17:54:29
1.9,0.0,17:55:02
1.9,0.0,17:55:35
1.9,0.0,17:56:08
1.9,0.0,17:56:41
1.9,0.0,17:57:13
1.9,0.0,17:57:47
1.9,0.0,17:58:20
1.9,0.0,17:58:52
1.9,0.0,17:59:25
1.9,0.0,17:59:58
1.9,0.0,18:00:31
1.9,0.0,18:01:04
1.9,0.0,18:01:38
1.9,0.0,18:02:11
1.9,0.0,18:02:43
1.9,0.0,18:03:16
1.9,0.0,18:03:49
1.9,0.0,18:04:22
1.9,0.0,18:04:55
1.9,0.0,18:05:28
1.9,0.0,18:06:01
1.9,0.0,18:06:34
1.9,0.0,18:07:07
1.9,0.0,18:07:40
1.9,0.0,18:08:14
1.9,0.0,18:08:47
1.9,0.0,18:09:20
1.9,0.0,18:09:53
1.9,0.0,18:10:26
1.9,0.0,18:10:59
1.9,0.0,18:11:32
1.88,-1.05263158,18:12:05
1.88,0.0,18:12:39
1.88,0.0,18:13:12
1.88,0.0,18:13:45
1.88,0.0,18:14:18
1.88,0.0,18:14:50
1.88,0.0,18:15:23
1.88,0.0,18:15:56
1.88,0.0,18:16:29
1.88,0.0,18:17:02
1.88,0.0,18:17:35
1.88,0.0,18:18:08
1.88,0.0,18:18:41
1.88,0.0,18:19:14
1.88,0.0,18:19:48
1.88,0.0,18:20:20
1.88,0.0,18:20:53
1.88,0.0,18:21:29
1.88,0.0,18:22:02
1.88,0.0,18:22:36
1.88,0.0,18:23:09
1.88,0.0,18:23:41
1.88,0.0,18:24:15
1.88,0.0,18:24:48
1.87,-0.53191489,18:25:20
1.87,0.0,18:25:53
1.87,0.0,18:26:27
1.87,0.0,18:27:00
1.87,0.0,18:27:33
1.87,0.0,18:28:05
1.87,0.0,18:28:39
1.87,0.0,18:29:12
1.87,0.0,18:29:45
1.87,0.0,18:30:17
1.87,0.0,18:30:50
1.87,0.0,18:31:23
1.87,0.0,18:31:56
1.87,0.0,18:32:29
1.9,1.60427807,18:33:01
1.9,0.0,18:33:34
1.9,0.0,18:34:08
1.9,0.0,18:34:40
1.9,0.0,18:35:13
1.9,0.0,18:35:46
1.9,0.0,18:36:19
1.87,-1.57894737,18:36:52
1.87,0.0,18:37:25
1.87,0.0,18:37:58
1.87,0.0,18:38:31
1.87,0.0,18:39:03
1.87,0.0,18:39:36
1.87,0.0,18:40:09
1.87,0.0,18:40:42
1.87,0.0,18:41:16
1.87,0.0,18:41:48
1.87,0.0,18:42:21
1.87,0.0,18:42:54
1.87,0.0,18:43:27
1.87,0.0,18:44:00
1.87,0.0,18:44:33
1.87,0.0,18:45:07
1.87,0.0,18:45:40
1.87,0.0,18:46:13
1.89,1.06951872,18:46:46
1.87,-1.05820106,18:47:19
1.87,0.0,18:47:52
1.87,0.0,18:48:25
1.87,0.0,18:48:59
1.87,0.0,18:49:31
1.87,0.0,18:50:05
1.87,0.0,18:50:38
1.87,0.0,18:51:10
1.87,0.0,18:51:43
1.87,0.0,18:52:17
1.87,0.0,18:52:50
1.87,0.0,18:53:23
1.87,0.0,18:53:56
1.87,0.0,18:54:29
1.87,0.0,18:55:02
1.87,0.0,18:55:35
1.87,0.0,18:56:09
1.87,0.0,18:56:42
1.87,0.0,18:57:15
1.87,0.0,18:57:48
1.89,1.06951872,18:58:20
1.89,0.0,18:58:53
1.89,0.0,18:59:26
1.89,0.0,18:59:58
1.89,0.0,19:00:31
1.89,0.0,19:01:04
1.89,0.0,19:01:38
1.89,0.0,19:02:11
1.89,0.0,19:02:44
1.89,0.0,19:03:17
1.89,0.0,19:03:49
1.89,0.0,19:04:22
1.89,0.0,19:04:55
1.89,0.0,19:05:29
1.89,0.0,19:06:01
1.89,0.0,19:06:35
1.89,0.0,19:07:08
1.89,0.0,19:07:41
1.89,0.0,19:08:14
1.87,-1.05820106,19:08:47
1.87,0.0,19:09:20
1.87,0.0,19:09:53
1.87,0.0,19:10:26
1.87,0.0,19:10:58
1.87,0.0,19:11:31
1.87,0.0,19:12:04
1.87,0.0,19:12:37
1.87,0.0,19:13:10
1.87,0.0,19:13:43
1.87,0.0,19:14:16
1.87,0.0,19:14:49
1.87,0.0,19:15:22
1.87,0.0,19:15:55
1.87,0.0,19:16:28
1.87,0.0,19:17:01
1.87,0.0,19:17:34
1.87,0.0,19:18:07
1.87,0.0,19:18:40
1.87,0.0,19:19:12
1.87,0.0,19:19:45
1.87,0.0,19:20:18
1.87,0.0,19:20:51
1.87,0.0,19:21:24
1.87,0.0,19:21:57
1.87,0.0,19:22:30
1.87,0.0,19:23:03
1.87,0.0,19:23:38
1.87,0.0,19:24:11
1.86,-0.53475936,19:24:43
1.86,0.0,19:25:16
1.86,0.0,19:25:49
1.86,0.0,19:26:22
1.86,0.0,19:26:55
1.86,0.0,19:27:28
1.86,0.0,19:28:01
1.86,0.0,19:28:34
1.86,0.0,19:29:07
1.86,0.0,19:29:40
1.86,0.0,19:30:13
1.86,0.0,19:30:46
1.86,0.0,19:31:19
1.86,0.0,19:31:52
1.86,0.0,19:32:25
1.86,0.0,19:33:00
1.86,0.0,19:33:33
1.86,0.0,19:34:06
1.86,0.0,19:34:39
1.86,0.0,19:35:11
1.86,0.0,19:35:44
1.86,0.0,19:36:17
1.86,0.0,19:36:50
1.86,0.0,19:37:23
1.86,0.0,19:37:55
1.86,0.0,19:38:28
1.86,0.0,19:39:01
1.86,0.0,19:39:34
1.86,0.0,19:40:07
1.86,0.0,19:40:41
1.86,0.0,19:41:13
1.86,0.0,19:41:46
1.86,0.0,19:42:19
1.86,0.0,19:42:52
1.86,0.0,19:43:24
1.86,0.0,19:43:58
1.86,0.0,19:44:31
1.86,0.0,19:45:04
1.86,0.0,19:45:37
1.86,0.0,19:46:10
1.86,0.0,19:46:43
1.86,0.0,19:47:16
1.86,0.0,19:47:49
1.86,0.0,19:48:21
1.86,0.0,19:48:54
1.86,0.0,19:49:27
1.86,0.0,19:50:00
1.86,0.0,19:50:33
1.86,0.0,19:51:05
1.86,0.0,19:51:39
1.89,1.61290323,19:52:12
1.89,0.0,19:52:45
1.89,0.0,19:53:18
1.89,0.0,19:53:51
1.89,0.0,19:54:23
1.89,0.0,19:54:56
1.89,0.0,19:55:29
1.89,0.0,19:56:02
1.89,0.0,19:56:35
1.89,0.0,19:57:09
1.89,0.0,19:57:41
1.89,0.0,19:58:14
1.89,0.0,19:58:47
1.89,0.0,19:59:20
1.89,0.0,19:59:54
1.89,0.0,20:00:27
1.89,0.0,20:00:59
1.89,0.0,20:01:32
1.89,0.0,20:02:05
1.89,0.0,20:02:39
1.88,-0.52910053,20:03:12
1.88,0.0,20:03:45
1.88,0.0,20:04:18
1.88,0.0,20:04:50
1.88,0.0,20:05:23
1.88,0.0,20:05:56
1.88,0.0,20:06:29
1.88,0.0,20:07:02
1.88,0.0,20:07:35
1.88,0.0,20:08:08
1.88,0.0,20:08:41
1.88,0.0,20:09:14
1.88,0.0,20:09:47
1.88,0.0,20:10:21
1.88,0.0,20:10:54
1.88,0.0,20:11:27
1.88,0.0,20:12:00
1.88,0.0,20:12:33
1.88,0.0,20:13:06
1.88,0.0,20:13:39
1.88,0.0,20:14:12
1.88,0.0,20:14:46
1.88,0.0,20:15:19
1.88,0.0,20:15:51
1.88,0.0,20:16:24
1.88,0.0,20:16:57
1.88,0.0,20:17:30
1.88,0.0,20:18:03
1.88,0.0,20:18:37
1.88,0.0,20:19:10
1.88,0.0,20:19:43
1.88,0.0,20:20:15
1.88,0.0,20:20:49
1.88,0.0,20:21:23
1.88,0.0,20:21:56
1.89,0.53191489,20:22:29
1.88,-0.52910053,20:23:02
1.88,0.0,20:23:34
1.88,0.0,20:24:08
1.88,0.0,20:24:41
1.88,0.0,20:25:15
1.88,0.0,20:25:48
1.88,0.0,20:26:21
1.88,0.0,20:26:54
1.88,0.0,20:27:27
1.88,0.0,20:28:01
1.9,1.06382979,20:28:34
1.9,0.0,20:29:08
1.9,0.0,20:29:41
1.9,0.0,20:30:13
1.9,0.0,20:30:47
1.9,0.0,20:31:20
1.9,0.0,20:31:53
1.9,0.0,20:32:26
1.9,0.0,20:32:59
1.9,0.0,20:33:37
1.9,0.0,20:34:11
1.9,0.0,20:34:45
1.9,0.0,20:35:17
1.9,0.0,20:35:50
1.9,0.0,20:36:23
1.9,0.0,20:36:57
1.9,0.0,20:37:30
1.9,0.0,20:38:04
1.9,0.0,20:38:37
1.9,0.0,20:39:10
1.9,0.0,20:39:43
1.9,0.0,20:40:16
1.87,-1.57894737,20:40:49
1.87,0.0,20:41:22
1.87,0.0,20:41:56
1.87,0.0,20:42:29
1.87,0.0,20:43:02
1.87,0.0,20:43:36
1.87,0.0,20:44:09
1.87,0.0,20:44:42
1.87,0.0,20:45:16
1.87,0.0,20:45:49
1.87,0.0,20:46:22
1.87,0.0,20:46:55
1.89,1.06951872,20:47:28
1.89,0.0,20:48:02
1.89,0.0,20:48:36
1.89,0.0,20:49:09
1.89,0.0,20:49:42
1.89,0.0,20:50:15
1.89,0.0,20:50:48
1.89,0.0,20:51:22
1.89,0.0,20:51:55
1.89,0.0,20:52:28
1.89,0.0,20:53:01
1.89,0.0,20:53:35
1.89,0.0,20:54:08
1.89,0.0,20:54:41
1.89,0.0,20:55:14
1.89,0.0,20:55:48
1.89,0.0,20:56:21
1.89,0.0,20:56:54
1.89,0.0,20:57:28
1.89,0.0,20:58:02
1.89,0.0,20:58:35
1.89,0.0,20:59:09
1.89,0.0,20:59:42
1.89,0.0,21:00:15
1.89,0.0,21:00:48
1.89,0.0,21:01:21
1.89,0.0,21:01:55
1.89,0.0,21:02:28
1.89,0.0,21:03:01
1.89,0.0,21:03:35
1.89,0.0,21:04:08
1.89,0.0,21:04:42
1.89,0.0,21:05:16
1.89,0.0,21:05:49
1.89,0.0,21:06:22
1.89,0.0,21:06:56
1.89,0.0,21:07:30
1.89,0.0,21:08:03
1.89,0.0,21:08:37
1.89,0.0,21:09:10
1.89,0.0,21:09:44
1.89,0.0,21:10:17
1.89,0.0,21:10:51
1.89,0.0,21:11:24
1.89,0.0,21:11:57
1.89,0.0,21:12:30
1.89,0.0,21:13:03
1.89,0.0,21:13:37
1.89,0.0,21:14:10
1.89,0.0,21:14:44
1.89,0.0,21:15:17
1.89,0.0,21:15:50
1.89,0.0,21:16:23
1.89,0.0,21:16:57
1.89,0.0,21:17:31
1.89,0.0,21:18:04
1.89,0.0,21:18:38
1.89,0.0,21:19:11
1.89,0.0,21:19:44
1.89,0.0,21:20:17
1.89,0.0,21:20:51
1.89,0.0,21:21:24
1.89,0.0,21:21:58
1.87,-1.05820106,21:22:31
1.87,0.0,21:23:04
1.87,0.0,21:23:38
1.87,0.0,21:24:11
1.87,0.0,21:24:44
1.87,0.0,21:25:18
1.87,0.0,21:25:51
1.87,0.0,21:26:24
1.87,0.0,21:26:57
1.87,0.0,21:27:31
1.87,0.0,21:28:04
1.87,0.0,21:28:38
1.87,0.0,21:29:12
1.87,0.0,21:29:45
1.87,0.0,21:30:18
1.87,0.0,21:30:51
1.87,0.0,21:31:25
1.87,0.0,21:31:59
1.87,0.0,21:32:32
1.87,0.0,21:33:05
1.86,-0.53475936,21:33:38
1.86,0.0,21:34:12
1.86,0.0,21:34:45
1.86,0.0,21:35:19
1.86,0.0,21:35:52
1.86,0.0,21:36:25
1.86,0.0,21:36:58
1.86,0.0,21:37:32
1.86,0.0,21:38:05
1.86,0.0,21:38:39
1.86,0.0,21:39:12
1.86,0.0,21:39:45
1.86,0.0,21:40:19
1.86,0.0,21:40:52
1.86,0.0,21:41:26
1.86,0.0,21:41:59
1.86,0.0,21:42:32
1.86,0.0,21:43:05
1.86,0.0,21:43:39
1.86,0.0,21:44:12
1.89,1.61290323,21:44:45
1.89,0.0,21:45:19
1.89,0.0,21:45:52
1.89,0.0,21:46:25
1.89,0.0,21:46:58
1.89,0.0,21:47:32
1.88,-0.52910053,21:48:06
1.88,0.0,21:48:39
1.88,0.0,21:49:13
1.88,0.0,21:49:45
1.88,0.0,21:50:18
1.88,0.0,21:50:52
1.88,0.0,21:51:26
1.88,0.0,21:51:59
1.88,0.0,21:52:32
1.88,0.0,21:53:05
1.88,0.0,21:53:39
1.88,0.0,21:54:12
1.88,0.0,21:54:45
1.88,0.0,21:55:19
1.88,0.0,21:55:52
1.88,0.0,21:56:25
1.88,0.0,21:56:58
1.88,0.0,21:57:32
1.88,0.0,21:58:05
1.88,0.0,21:58:39
1.89,0.53191489,21:59:12
1.89,0.0,21:59:45
1.89,0.0,22:00:18
1.89,0.0,22:00:51
1.89,0.0,22:01:25
1.89,0.0,22:01:58
1.89,0.0,22:02:31
1.89,0.0,22:03:04
1.89,0.0,22:03:37
1.89,0.0,22:04:10
1.89,0.0,22:04:44
1.89,0.0,22:05:17
1.89,0.0,22:05:50
1.89,0.0,22:06:22
1.89,0.0,22:06:55
1.89,0.0,22:07:29
1.89,0.0,22:08:02
1.89,0.0,22:08:35
1.89,0.0,22:09:08
1.89,0.0,22:09:41
1.89,0.0,22:10:14
1.89,0.0,22:10:47
1.89,0.0,22:11:20
1.89,0.0,22:11:53
1.86,-1.58730159,22:12:26
1.86,0.0,22:12:59
1.86,0.0,22:13:32
1.86,0.0,22:14:05
1.86,0.0,22:14:38
1.86,0.0,22:15:11
1.86,0.0,22:15:45
1.86,0.0,22:16:18
1.86,0.0,22:16:52
1.86,0.0,22:17:25
1.86,0.0,22:17:58
1.86,0.0,22:18:32
1.86,0.0,22:19:05
1.86,0.0,22:19:39
1.86,0.0,22:20:12
1.86,0.0,22:20:45
1.86,0.0,22:21:18
1.86,0.0,22:21:55
1.86,0.0,22:22:28
1.86,0.0,22:23:02
1.86,0.0,22:23:34
1.86,0.0,22:24:08
1.86,0.0,22:24:41
1.89,1.61290323,22:25:15
1.89,0.0,22:25:48
1.89,0.0,22:26:21
1.89,0.0,22:26:54
1.89,0.0,22:27:27
1.89,0.0,22:28:00
1.89,0.0,22:28:33
1.89,0.0,22:29:07
1.89,0.0,22:29:39
1.89,0.0,22:30:12
1.89,0.0,22:30:46
1.89,0.0,22:31:19
1.89,0.0,22:31:53
1.89,0.0,22:32:26
1.89,0.0,22:32:59
1.89,0.0,22:33:32
1.89,0.0,22:34:04
1.89,0.0,22:34:38
1.89,0.0,22:35:11
1.89,0.0,22:35:45
1.89,0.0,22:36:18
1.89,0.0,22:36:51
1.89,0.0,22:37:24
1.89,0.0,22:37:57
1.89,0.0,22:38:30
1.89,0.0,22:39:03
1.89,0.0,22:39:36
1.89,0.0,22:40:09
1.89,0.0,22:40:42
1.89,0.0,22:41:15
1.89,0.0,22:41:49
1.89,0.0,22:42:22
1.89,0.0,22:42:55
1.89,0.0,22:43:28
1.89,0.0,22:44:01
1.89,0.0,22:44:34
1.89,0.0,22:45:07
1.89,0.0,22:45:41
1.89,0.0,22:46:13
1.89,0.0,22:46:50
1.89,0.0,22:47:23
1.89,0.0,22:47:56
1.89,0.0,22:48:29
1.89,0.0,22:49:02
1.89,0.0,22:49:36
1.89,0.0,22:50:09
1.89,0.0,22:50:41
1.89,0.0,22:51:14
1.89,0.0,22:51:47
1.89,0.0,22:52:20
1.89,0.0,22:52:53
1.89,0.0,22:53:27
1.89,0.0,22:53:59
1.89,0.0,22:54:32
1.89,0.0,22:55:06
1.89,0.0,22:55:39
1.89,0.0,22:56:13
1.89,0.0,22:56:46
1.89,0.0,22:57:19
1.89,0.0,22:57:52
1.89,0.0,22:58:25
1.89,0.0,22:58:58
1.89,0.0,22:59:31
1.89,0.0,23:00:04
1.89,0.0,23:00:38
1.89,0.0,23:01:11
1.89,0.0,23:01:43
1.89,0.0,23:02:17
1.89,0.0,23:02:50
1.89,0.0,23:03:23
1.89,0.0,23:03:57
1.89,0.0,23:04:30
1.89,0.0,23:05:02
1.89,0.0,23:05:35
1.89,0.0,23:06:08
1.89,0.0,23:06:41
1.89,0.0,23:07:15
1.89,0.0,23:07:48
1.89,0.0,23:08:21
1.89,0.0,23:08:53
1.89,0.0,23:09:26
1.89,0.0,23:10:00
1.89,0.0,23:10:34
1.89,0.0,23:11:07
1.89,0.0,23:11:40
1.89,0.0,23:12:13
1.89,0.0,23:12:46
1.89,0.0,23:13:20
1.89,0.0,23:13:52
1.89,0.0,23:14:26
1.89,0.0,23:14:59
1.89,0.0,23:15:32
1.89,0.0,23:16:05
1.89,0.0,23:16:38
1.89,0.0,23:17:11
1.89,0.0,23:17:44
1.89,0.0,23:18:17
1.89,0.0,23:18:50
1.89,0.0,23:19:22
1.89,0.0,23:19:55
1.89,0.0,23:20:28
1.89,0.0,23:21:01
1.89,0.0,23:21:34
1.89,0.0,23:22:07
1.87,-1.05820106,23:22:40
1.87,0.0,23:23:13
1.87,0.0,23:23:46
1.87,0.0,23:24:19
1.87,0.0,23:24:52
1.87,0.0,23:25:25
1.87,0.0,23:25:58
1.87,0.0,23:26:31
1.87,0.0,23:27:04
1.87,0.0,23:27:37
1.87,0.0,23:28:10
1.87,0.0,23:28:43
1.87,0.0,23:29:16
1.87,0.0,23:29:49
1.87,0.0,23:30:22
1.87,0.0,23:30:55
1.87,0.0,23:31:28
1.87,0.0,23:32:01
1.87,0.0,23:32:34
1.89,1.06951872,23:33:07
1.89,0.0,23:33:40
1.89,0.0,23:34:13
1.89,0.0,23:34:47
1.87,-1.05820106,23:35:20
1.87,0.0,23:35:53
1.87,0.0,23:36:26
1.87,0.0,23:37:00
1.87,0.0,23:37:33
1.87,0.0,23:38:05
1.87,0.0,23:38:39
1.87,0.0,23:39:12
1.87,0.0,23:39:45
1.87,0.0,23:40:18
1.87,0.0,23:40:51
1.87,0.0,23:41:24
1.87,0.0,23:41:56
1.87,0.0,23:42:30
1.87,0.0,23:43:02
1.87,0.0,23:43:36
1.87,0.0,23:44:09
1.87,0.0,23:44:42
1.89,1.06951872,23:45:15
1.86,-1.58730159,23:45:48
1.86,0.0,23:46:20
1.86,0.0,23:46:53
1.86,0.0,23:47:26
1.86,0.0,23:47:59
1.86,0.0,23:48:32
1.86,0.0,23:49:05
1.86,0.0,23:49:38
1.86,0.0,23:50:11
1.86,0.0,23:50:45
1.86,0.0,23:51:18
1.86,0.0,23:51:51
1.86,0.0,23:52:24
1.86,0.0,23:52:57
1.86,0.0,23:53:30
1.86,0.0,23:54:03
1.86,0.0,23:54:36
1.86,0.0,23:55:09
1.86,0.0,23:55:42
1.86,0.0,23:56:15
1.89,1.61290323,23:56:47
1.89,0.0,23:57:20
1.89,0.0,23:57:53
1.89,0.0,23:58:26
1.89,0.0,23:58:59
1.89,0.0,23:59:32
1.89,0.0,00:00:05
1.89,0.0,00:00:38
1.89,0.0,00:01:11
1.89,0.0,00:01:44
1.89,0.0,00:02:17
1.89,0.0,00:02:50
1.89,0.0,00:03:23
1.89,0.0,00:03:56
1.89,0.0,00:04:29
1.89,0.0,00:05:02
1.89,0.0,00:05:35
1.89,0.0,00:06:08
1.89,0.0,00:06:41
1.89,0.0,00:07:14
1.89,0.0,00:07:46
1.89,0.0,00:08:20
1.89,0.0,00:08:52
1.89,0.0,00:09:26
1.89,0.0,00:09:59
1.89,0.0,00:10:33
1.89,0.0,00:11:05
1.89,0.0,00:11:39
1.89,0.0,00:12:11
1.89,0.0,00:12:44
1.89,0.0,00:13:18
1.89,0.0,00:13:52
1.89,0.0,00:14:25
1.89,0.0,00:14:57
1.89,0.0,00:15:31
1.89,0.0,00:16:04
1.89,0.0,00:16:37
1.89,0.0,00:17:11
1.89,0.0,00:17:43
1.89,0.0,00:18:16
1.89,0.0,00:18:49
1.89,0.0,00:19:22
1.89,0.0,00:19:55
1.89,0.0,00:20:28
1.89,0.0,00:21:02
1.89,0.0,00:21:34
1.89,0.0,00:22:07
1.89,0.0,00:22:41
1.89,0.0,00:23:14
1.89,0.0,00:23:47
1.89,0.0,00:24:21
1.89,0.0,00:24:53
1.89,0.0,00:25:26
1.89,0.0,00:26:00
1.89,0.0,00:26:33
1.89,0.0,00:27:05
1.89,0.0,00:27:39
1.89,0.0,00:28:12
1.89,0.0,00:28:45
1.89,0.0,00:29:18
1.89,0.0,00:29:51
1.89,0.0,00:30:24
1.89,0.0,00:30:58
1.89,0.0,00:31:31
1.89,0.0,00:32:04
1.89,0.0,00:32:37
1.89,0.0,00:33:10
1.89,0.0,00:33:43
1.89,0.0,00:34:16
1.89,0.0,00:34:49
1.89,0.0,00:35:22
1.89,0.0,00:35:55
1.89,0.0,00:36:28
1.89,0.0,00:37:01
1.89,0.0,00:37:33
1.89,0.0,00:38:07
1.89,0.0,00:38:41
1.89,0.0,00:39:13
1.89,0.0,00:39:46
1.89,0.0,00:40:19
1.89,0.0,00:40:52
1.89,0.0,00:41:25
1.89,0.0,00:41:58
1.89,0.0,00:42:32
1.89,0.0,00:43:04
1.89,0.0,00:43:38
1.89,0.0,00:44:11
1.89,0.0,00:44:44
1.89,0.0,00:45:17
1.89,0.0,00:45:50
1.89,0.0,00:46:23
1.89,0.0,00:46:55
1.89,0.0,00:47:29
1.89,0.0,00:48:02
1.89,0.0,00:48:35
1.89,0.0,00:49:07
1.89,0.0,00:49:41
1.89,0.0,00:50:13
1.89,0.0,00:50:46
1.89,0.0,00:51:20
1.89,0.0,00:51:52
1.89,0.0,00:52:25
1.87,-1.05820106,00:52:58
1.87,0.0,00:53:31
1.87,0.0,00:54:04
1.87,0.0,00:54:37
1.87,0.0,00:55:10
1.87,0.0,00:55:44
1.87,0.0,00:56:17
1.87,0.0,00:56:50
1.87,0.0,00:57:22
1.87,0.0,00:57:55
1.87,0.0,00:58:28
1.87,0.0,00:59:05
1.89,1.06951872,00:59:38
1.89,0.0,01:00:11
1.89,0.0,01:00:43
1.89,0.0,01:01:16
1.89,0.0,01:01:49
1.89,0.0,01:02:22
1.89,0.0,01:02:54
1.89,0.0,01:03:27
1.89,0.0,01:04:01
1.89,0.0,01:04:33
1.89,0.0,01:05:06
1.89,0.0,01:05:40
1.89,0.0,01:06:12
1.89,0.0,01:06:45
1.89,0.0,01:07:18
1.89,0.0,01:07:51
1.89,0.0,01:08:24
1.89,0.0,01:08:56
1.89,0.0,01:09:29
1.89,0.0,01:10:02
1.89,0.0,01:10:35
1.89,0.0,01:11:08
1.89,0.0,01:11:41
1.89,0.0,01:12:14
1.89,0.0,01:12:47
1.89,0.0,01:13:20
1.89,0.0,01:13:53
1.89,0.0,01:14:26
1.89,0.0,01:14:59
1.89,0.0,01:15:32
1.89,0.0,01:16:05
1.89,0.0,01:16:38
1.89,0.0,01:17:11
1.89,0.0,01:17:44
1.89,0.0,01:18:18
1.89,0.0,01:18:51
1.89,0.0,01:19:24
1.89,0.0,01:19:56
1.89,0.0,01:20:30
1.89,0.0,01:21:02
1.89,0.0,01:21:36
1.89,0.0,01:22:09
1.89,0.0,01:22:42
1.89,0.0,01:23:15
1.89,0.0,01:23:48
1.89,0.0,01:24:22
1.89,0.0,01:24:55
1.89,0.0,01:25:29
1.89,0.0,01:26:01
1.89,0.0,01:26:34
1.89,0.0,01:27:07
1.89,0.0,01:27:40
1.89,0.0,01:28:13
1.89,0.0,01:28:46
1.89,0.0,01:29:19
1.89,0.0,01:29:52
1.89,0.0,01:30:24
1.89,0.0,01:30:57
1.89,0.0,01:31:30
1.89,0.0,01:32:02
1.89,0.0,01:32:35
1.89,0.0,01:33:08
1.89,0.0,01:33:41
1.89,0.0,01:34:14
1.89,0.0,01:34:47
1.89,0.0,01:35:19
1.89,0.0,01:35:52
1.89,0.0,01:36:25
1.89,0.0,01:36:57
1.89,0.0,01:37:30
1.89,0.0,01:38:04
1.89,0.0,01:38:37
1.89,0.0,01:39:10
1.89,0.0,01:39:42
1.89,0.0,01:40:15
1.89,0.0,01:40:48
1.89,0.0,01:41:21
1.89,0.0,01:41:55
1.89,0.0,01:42:27
1.89,0.0,01:43:00
1.89,0.0,01:43:33
1.89,0.0,01:44:06
1.89,0.0,01:44:40
1.89,0.0,01:45:13
1.89,0.0,01:45:46
1.89,0.0,01:46:19
1.89,0.0,01:46:51
1.89,0.0,01:47:25
1.89,0.0,01:47:58
1.89,0.0,01:48:31
1.89,0.0,01:49:04
1.89,0.0,01:49:37
1.89,0.0,01:50:09
1.89,0.0,01:50:42
1.89,0.0,01:51:15
1.89,0.0,01:51:48
1.89,0.0,01:52:21
1.89,0.0,01:52:55
1.89,0.0,01:53:28
1.89,0.0,01:54:00
1.89,0.0,01:54:34
1.89,0.0,01:55:06
1.89,0.0,01:55:40
1.89,0.0,01:56:13
1.89,0.0,01:56:46
1.89,0.0,01:57:18
1.89,0.0,01:57:51
1.89,0.0,01:58:25
1.89,0.0,01:58:58
1.89,0.0,01:59:31
1.89,0.0,02:00:04
1.89,0.0,02:00:37
1.89,0.0,02:01:10
1.89,0.0,02:01:42
1.89,0.0,02:02:15
1.89,0.0,02:02:49
1.89,0.0,02:03:22
1.89,0.0,02:03:54
1.89,0.0,02:04:27
1.89,0.0,02:05:00
1.89,0.0,02:05:33
1.89,0.0,02:06:06
1.89,0.0,02:06:40
1.89,0.0,02:07:13
1.89,0.0,02:07:45
1.89,0.0,02:08:18
1.89,0.0,02:08:51
1.89,0.0,02:09:24
1.89,0.0,02:09:57
1.89,0.0,02:10:30
1.89,0.0,02:11:03
1.89,0.0,02:11:36
1.89,0.0,02:12:08
1.89,0.0,02:12:41
1.89,0.0,02:13:14
1.89,0.0,02:13:47
1.89,0.0,02:14:20
1.89,0.0,02:14:53
1.89,0.0,02:15:26
1.89,0.0,02:15:59
1.89,0.0,02:16:31
1.89,0.0,02:17:04
1.89,0.0,02:17:37
1.89,0.0,02:18:10
1.89,0.0,02:18:43
1.89,0.0,02:19:16
1.89,0.0,02:19:49
1.89,0.0,02:20:22
1.89,0.0,02:20:55
1.9,0.52910053,02:21:28
1.9,0.0,02:22:01
1.9,0.0,02:22:35
1.9,0.0,02:23:07
1.9,0.0,02:23:40
1.9,0.0,02:24:13
1.9,0.0,02:24:45
1.9,0.0,02:25:18
1.9,0.0,02:25:51
1.9,0.0,02:26:24
1.9,0.0,02:26:57
1.9,0.0,02:27:30
1.9,0.0,02:28:02
1.9,0.0,02:28:35
1.9,0.0,02:29:08
1.9,0.0,02:29:41
1.9,0.0,02:30:14
1.9,0.0,02:30:47
1.9,0.0,02:31:20
1.9,0.0,02:31:52
1.9,0.0,02:32:25
1.9,0.0,02:32:58
1.89,-0.52631579,02:33:31
1.89,0.0,02:34:04
1.89,0.0,02:34:37
1.89,0.0,02:35:10
1.89,0.0,02:35:42
1.89,0.0,02:36:15
1.9,0.52910053,02:36:48
1.9,0.0,02:37:21
1.9,0.0,02:37:54
1.9,0.0,02:38:27
1.9,0.0,02:38:59
1.9,0.0,02:39:32
1.9,0.0,02:40:05
1.9,0.0,02:40:38
1.9,0.0,02:41:11
1.9,0.0,02:41:44
1.9,0.0,02:42:16
1.9,0.0,02:42:49
1.9,0.0,02:43:22
1.9,0.0,02:43:54
1.9,0.0,02:44:28
1.9,0.0,02:45:00
1.9,0.0,02:45:33
1.9,0.0,02:46:06
1.9,0.0,02:46:39
1.9,0.0,02:47:12
1.9,0.0,02:47:45
1.9,0.0,02:48:18
1.9,0.0,02:48:51
1.9,0.0,02:49:24
1.9,0.0,02:49:57
1.9,0.0,02:50:30
1.9,0.0,02:51:03
1.9,0.0,02:51:36
1.9,0.0,02:52:09
1.9,0.0,02:52:41
1.9,0.0,02:53:14
1.9,0.0,02:53:48
1.9,0.0,02:54:20
1.9,0.0,02:54:53
1.9,0.0,02:55:26
1.9,0.0,02:55:59
1.9,0.0,02:56:32
1.9,0.0,02:57:04
1.9,0.0,02:57:38
1.9,0.0,02:58:10
1.9,0.0,02:58:43
1.9,0.0,02:59:16
1.9,0.0,02:59:49
1.9,0.0,03:00:22
1.9,0.0,03:00:55
1.9,0.0,03:01:28
1.9,0.0,03:02:01
1.9,0.0,03:02:34
1.9,0.0,03:03:06
1.9,0.0,03:03:39
1.9,0.0,03:04:12
1.9,0.0,03:04:45
1.9,0.0,03:05:17
1.9,0.0,03:05:50
1.9,0.0,03:06:23
1.9,0.0,03:06:56
1.9,0.0,03:07:28
1.9,0.0,03:08:02
1.9,0.0,03:08:34
1.9,0.0,03:09:07
1.9,0.0,03:09:40
1.9,0.0,03:10:13
1.9,0.0,03:10:49
1.9,0.0,03:11:22
1.9,0.0,03:11:55
1.9,0.0,03:12:28
1.9,0.0,03:13:01
1.9,0.0,03:13:34
1.9,0.0,03:14:06
1.9,0.0,03:14:40
1.9,0.0,03:15:13
1.9,0.0,03:15:46
1.9,0.0,03:16:19
1.9,0.0,03:16:52
1.9,0.0,03:17:25
1.9,0.0,03:17:58
1.9,0.0,03:18:31
1.9,0.0,03:19:04
1.9,0.0,03:19:37
1.9,0.0,03:20:10
1.9,0.0,03:20:42
1.9,0.0,03:21:15
1.9,0.0,03:21:48
1.9,0.0,03:22:21
1.9,0.0,03:22:54
1.9,0.0,03:23:27
1.9,0.0,03:24:00
1.9,0.0,03:24:33
1.9,0.0,03:25:06
1.9,0.0,03:25:39
1.9,0.0,03:26:12
1.9,0.0,03:26:45
1.9,0.0,03:27:18
1.9,0.0,03:27:51
1.9,0.0,03:28:23
1.9,0.0,03:28:56
1.9,0.0,03:29:29
1.9,0.0,03:30:03
1.9,0.0,03:30:36
1.9,0.0,03:31:09
1.9,0.0,03:31:42
1.9,0.0,03:32:15
1.9,0.0,03:32:48
1.9,0.0,03:33:20
1.9,0.0,03:33:54
1.9,0.0,03:34:27
1.9,0.0,03:35:00
1.9,0.0,03:35:33
1.9,0.0,03:36:06
1.9,0.0,03:36:39
1.9,0.0,03:37:12
1.9,0.0,03:37:45
1.9,0.0,03:38:18
1.9,0.0,03:38:51
1.9,0.0,03:39:24
1.9,0.0,03:39:56
1.9,0.0,03:40:29
1.9,0.0,03:41:02
1.9,0.0,03:41:35
1.9,0.0,03:42:08
1.9,0.0,03:42:41
1.9,0.0,03:43:14
1.9,0.0,03:43:46
1.9,0.0,03:44:19
1.9,0.0,03:44:52
1.9,0.0,03:45:25
1.9,0.0,03:45:58
1.9,0.0,03:46:31
1.9,0.0,03:47:03
1.9,0.0,03:47:36
1.9,0.0,03:48:09
1.9,0.0,03:48:42
1.9,0.0,03:49:15
1.9,0.0,03:49:48
1.9,0.0,03:50:21
1.9,0.0,03:50:54
1.9,0.0,03:51:27
1.9,0.0,03:51:59
1.9,0.0,03:52:33
1.9,0.0,03:53:05
1.9,0.0,03:53:39
1.9,0.0,03:54:13
1.9,0.0,03:54:46
1.9,0.0,03:55:18
1.9,0.0,03:55:51
1.9,0.0,03:56:24
1.9,0.0,03:56:57
1.9,0.0,03:57:31
1.9,0.0,03:58:03
1.9,0.0,03:58:36
1.9,0.0,03:59:09
1.9,0.0,03:59:42
1.9,0.0,04:00:15
1.9,0.0,04:00:48
1.9,0.0,04:01:21
1.9,0.0,04:01:54
1.9,0.0,04:02:27
1.9,0.0,04:03:00
1.9,0.0,04:03:33
1.9,0.0,04:04:06
1.9,0.0,04:04:39
1.9,0.0,04:05:12
1.9,0.0,04:05:45
1.9,0.0,04:06:18
1.9,0.0,04:06:51
1.9,0.0,04:07:24
1.89,-0.52631579,04:07:56
1.89,0.0,04:08:30
1.89,0.0,04:09:03
1.89,0.0,04:09:36
1.89,0.0,04:10:09
1.89,0.0,04:10:42
1.89,0.0,04:11:14
1.89,0.0,04:11:47
1.89,0.0,04:12:20
1.89,0.0,04:12:54
1.89,0.0,04:13:27
1.89,0.0,04:13:59
1.89,0.0,04:14:33
1.89,0.0,04:15:05
1.89,0.0,04:15:39
1.89,0.0,04:16:12
1.89,0.0,04:16:46
1.89,0.0,04:17:19
1.89,0.0,04:17:52
1.89,0.0,04:18:25
1.89,0.0,04:18:57
1.89,0.0,04:19:30
1.89,0.0,04:20:03
1.89,0.0,04:20:36
1.89,0.0,04:21:09
1.89,0.0,04:21:42
1.89,0.0,04:22:15
1.89,0.0,04:22:48
1.89,0.0,04:23:21
1.89,0.0,04:23:54
1.89,0.0,04:24:27
1.89,0.0,04:25:00
1.89,0.0,04:25:33
1.89,0.0,04:26:06
1.89,0.0,04:26:39
1.89,0.0,04:27:12
1.89,0.0,04:27:46
1.89,0.0,04:28:19
1.89,0.0,04:28:52
1.89,0.0,04:29:24
1.89,0.0,04:29:57
1.89,0.0,04:30:30
1.89,0.0,04:31:03
1.89,0.0,04:31:36
1.89,0.0,04:32:09
1.89,0.0,04:32:42
1.89,0.0,04:33:15
1.89,0.0,04:33:48
1.89,0.0,04:34:21
1.89,0.0,04:34:54
1.89,0.0,04:35:27
1.89,0.0,04:36:00
1.89,0.0,04:36:32
1.89,0.0,04:37:05
1.89,0.0,04:37:38
1.89,0.0,04:38:11
1.89,0.0,04:38:45
1.89,0.0,04:39:17
1.89,0.0,04:39:50
1.89,0.0,04:40:23
1.89,0.0,04:40:56
1.89,0.0,04:41:28
1.89,0.0,04:42:02
1.89,0.0,04:42:35
1.89,0.0,04:43:08
1.89,0.0,04:43:41
1.89,0.0,04:44:14
1.89,0.0,04:44:47
1.89,0.0,04:45:20
1.89,0.0,04:45:53
1.89,0.0,04:46:26
1.89,0.0,04:46:59
1.89,0.0,04:47:32
1.89,0.0,04:48:04
1.89,0.0,04:48:37
1.89,0.0,04:49:10
1.89,0.0,04:49:44
1.89,0.0,04:50:16
1.89,0.0,04:50:49
1.89,0.0,04:51:22
1.89,0.0,04:51:56
1.89,0.0,04:52:28
1.89,0.0,04:53:01
1.89,0.0,04:53:35
1.89,0.0,04:54:08
1.89,0.0,04:54:41
1.89,0.0,04:55:14
1.89,0.0,04:55:47
1.89,0.0,04:56:19
1.89,0.0,04:56:53
1.89,0.0,04:57:25
1.89,0.0,04:57:59
1.89,0.0,04:58:32
1.89,0.0,04:59:05
1.89,0.0,04:59:38
1.89,0.0,05:00:11
1.89,0.0,05:00:44
1.89,0.0,05:01:17
1.89,0.0,05:01:50
1.89,0.0,05:02:23
1.89,0.0,05:02:56
1.89,0.0,05:03:29
1.89,0.0,05:04:01
1.89,0.0,05:04:35
1.89,0.0,05:05:08
1.89,0.0,05:05:41
1.89,0.0,05:06:15
1.89,0.0,05:06:47
1.89,0.0,05:07:20
1.89,0.0,05:07:53
1.89,0.0,05:08:27
1.89,0.0,05:08:59
1.89,0.0,05:09:32
1.89,0.0,05:10:05
1.89,0.0,05:10:38
1.89,0.0,05:11:11
1.89,0.0,05:11:44
1.89,0.0,05:12:17
1.89,0.0,05:12:51
1.89,0.0,05:13:24
1.89,0.0,05:13:57
1.89,0.0,05:14:30
1.89,0.0,05:15:02
1.89,0.0,05:15:36
1.89,0.0,05:16:09
1.89,0.0,05:16:42
1.89,0.0,05:17:15
1.89,0.0,05:17:48
1.89,0.0,05:18:21
1.89,0.0,05:18:54
1.89,0.0,05:19:27
1.89,0.0,05:19:59
1.89,0.0,05:20:33
1.89,0.0,05:21:06
1.89,0.0,05:21:39
1.89,0.0,05:22:12
1.89,0.0,05:22:49
1.89,0.0,05:23:22
1.89,0.0,05:23:54
1.89,0.0,05:24:27
1.89,0.0,05:25:00
1.89,0.0,05:25:33
1.89,0.0,05:26:05
1.89,0.0,05:26:39
1.89,0.0,05:27:12
1.89,0.0,05:27:45
1.89,0.0,05:28:17
1.89,0.0,05:28:50
1.89,0.0,05:29:23
1.89,0.0,05:29:56
1.89,0.0,05:30:29
1.89,0.0,05:31:02
1.89,0.0,05:31:35
1.89,0.0,05:32:07
1.89,0.0,05:32:40
1.89,0.0,05:33:13
1.89,0.0,05:33:47
1.89,0.0,05:34:19
1.89,0.0,05:34:53
1.89,0.0,05:35:25
1.89,0.0,05:35:58
1.89,0.0,05:36:31
1.89,0.0,05:37:04
1.89,0.0,05:37:36
1.89,0.0,05:38:10
1.89,0.0,05:38:43
1.89,0.0,05:39:16
1.89,0.0,05:39:48
1.89,0.0,05:40:21
1.89,0.0,05:40:54
1.89,0.0,05:41:27
1.89,0.0,05:42:00
1.89,0.0,05:42:33
1.89,0.0,05:43:06
1.89,0.0,05:43:39
1.89,0.0,05:44:12
1.89,0.0,05:44:46
1.89,0.0,05:45:19
1.89,0.0,05:45:52
1.89,0.0,05:46:25
1.89,0.0,05:46:57
1.89,0.0,05:47:30
1.89,0.0,05:48:03
1.89,0.0,05:48:36
1.89,0.0,05:49:09
1.89,0.0,05:49:43
1.89,0.0,05:50:15
1.89,0.0,05:50:48
1.89,0.0,05:51:21
1.89,0.0,05:51:54
1.89,0.0,05:52:26
1.89,0.0,05:53:00
1.89,0.0,05:53:33
1.89,0.0,05:54:06
1.89,0.0,05:54:39
1.89,0.0,05:55:12
1.89,0.0,05:55:44
1.89,0.0,05:56:17
1.89,0.0,05:56:51
1.89,0.0,05:57:23
1.89,0.0,05:57:57
1.89,0.0,05:58:29
1.89,0.0,05:59:02
1.89,0.0,05:59:35
1.89,0.0,06:00:07
1.89,0.0,06:00:40
1.89,0.0,06:01:13
1.89,0.0,06:01:46
1.89,0.0,06:02:19
1.89,0.0,06:02:52
1.89,0.0,06:03:24
1.89,0.0,06:03:57
1.89,0.0,06:04:30
1.89,0.0,06:05:03
1.89,0.0,06:05:36
1.89,0.0,06:06:09
1.89,0.0,06:06:42
1.89,0.0,06:07:14
1.89,0.0,06:07:47
1.89,0.0,06:08:20
1.89,0.0,06:08:52
1.89,0.0,06:09:25
1.89,0.0,06:09:58
1.89,0.0,06:10:31
1.89,0.0,06:11:03
1.89,0.0,06:11:37
1.89,0.0,06:12:09
1.89,0.0,06:12:43
1.89,0.0,06:13:16
1.89,0.0,06:13:49
1.89,0.0,06:14:21
1.89,0.0,06:14:54
1.92,1.58730159,06:15:28
1.92,0.0,06:16:01
1.92,0.0,06:16:34
1.92,0.0,06:17:07
1.92,0.0,06:17:40
1.92,0.0,06:18:13
1.92,0.0,06:18:46
1.92,0.0,06:19:19
1.92,0.0,06:19:52
1.92,0.0,06:20:24
1.92,0.0,06:20:57
1.92,0.0,06:21:30
1.92,0.0,06:22:03
1.92,0.0,06:22:35
1.92,0.0,06:23:08
1.92,0.0,06:23:41
1.92,0.0,06:24:14
1.92,0.0,06:24:47
1.92,0.0,06:25:19
1.92,0.0,06:25:53
1.92,0.0,06:26:26
1.92,0.0,06:26:58
1.92,0.0,06:27:32
1.92,0.0,06:28:05
1.92,0.0,06:28:39
1.92,0.0,06:29:12
1.92,0.0,06:29:44
1.92,0.0,06:30:18
1.92,0.0,06:30:51
1.92,0.0,06:31:24
1.92,0.0,06:31:57
1.92,0.0,06:32:31
1.92,0.0,06:33:04
1.92,0.0,06:33:37
1.92,0.0,06:34:10
1.92,0.0,06:34:43
1.92,0.0,06:35:16
1.92,0.0,06:35:48
1.92,0.0,06:36:22
1.92,0.0,06:36:55
1.92,0.0,06:37:27
1.92,0.0,06:38:00
1.92,0.0,06:38:34
1.92,0.0,06:39:07
1.92,0.0,06:39:41
1.92,0.0,06:40:13
1.92,0.0,06:40:47
1.92,0.0,06:41:19
1.92,0.0,06:41:53
1.92,0.0,06:42:26
1.92,0.0,06:42:58
1.92,0.0,06:43:31
1.92,0.0,06:44:04
1.92,0.0,06:44:37
1.92,0.0,06:45:10
1.92,0.0,06:45:44
1.92,0.0,06:46:16
1.92,0.0,06:46:49
1.92,0.0,06:47:22
1.92,0.0,06:47:55
1.92,0.0,06:48:28
1.92,0.0,06:49:01
1.92,0.0,06:49:34
1.92,0.0,06:50:07
1.92,0.0,06:50:41
1.92,0.0,06:51:14
1.92,0.0,06:51:47
1.92,0.0,06:52:20
1.92,0.0,06:52:53
1.92,0.0,06:53:26
1.92,0.0,06:53:59
