xrp_mxn,Porcentage,Time
8.49,0.0,11:44:55
8.6,1.29564193,11:45:28
8.6,0.0,11:46:01
8.6,0.0,11:46:34
8.6,0.0,11:47:07
8.6,0.0,11:47:40
8.6,0.0,11:48:13
8.6,0.0,11:48:46
8.6,0.0,11:49:19
8.6,0.0,11:49:52
8.6,0.0,11:50:25
8.6,0.0,11:50:58
8.6,0.0,11:51:32
8.6,0.0,11:52:05
8.55,-0.58139535,11:52:39
8.55,0.0,11:53:12
8.55,0.0,11:53:45
8.6,0.58479532,11:54:18
8.6,0.0,11:54:51
8.6,0.0,11:55:25
8.6,0.0,11:55:58
8.6,0.0,11:56:31
8.6,0.0,11:57:04
8.6,0.0,11:57:37
8.6,0.0,11:58:11
8.6,0.0,11:58:44
8.6,0.0,11:59:17
8.6,0.0,11:59:50
8.6,0.0,12:00:23
8.6,0.0,12:00:57
8.6,0.0,12:01:30
8.55,-0.58139535,12:02:04
8.55,0.0,12:02:36
8.55,0.0,12:03:10
8.55,0.0,12:03:42
8.6,0.58479532,12:04:16
8.6,0.0,12:04:49
8.6,0.0,12:05:22
8.6,0.0,12:05:55
8.6,0.0,12:06:28
8.6,0.0,12:07:00
8.59,-0.11627907,12:07:33
8.48,-1.28055879,12:08:06
8.48,0.0,12:08:39
8.48,0.0,12:09:12
8.48,0.0,12:09:45
8.48,0.0,12:10:18
8.46,-0.23584906,12:10:51
8.46,0.0,12:11:24
8.46,0.0,12:11:57
8.46,0.0,12:12:30
8.46,0.0,12:13:03
8.46,0.0,12:13:36
8.46,0.0,12:14:08
8.46,0.0,12:14:41
8.46,0.0,12:15:14
8.46,0.0,12:15:47
8.46,0.0,12:16:21
8.46,0.0,12:16:54
8.46,0.0,12:17:27
8.46,0.0,12:18:00
8.46,0.0,12:18:33
8.46,0.0,12:19:06
8.46,0.0,12:19:40
8.46,0.0,12:20:12
8.46,0.0,12:20:46
8.46,0.0,12:21:19
8.46,0.0,12:21:52
8.46,0.0,12:22:25
8.46,0.0,12:22:57
8.56,1.1820331,12:23:31
8.56,0.0,12:24:04
8.5,-0.70093458,12:24:37
8.5,0.0,12:25:10
8.5,0.0,12:25:42
8.5,0.0,12:26:16
8.47,-0.35294118,12:26:48
8.47,0.0,12:27:21
8.47,0.0,12:27:54
8.47,0.0,12:28:28
8.47,0.0,12:29:01
8.47,0.0,12:29:34
8.47,0.0,12:30:07
8.47,0.0,12:30:40
8.47,0.0,12:31:13
8.47,0.0,12:31:50
8.47,0.0,12:32:23
8.47,0.0,12:32:56
8.47,0.0,12:33:29
8.5,0.35419126,12:34:02
8.5,0.0,12:34:35
8.5,0.0,12:35:08
8.5,0.0,12:35:41
8.5,0.0,12:36:14
8.5,0.0,12:36:47
8.5,0.0,12:37:20
8.5,0.0,12:37:53
8.5,0.0,12:38:27
8.5,0.0,12:39:00
8.5,0.0,12:39:33
8.5,0.0,12:40:06
8.5,0.0,12:40:39
8.5,0.0,12:41:12
8.5,0.0,12:41:45
8.5,0.0,12:42:18
8.5,0.0,12:42:51
8.5,0.0,12:43:25
8.5,0.0,12:43:58
8.5,0.0,12:44:31
8.5,0.0,12:45:04
8.47,-0.35294118,12:45:37
8.47,0.0,12:46:10
8.47,0.0,12:46:43
8.57,1.18063754,12:47:17
8.57,0.0,12:47:50
8.57,0.0,12:48:23
8.57,0.0,12:48:57
8.57,0.0,12:49:29
8.57,0.0,12:50:02
8.57,0.0,12:50:36
8.57,0.0,12:51:09
8.47,-1.16686114,12:51:42
8.47,0.0,12:52:15
8.47,0.0,12:52:48
8.47,0.0,12:53:21
8.47,0.0,12:53:54
8.47,0.0,12:54:28
8.47,0.0,12:55:01
8.47,0.0,12:55:34
8.47,0.0,12:56:08
8.47,0.0,12:56:41
8.55,0.94451004,12:57:13
8.55,0.0,12:57:47
8.55,0.0,12:58:20
8.55,0.0,12:58:53
8.55,0.0,12:59:26
8.55,0.0,12:59:59
8.55,0.0,13:00:32
8.55,0.0,13:01:05
8.55,0.0,13:01:39
8.55,0.0,13:02:12
8.55,0.0,13:02:45
8.55,0.0,13:03:18
8.48,-0.81871345,13:03:51
8.55,0.8254717,13:04:24
8.55,0.0,13:04:57
8.49,-0.70175439,13:05:30
8.55,0.70671378,13:06:03
8.55,0.0,13:06:37
8.47,-0.93567251,13:07:09
8.47,0.0,13:07:42
8.47,0.0,13:08:16
8.47,0.0,13:08:49
8.47,0.0,13:09:22
8.47,0.0,13:09:56
8.47,0.0,13:10:29
8.47,0.0,13:11:02
8.47,0.0,13:11:34
8.47,0.0,13:12:08
8.47,0.0,13:12:40
8.47,0.0,13:13:13
8.55,0.94451004,13:13:46
8.55,0.0,13:14:19
8.55,0.0,13:14:52
8.55,0.0,13:15:25
8.55,0.0,13:15:59
8.55,0.0,13:16:32
8.55,0.0,13:17:05
8.55,0.0,13:17:39
8.55,0.0,13:18:12
8.55,0.0,13:18:44
8.55,0.0,13:19:17
8.47,-0.93567251,13:19:50
8.55,0.94451004,13:20:23
8.55,0.0,13:20:56
8.55,0.0,13:21:29
8.55,0.0,13:22:02
8.47,-0.93567251,13:22:35
8.47,0.0,13:23:08
8.47,0.0,13:23:42
8.47,0.0,13:24:15
8.47,0.0,13:24:48
8.47,0.0,13:25:21
8.47,0.0,13:25:54
8.47,0.0,13:26:27
8.47,0.0,13:27:00
8.47,0.0,13:27:33
8.55,0.94451004,13:28:06
8.55,0.0,13:28:39
8.47,-0.93567251,13:29:13
8.47,0.0,13:29:45
8.47,0.0,13:30:19
8.47,0.0,13:30:52
8.47,0.0,13:31:25
8.47,0.0,13:31:58
8.47,0.0,13:32:31
8.47,0.0,13:33:04
8.47,0.0,13:33:37
8.47,0.0,13:34:10
8.54,0.82644628,13:34:43
8.54,0.0,13:35:17
8.54,0.0,13:35:50
8.54,0.0,13:36:23
8.54,0.0,13:36:56
8.54,0.0,13:37:29
8.54,0.0,13:38:03
8.54,0.0,13:38:35
8.54,0.0,13:39:08
8.54,0.0,13:39:41
8.54,0.0,13:40:14
8.54,0.0,13:40:46
8.54,0.0,13:41:19
8.54,0.0,13:41:54
8.54,0.0,13:42:26
8.54,0.0,13:42:59
8.54,0.0,13:43:33
8.54,0.0,13:44:06
8.54,0.0,13:44:40
8.54,0.0,13:45:13
8.54,0.0,13:45:46
8.48,-0.70257611,13:46:18
8.48,0.0,13:46:52
8.48,0.0,13:47:25
8.54,0.70754717,13:47:57
8.54,0.0,13:48:31
8.54,0.0,13:49:04
8.54,0.0,13:49:38
8.54,0.0,13:50:11
8.54,0.0,13:50:44
8.54,0.0,13:51:16
8.48,-0.70257611,13:51:49
8.48,0.0,13:52:23
8.48,0.0,13:52:56
8.48,0.0,13:53:29
8.48,0.0,13:54:02
8.48,0.0,13:54:35
8.48,0.0,13:55:08
8.59,1.29716981,13:55:41
8.59,0.0,13:56:15
8.59,0.0,13:56:48
8.59,0.0,13:57:24
8.48,-1.28055879,13:57:57
8.48,0.0,13:58:31
8.48,0.0,13:59:05
8.48,0.0,13:59:38
8.48,0.0,14:00:10
8.48,0.0,14:00:43
8.47,-0.11792453,14:01:16
8.47,0.0,14:01:49
8.47,0.0,14:02:22
8.47,0.0,14:02:56
8.47,0.0,14:03:29
8.47,0.0,14:04:02
8.47,0.0,14:04:34
8.47,0.0,14:05:08
8.47,0.0,14:05:41
8.47,0.0,14:06:15
8.47,0.0,14:06:48
8.58,1.2987013,14:07:21
8.58,0.0,14:07:54
8.58,0.0,14:08:27
8.58,0.0,14:09:00
8.58,0.0,14:09:33
8.58,0.0,14:10:06
8.58,0.0,14:10:39
8.58,0.0,14:11:12
8.58,0.0,14:11:45
8.58,0.0,14:12:18
8.48,-1.16550117,14:12:51
8.48,0.0,14:13:24
8.48,0.0,14:13:57
8.48,0.0,14:14:29
8.48,0.0,14:15:02
8.48,0.0,14:15:35
8.48,0.0,14:16:08
8.48,0.0,14:16:41
8.48,0.0,14:17:14
8.48,0.0,14:17:47
8.48,0.0,14:18:20
8.48,0.0,14:18:52
8.48,0.0,14:19:25
8.48,0.0,14:19:58
8.48,0.0,14:20:31
8.47,-0.11792453,14:21:04
8.47,0.0,14:21:37
8.57,1.18063754,14:22:10
8.57,0.0,14:22:43
8.57,0.0,14:23:16
8.47,-1.16686114,14:23:48
8.57,1.18063754,14:24:22
8.57,0.0,14:24:55
8.57,0.0,14:25:27
8.57,0.0,14:26:00
8.57,0.0,14:26:34
8.57,0.0,14:27:06
8.57,0.0,14:27:40
8.57,0.0,14:28:12
8.57,0.0,14:28:46
8.57,0.0,14:29:20
8.47,-1.16686114,14:29:53
8.47,0.0,14:30:26
8.47,0.0,14:30:59
8.47,0.0,14:31:31
8.47,0.0,14:32:04
8.47,0.0,14:32:37
8.47,0.0,14:33:10
8.47,0.0,14:33:43
8.47,0.0,14:34:16
8.47,0.0,14:34:48
8.47,0.0,14:35:22
8.47,0.0,14:35:55
8.47,0.0,14:36:27
8.47,0.0,14:37:00
8.47,0.0,14:37:33
8.47,0.0,14:38:06
8.47,0.0,14:38:39
8.47,0.0,14:39:12
8.47,0.0,14:39:45
8.47,0.0,14:40:18
8.47,0.0,14:40:51
8.47,0.0,14:41:24
8.47,0.0,14:41:57
8.47,0.0,14:42:30
8.47,0.0,14:43:02
8.47,0.0,14:43:35
8.47,0.0,14:44:08
8.47,0.0,14:44:41
8.47,0.0,14:45:13
8.47,0.0,14:45:46
8.47,0.0,14:46:19
8.47,0.0,14:46:52
8.47,0.0,14:47:25
8.47,0.0,14:47:58
8.47,0.0,14:48:31
8.47,0.0,14:49:03
8.56,1.06257379,14:49:36
8.56,0.0,14:50:09
8.56,0.0,14:50:42
8.56,0.0,14:51:15
8.56,0.0,14:51:47
8.47,-1.05140187,14:52:20
8.47,0.0,14:52:53
8.47,0.0,14:53:26
8.47,0.0,14:53:59
8.57,1.18063754,14:54:31
8.57,0.0,14:55:04
8.57,0.0,14:55:37
8.57,0.0,14:56:10
8.57,0.0,14:56:43
8.57,0.0,14:57:15
8.57,0.0,14:57:48
8.57,0.0,14:58:21
8.47,-1.16686114,14:58:54
8.47,0.0,14:59:27
8.47,0.0,15:00:00
8.57,1.18063754,15:00:32
8.57,0.0,15:01:05
8.57,0.0,15:01:39
8.57,0.0,15:02:12
8.57,0.0,15:02:45
8.47,-1.16686114,15:03:18
8.47,0.0,15:03:51
8.47,0.0,15:04:24
8.47,0.0,15:04:57
8.47,0.0,15:05:29
8.47,0.0,15:06:02
8.47,0.0,15:06:35
8.47,0.0,15:07:08
8.47,0.0,15:07:41
8.47,0.0,15:08:14
8.47,0.0,15:08:47
8.47,0.0,15:09:20
8.47,0.0,15:09:53
8.47,0.0,15:10:25
8.47,0.0,15:10:58
8.47,0.0,15:11:31
8.47,0.0,15:12:04
8.47,0.0,15:12:37
8.47,0.0,15:13:10
8.47,0.0,15:13:43
8.47,0.0,15:14:16
8.47,0.0,15:14:48
8.49,0.23612751,15:15:21
8.49,0.0,15:15:54
8.49,0.0,15:16:27
8.49,0.0,15:17:00
8.49,0.0,15:17:33
8.49,0.0,15:18:06
8.49,0.0,15:18:39
8.49,0.0,15:19:13
8.49,0.0,15:19:45
8.49,0.0,15:20:18
8.49,0.0,15:20:51
8.54,0.58892815,15:21:24
8.54,0.0,15:21:56
8.54,0.0,15:22:30
8.54,0.0,15:23:03
8.54,0.0,15:23:36
8.54,0.0,15:24:09
8.54,0.0,15:24:42
8.54,0.0,15:25:15
8.54,0.0,15:25:48
8.54,0.0,15:26:21
8.54,0.0,15:26:54
8.54,0.0,15:27:27
8.54,0.0,15:28:00
8.54,0.0,15:28:32
8.54,0.0,15:29:05
8.54,0.0,15:29:39
8.54,0.0,15:30:12
8.54,0.0,15:30:45
8.54,0.0,15:31:18
8.54,0.0,15:31:51
8.54,0.0,15:32:24
8.54,0.0,15:32:56
8.54,0.0,15:33:29
8.54,0.0,15:34:03
8.54,0.0,15:34:36
8.54,0.0,15:35:09
8.54,0.0,15:35:42
8.54,0.0,15:36:15
8.55,0.11709602,15:36:48
8.55,0.0,15:37:21
8.55,0.0,15:37:54
8.55,0.0,15:38:27
8.55,0.0,15:39:00
8.55,0.0,15:39:33
8.55,0.0,15:40:06
8.55,0.0,15:40:40
8.55,0.0,15:41:12
8.55,0.0,15:41:45
8.55,0.0,15:42:19
8.55,0.0,15:42:52
8.55,0.0,15:43:24
8.55,0.0,15:43:58
8.55,0.0,15:44:30
8.58,0.35087719,15:45:03
8.58,0.0,15:45:36
8.58,0.0,15:46:10
8.58,0.0,15:46:42
8.58,0.0,15:47:15
8.58,0.0,15:47:48
8.58,0.0,15:48:21
8.58,0.0,15:48:54
8.58,0.0,15:49:27
8.58,0.0,15:50:00
8.58,0.0,15:50:34
8.55,-0.34965035,15:51:06
8.55,0.0,15:51:40
8.55,0.0,15:52:13
8.55,0.0,15:52:46
8.55,0.0,15:53:20
8.55,0.0,15:53:53
8.55,0.0,15:54:26
8.55,0.0,15:54:59
8.55,0.0,15:55:32
8.55,0.0,15:56:05
8.55,0.0,15:56:38
8.55,0.0,15:57:11
8.55,0.0,15:57:44
8.55,0.0,15:58:17
8.55,0.0,15:58:50
8.55,0.0,15:59:23
8.55,0.0,15:59:55
8.55,0.0,16:00:28
8.55,0.0,16:01:01
8.55,0.0,16:01:34
8.55,0.0,16:02:06
8.55,0.0,16:02:40
8.55,0.0,16:03:13
8.55,0.0,16:03:46
8.55,0.0,16:04:19
8.55,0.0,16:04:52
8.55,0.0,16:05:24
8.55,0.0,16:05:57
8.55,0.0,16:06:30
8.54,-0.11695906,16:07:03
8.54,0.0,16:07:37
8.54,0.0,16:08:10
8.54,0.0,16:08:43
8.54,0.0,16:09:19
8.54,0.0,16:09:52
8.5,-0.46838407,16:10:25
8.55,0.58823529,16:10:57
8.55,0.0,16:11:30
8.55,0.0,16:12:03
8.55,0.0,16:12:36
8.55,0.0,16:13:10
8.55,0.0,16:13:42
8.55,0.0,16:14:15
8.55,0.0,16:14:48
8.5,-0.58479532,16:15:21
8.5,0.0,16:15:54
8.5,0.0,16:16:27
8.5,0.0,16:17:00
8.5,0.0,16:17:33
8.5,0.0,16:18:06
8.5,0.0,16:18:39
8.5,0.0,16:19:12
8.5,0.0,16:19:45
8.5,0.0,16:20:18
8.5,0.0,16:20:51
8.5,0.0,16:21:23
8.5,0.0,16:21:57
8.5,0.0,16:22:30
8.5,0.0,16:23:03
8.5,0.0,16:23:36
8.5,0.0,16:24:10
8.5,0.0,16:24:43
8.5,0.0,16:25:16
8.5,0.0,16:25:49
8.5,0.0,16:26:22
8.5,0.0,16:26:55
8.5,0.0,16:27:28
8.5,0.0,16:28:01
8.5,0.0,16:28:34
8.5,0.0,16:29:07
8.5,0.0,16:29:40
8.5,0.0,16:30:13
8.5,0.0,16:30:46
8.5,0.0,16:31:19
8.5,0.0,16:31:52
8.55,0.58823529,16:32:25
8.55,0.0,16:32:58
8.55,0.0,16:33:31
8.55,0.0,16:34:04
8.55,0.0,16:34:37
8.55,0.0,16:35:10
8.55,0.0,16:35:42
8.55,0.0,16:36:15
8.55,0.0,16:36:49
8.55,0.0,16:37:22
8.55,0.0,16:37:54
8.55,0.0,16:38:27
8.55,0.0,16:39:00
8.51,-0.46783626,16:39:34
8.51,0.0,16:40:07
8.51,0.0,16:40:40
8.51,0.0,16:41:13
8.51,0.0,16:41:46
8.51,0.0,16:42:18
8.51,0.0,16:42:51
8.51,0.0,16:43:24
8.51,0.0,16:43:57
8.51,0.0,16:44:30
8.51,0.0,16:45:03
8.55,0.47003525,16:45:36
8.55,0.0,16:46:08
8.55,0.0,16:46:42
8.55,0.0,16:47:15
8.55,0.0,16:47:48
8.58,0.35087719,16:48:21
8.58,0.0,16:48:54
8.58,0.0,16:49:27
8.58,0.0,16:50:00
8.58,0.0,16:50:33
8.58,0.0,16:51:06
8.58,0.0,16:51:40
8.58,0.0,16:52:12
8.58,0.0,16:52:45
8.58,0.0,16:53:18
8.58,0.0,16:53:51
8.58,0.0,16:54:24
8.58,0.0,16:54:57
8.58,0.0,16:55:30
8.58,0.0,16:56:03
8.58,0.0,16:56:36
8.58,0.0,16:57:09
8.58,0.0,16:57:42
8.58,0.0,16:58:15
8.58,0.0,16:58:49
8.58,0.0,16:59:22
8.58,0.0,16:59:55
8.58,0.0,17:00:28
8.58,0.0,17:01:01
8.58,0.0,17:01:34
8.58,0.0,17:02:08
8.58,0.0,17:02:41
8.58,0.0,17:03:14
8.58,0.0,17:03:47
8.58,0.0,17:04:20
8.58,0.0,17:04:53
8.58,0.0,17:05:26
8.52,-0.6993007,17:06:01
8.52,0.0,17:06:34
8.52,0.0,17:07:06
8.6,0.93896714,17:07:39
8.6,0.0,17:08:13
8.6,0.0,17:08:47
8.6,0.0,17:09:20
8.52,-0.93023256,17:09:53
8.52,0.0,17:10:26
8.52,0.0,17:10:59
8.52,0.0,17:11:32
8.6,0.93896714,17:12:06
8.6,0.0,17:12:39
8.52,-0.93023256,17:13:12
8.52,0.0,17:13:45
8.52,0.0,17:14:18
8.52,0.0,17:14:50
8.52,0.0,17:15:23
8.52,0.0,17:15:57
8.52,0.0,17:16:30
8.52,0.0,17:17:04
8.52,0.0,17:17:37
8.52,0.0,17:18:09
8.52,0.0,17:18:42
8.6,0.93896714,17:19:16
8.6,0.0,17:19:49
8.52,-0.93023256,17:20:22
8.52,0.0,17:20:55
8.52,0.0,17:21:27
8.52,0.0,17:22:00
8.52,0.0,17:22:33
8.52,0.0,17:23:07
8.52,0.0,17:23:40
8.6,0.93896714,17:24:13
8.6,0.0,17:24:46
8.6,0.0,17:25:19
8.6,0.0,17:25:52
8.6,0.0,17:26:25
8.6,0.0,17:26:59
8.6,0.0,17:27:32
8.6,0.0,17:28:05
8.6,0.0,17:28:39
8.6,0.0,17:29:12
8.6,0.0,17:29:46
8.6,0.0,17:30:19
8.6,0.0,17:30:52
8.6,0.0,17:31:25
8.6,0.0,17:31:58
8.6,0.0,17:32:31
8.6,0.0,17:33:04
8.6,0.0,17:33:38
8.6,0.0,17:34:11
8.6,0.0,17:34:45
8.6,0.0,17:35:17
8.53,-0.81395349,17:35:50
8.53,0.0,17:36:23
8.53,0.0,17:36:56
8.53,0.0,17:37:29
8.53,0.0,17:38:02
8.53,0.0,17:38:35
8.53,0.0,17:39:07
8.54,0.11723329,17:39:40
8.6,0.70257611,17:40:13
8.6,0.0,17:40:45
8.6,0.0,17:41:19
8.6,0.0,17:41:52
8.54,-0.69767442,17:42:25
8.54,0.0,17:42:58
8.54,0.0,17:43:31
8.54,0.0,17:44:04
8.6,0.70257611,17:44:37
8.6,0.0,17:45:10
8.6,0.0,17:45:43
8.6,0.0,17:46:15
8.6,0.0,17:46:49
8.6,0.0,17:47:22
8.6,0.0,17:47:54
8.6,0.0,17:48:27
8.6,0.0,17:49:00
8.6,0.0,17:49:33
8.6,0.0,17:50:06
8.6,0.0,17:50:39
8.54,-0.69767442,17:51:11
8.54,0.0,17:51:44
8.54,0.0,17:52:17
8.54,0.0,17:52:50
8.54,0.0,17:53:23
8.54,0.0,17:53:56
8.54,0.0,17:54:29
8.63,1.05386417,17:55:02
8.63,0.0,17:55:35
8.63,0.0,17:56:08
8.62,-0.11587486,17:56:41
8.62,0.0,17:57:13
8.62,0.0,17:57:47
8.62,0.0,17:58:20
8.62,0.0,17:58:52
8.62,0.0,17:59:25
8.62,0.0,17:59:58
8.62,0.0,18:00:31
8.62,0.0,18:01:04
8.62,0.0,18:01:38
8.62,0.0,18:02:11
8.62,0.0,18:02:43
8.62,0.0,18:03:16
8.62,0.0,18:03:49
8.62,0.0,18:04:22
8.62,0.0,18:04:55
8.62,0.0,18:05:28
8.55,-0.81206497,18:06:01
8.55,0.0,18:06:34
8.55,0.0,18:07:07
8.55,0.0,18:07:40
8.63,0.93567251,18:08:14
8.63,0.0,18:08:47
8.63,0.0,18:09:20
8.63,0.0,18:09:53
8.54,-1.0428737,18:10:26
8.52,-0.23419204,18:10:59
8.52,0.0,18:11:32
8.52,0.0,18:12:05
8.52,0.0,18:12:39
8.52,0.0,18:13:12
8.52,0.0,18:13:45
8.52,0.0,18:14:18
8.52,0.0,18:14:50
8.52,0.0,18:15:23
8.52,0.0,18:15:56
8.54,0.23474178,18:16:29
8.53,-0.11709602,18:17:02
8.53,0.0,18:17:35
8.53,0.0,18:18:08
8.53,0.0,18:18:41
8.53,0.0,18:19:14
8.63,1.17233294,18:19:48
8.63,0.0,18:20:20
8.63,0.0,18:20:53
8.63,0.0,18:21:29
8.63,0.0,18:22:02
8.53,-1.15874855,18:22:36
8.53,0.0,18:23:09
8.53,0.0,18:23:41
8.63,1.17233294,18:24:15
8.63,0.0,18:24:48
8.63,0.0,18:25:20
8.63,0.0,18:25:53
8.63,0.0,18:26:27
8.63,0.0,18:27:00
8.63,0.0,18:27:33
8.62,-0.11587486,18:28:05
8.62,0.0,18:28:39
8.62,0.0,18:29:12
8.62,0.0,18:29:45
8.53,-1.04408353,18:30:17
8.53,0.0,18:30:50
8.53,0.0,18:31:23
8.53,0.0,18:31:56
8.53,0.0,18:32:29
8.53,0.0,18:33:01
8.53,0.0,18:33:34
8.53,0.0,18:34:08
8.53,0.0,18:34:40
8.53,0.0,18:35:13
8.53,0.0,18:35:46
8.53,0.0,18:36:19
8.53,0.0,18:36:52
8.53,0.0,18:37:25
8.53,0.0,18:37:58
8.53,0.0,18:38:31
8.53,0.0,18:39:03
8.52,-0.11723329,18:39:36
8.52,0.0,18:40:09
8.47,-0.58685446,18:40:42
8.47,0.0,18:41:16
8.47,0.0,18:41:48
8.47,0.0,18:42:21
8.47,0.0,18:42:54
8.47,0.0,18:43:27
8.47,0.0,18:44:00
8.48,0.11806375,18:44:33
8.47,-0.11792453,18:45:07
8.47,0.0,18:45:40
8.47,0.0,18:46:13
8.47,0.0,18:46:46
8.47,0.0,18:47:19
8.47,0.0,18:47:52
8.47,0.0,18:48:25
8.53,0.70838253,18:48:59
8.53,0.0,18:49:31
8.53,0.0,18:50:05
8.53,0.0,18:50:38
8.53,0.0,18:51:10
8.53,0.0,18:51:43
8.53,0.0,18:52:17
8.53,0.0,18:52:50
8.53,0.0,18:53:23
8.53,0.0,18:53:56
8.53,0.0,18:54:29
8.53,0.0,18:55:02
8.53,0.0,18:55:35
8.53,0.0,18:56:09
8.48,-0.58616647,18:56:42
8.48,0.0,18:57:15
8.48,0.0,18:57:48
8.48,0.0,18:58:20
8.48,0.0,18:58:53
8.48,0.0,18:59:26
8.48,0.0,18:59:58
8.48,0.0,19:00:31
8.48,0.0,19:01:04
8.48,0.0,19:01:38
8.48,0.0,19:02:11
8.48,0.0,19:02:44
8.48,0.0,19:03:17
8.48,0.0,19:03:49
8.48,0.0,19:04:22
8.48,0.0,19:04:55
8.48,0.0,19:05:29
8.48,0.0,19:06:01
8.48,0.0,19:06:35
8.48,0.0,19:07:08
8.48,0.0,19:07:41
8.48,0.0,19:08:14
8.48,0.0,19:08:47
8.48,0.0,19:09:20
8.48,0.0,19:09:53
8.48,0.0,19:10:26
8.48,0.0,19:10:58
8.53,0.58962264,19:11:31
8.48,-0.58616647,19:12:04
8.48,0.0,19:12:37
8.48,0.0,19:13:10
8.53,0.58962264,19:13:43
8.53,0.0,19:14:16
8.53,0.0,19:14:49
8.53,0.0,19:15:22
8.53,0.0,19:15:55
8.53,0.0,19:16:28
8.53,0.0,19:17:01
8.53,0.0,19:17:34
8.53,0.0,19:18:07
8.53,0.0,19:18:40
8.53,0.0,19:19:12
8.48,-0.58616647,19:19:45
8.48,0.0,19:20:18
8.48,0.0,19:20:51
8.55,0.8254717,19:21:24
8.55,0.0,19:21:57
8.55,0.0,19:22:30
8.55,0.0,19:23:03
8.55,0.0,19:23:38
8.55,0.0,19:24:11
8.55,0.0,19:24:43
8.48,-0.81871345,19:25:16
8.48,0.0,19:25:49
8.48,0.0,19:26:22
8.48,0.0,19:26:55
8.55,0.8254717,19:27:28
8.55,0.0,19:28:01
8.55,0.0,19:28:34
8.55,0.0,19:29:07
8.55,0.0,19:29:40
8.55,0.0,19:30:13
8.55,0.0,19:30:46
8.55,0.0,19:31:19
8.55,0.0,19:31:52
8.55,0.0,19:32:25
8.55,0.0,19:33:00
8.55,0.0,19:33:33
8.55,0.0,19:34:06
8.58,0.35087719,19:34:39
8.58,0.0,19:35:11
8.58,0.0,19:35:44
8.58,0.0,19:36:17
8.58,0.0,19:36:50
8.58,0.0,19:37:23
8.49,-1.04895105,19:37:55
8.49,0.0,19:38:28
8.49,0.0,19:39:01
8.49,0.0,19:39:34
8.49,0.0,19:40:07
8.49,0.0,19:40:41
8.49,0.0,19:41:13
8.49,0.0,19:41:46
8.49,0.0,19:42:19
8.49,0.0,19:42:52
8.49,0.0,19:43:24
8.49,0.0,19:43:58
8.49,0.0,19:44:31
8.49,0.0,19:45:04
8.49,0.0,19:45:37
8.49,0.0,19:46:10
8.49,0.0,19:46:43
8.49,0.0,19:47:16
8.5,0.11778563,19:47:49
8.5,0.0,19:48:21
8.5,0.0,19:48:54
8.5,0.0,19:49:27
8.5,0.0,19:50:00
8.5,0.0,19:50:33
8.5,0.0,19:51:05
8.5,0.0,19:51:39
8.5,0.0,19:52:12
8.58,0.94117647,19:52:45
8.58,0.0,19:53:18
8.58,0.0,19:53:51
8.58,0.0,19:54:23
8.58,0.0,19:54:56
8.58,0.0,19:55:29
8.58,0.0,19:56:02
8.58,0.0,19:56:35
8.58,0.0,19:57:09
8.5,-0.93240093,19:57:41
8.5,0.0,19:58:14
8.5,0.0,19:58:47
8.5,0.0,19:59:20
8.5,0.0,19:59:54
8.5,0.0,20:00:27
8.5,0.0,20:00:59
8.5,0.0,20:01:32
8.5,0.0,20:02:05
8.5,0.0,20:02:39
8.5,0.0,20:03:12
8.5,0.0,20:03:45
8.5,0.0,20:04:18
8.5,0.0,20:04:50
8.5,0.0,20:05:23
8.5,0.0,20:05:56
8.5,0.0,20:06:29
8.59,1.05882353,20:07:02
8.59,0.0,20:07:35
8.59,0.0,20:08:08
8.59,0.0,20:08:41
8.59,0.0,20:09:14
8.58,-0.11641444,20:09:47
8.58,0.0,20:10:21
8.58,0.0,20:10:54
8.59,0.11655012,20:11:27
8.59,0.0,20:12:00
8.59,0.0,20:12:33
8.59,0.0,20:13:06
8.59,0.0,20:13:39
8.59,0.0,20:14:12
8.59,0.0,20:14:46
8.59,0.0,20:15:19
8.59,0.0,20:15:51
8.5,-1.04772992,20:16:24
8.5,0.0,20:16:57
8.5,0.0,20:17:30
8.5,0.0,20:18:03
8.5,0.0,20:18:37
8.5,0.0,20:19:10
8.5,0.0,20:19:43
8.5,0.0,20:20:15
8.5,0.0,20:20:49
8.59,1.05882353,20:21:23
8.59,0.0,20:21:56
8.59,0.0,20:22:29
8.59,0.0,20:23:02
8.59,0.0,20:23:34
8.59,0.0,20:24:08
8.59,0.0,20:24:41
8.59,0.0,20:25:15
8.59,0.0,20:25:48
8.59,0.0,20:26:21
8.59,0.0,20:26:54
8.59,0.0,20:27:27
8.59,0.0,20:28:01
8.59,0.0,20:28:34
8.59,0.0,20:29:08
8.59,0.0,20:29:41
8.59,0.0,20:30:13
8.59,0.0,20:30:47
8.59,0.0,20:31:20
8.59,0.0,20:31:53
8.59,0.0,20:32:26
8.59,0.0,20:32:59
8.59,0.0,20:33:37
8.59,0.0,20:34:11
8.59,0.0,20:34:45
8.59,0.0,20:35:17
8.58,-0.11641444,20:35:50
8.58,0.0,20:36:23
8.58,0.0,20:36:57
8.58,0.0,20:37:30
8.58,0.0,20:38:04
8.58,0.0,20:38:37
8.58,0.0,20:39:10
8.58,0.0,20:39:43
8.58,0.0,20:40:16
8.58,0.0,20:40:49
8.58,0.0,20:41:22
8.58,0.0,20:41:56
8.58,0.0,20:42:29
8.58,0.0,20:43:02
8.58,0.0,20:43:36
8.58,0.0,20:44:09
8.49,-1.04895105,20:44:42
8.49,0.0,20:45:16
8.49,0.0,20:45:49
8.49,0.0,20:46:22
8.49,0.0,20:46:55
8.49,0.0,20:47:28
8.49,0.0,20:48:02
8.49,0.0,20:48:36
8.49,0.0,20:49:09
8.49,0.0,20:49:42
8.49,0.0,20:50:15
8.49,0.0,20:50:48
8.49,0.0,20:51:22
8.49,0.0,20:51:55
8.49,0.0,20:52:28
8.49,0.0,20:53:01
8.49,0.0,20:53:35
8.5,0.11778563,20:54:08
8.5,0.0,20:54:41
8.5,0.0,20:55:14
8.51,0.11764706,20:55:48
8.51,0.0,20:56:21
8.51,0.0,20:56:54
8.51,0.0,20:57:28
8.51,0.0,20:58:02
8.51,0.0,20:58:35
8.51,0.0,20:59:09
8.51,0.0,20:59:42
8.51,0.0,21:00:15
8.51,0.0,21:00:48
8.51,0.0,21:01:21
8.51,0.0,21:01:55
8.51,0.0,21:02:28
8.51,0.0,21:03:01
8.51,0.0,21:03:35
8.51,0.0,21:04:08
8.51,0.0,21:04:42
8.51,0.0,21:05:16
8.51,0.0,21:05:49
8.51,0.0,21:06:22
8.58,0.82256169,21:06:56
8.58,0.0,21:07:30
8.58,0.0,21:08:03
8.58,0.0,21:08:37
8.58,0.0,21:09:10
8.58,0.0,21:09:44
8.58,0.0,21:10:17
8.58,0.0,21:10:51
8.58,0.0,21:11:24
8.58,0.0,21:11:57
8.58,0.0,21:12:30
8.58,0.0,21:13:03
8.58,0.0,21:13:37
8.58,0.0,21:14:10
8.58,0.0,21:14:44
8.58,0.0,21:15:17
8.58,0.0,21:15:50
8.58,0.0,21:16:23
8.58,0.0,21:16:57
8.58,0.0,21:17:31
8.58,0.0,21:18:04
8.58,0.0,21:18:38
8.58,0.0,21:19:11
8.58,0.0,21:19:44
8.59,0.11655012,21:20:17
8.59,0.0,21:20:51
8.59,0.0,21:21:24
8.5,-1.04772992,21:21:58
8.5,0.0,21:22:31
8.5,0.0,21:23:04
8.5,0.0,21:23:38
8.59,1.05882353,21:24:11
8.59,0.0,21:24:44
8.59,0.0,21:25:18
8.59,0.0,21:25:51
8.59,0.0,21:26:24
8.59,0.0,21:26:57
8.59,0.0,21:27:31
8.59,0.0,21:28:04
8.59,0.0,21:28:38
8.59,0.0,21:29:12
8.59,0.0,21:29:45
8.59,0.0,21:30:18
8.59,0.0,21:30:51
8.59,0.0,21:31:25
8.59,0.0,21:31:59
8.59,0.0,21:32:32
8.5,-1.04772992,21:33:05
8.5,0.0,21:33:38
8.5,0.0,21:34:12
8.5,0.0,21:34:45
8.5,0.0,21:35:19
8.5,0.0,21:35:52
8.5,0.0,21:36:25
8.5,0.0,21:36:58
8.49,-0.11764706,21:37:32
8.49,0.0,21:38:05
8.49,0.0,21:38:39
8.59,1.1778563,21:39:12
8.59,0.0,21:39:45
8.59,0.0,21:40:19
8.59,0.0,21:40:52
8.59,0.0,21:41:26
8.59,0.0,21:41:59
8.59,0.0,21:42:32
8.59,0.0,21:43:05
8.59,0.0,21:43:39
8.59,0.0,21:44:12
8.59,0.0,21:44:45
8.59,0.0,21:45:19
8.59,0.0,21:45:52
8.59,0.0,21:46:25
8.59,0.0,21:46:58
8.59,0.0,21:47:32
8.59,0.0,21:48:06
8.59,0.0,21:48:39
8.59,0.0,21:49:13
8.59,0.0,21:49:45
8.59,0.0,21:50:18
8.59,0.0,21:50:52
8.59,0.0,21:51:26
8.59,0.0,21:51:59
8.59,0.0,21:52:32
8.59,0.0,21:53:05
8.59,0.0,21:53:39
8.59,0.0,21:54:12
8.59,0.0,21:54:45
8.59,0.0,21:55:19
8.59,0.0,21:55:52
8.59,0.0,21:56:25
8.59,0.0,21:56:58
8.59,0.0,21:57:32
8.59,0.0,21:58:05
8.59,0.0,21:58:39
8.59,0.0,21:59:12
8.59,0.0,21:59:45
8.59,0.0,22:00:18
8.59,0.0,22:00:51
8.59,0.0,22:01:25
8.59,0.0,22:01:58
8.59,0.0,22:02:31
8.59,0.0,22:03:04
8.59,0.0,22:03:37
8.59,0.0,22:04:10
8.59,0.0,22:04:44
8.59,0.0,22:05:17
8.59,0.0,22:05:50
8.59,0.0,22:06:22
8.59,0.0,22:06:55
8.59,0.0,22:07:29
8.59,0.0,22:08:02
8.59,0.0,22:08:35
8.59,0.0,22:09:08
8.59,0.0,22:09:41
8.59,0.0,22:10:14
8.59,0.0,22:10:47
8.59,0.0,22:11:20
8.59,0.0,22:11:53
8.48,-1.28055879,22:12:26
8.48,0.0,22:12:59
8.48,0.0,22:13:32
8.48,0.0,22:14:05
8.59,1.29716981,22:14:38
8.59,0.0,22:15:11
8.59,0.0,22:15:45
8.59,0.0,22:16:18
8.59,0.0,22:16:52
8.59,0.0,22:17:25
8.59,0.0,22:17:58
8.59,0.0,22:18:32
8.59,0.0,22:19:05
8.59,0.0,22:19:39
8.59,0.0,22:20:12
8.59,0.0,22:20:45
8.59,0.0,22:21:18
8.59,0.0,22:21:55
8.59,0.0,22:22:28
8.59,0.0,22:23:02
8.59,0.0,22:23:34
8.59,0.0,22:24:08
8.59,0.0,22:24:41
8.59,0.0,22:25:15
8.59,0.0,22:25:48
8.59,0.0,22:26:21
8.59,0.0,22:26:54
8.58,-0.11641444,22:27:27
8.58,0.0,22:28:00
8.58,0.0,22:28:33
8.59,0.11655012,22:29:07
8.59,0.0,22:29:39
8.59,0.0,22:30:12
8.59,0.0,22:30:46
8.59,0.0,22:31:19
8.59,0.0,22:31:53
8.48,-1.28055879,22:32:26
8.48,0.0,22:32:59
8.48,0.0,22:33:32
8.48,0.0,22:34:04
8.48,0.0,22:34:38
8.48,0.0,22:35:11
8.48,0.0,22:35:45
8.48,0.0,22:36:18
8.48,0.0,22:36:51
8.48,0.0,22:37:24
8.48,0.0,22:37:57
8.48,0.0,22:38:30
8.48,0.0,22:39:03
8.48,0.0,22:39:36
8.48,0.0,22:40:09
8.48,0.0,22:40:42
8.48,0.0,22:41:15
8.48,0.0,22:41:49
8.59,1.29716981,22:42:22
8.59,0.0,22:42:55
8.59,0.0,22:43:28
8.59,0.0,22:44:01
8.59,0.0,22:44:34
8.59,0.0,22:45:07
8.59,0.0,22:45:41
8.59,0.0,22:46:13
8.49,-1.16414435,22:46:50
8.49,0.0,22:47:23
8.49,0.0,22:47:56
8.49,0.0,22:48:29
8.49,0.0,22:49:02
8.59,1.1778563,22:49:36
8.59,0.0,22:50:09
8.59,0.0,22:50:41
8.59,0.0,22:51:14
8.49,-1.16414435,22:51:47
8.49,0.0,22:52:20
8.49,0.0,22:52:53
8.49,0.0,22:53:27
8.5,0.11778563,22:53:59
8.5,0.0,22:54:32
8.5,0.0,22:55:06
8.5,0.0,22:55:39
8.59,1.05882353,22:56:13
8.59,0.0,22:56:46
8.59,0.0,22:57:19
8.59,0.0,22:57:52
8.59,0.0,22:58:25
8.59,0.0,22:58:58
8.59,0.0,22:59:31
8.59,0.0,23:00:04
8.59,0.0,23:00:38
8.59,0.0,23:01:11
8.59,0.0,23:01:43
8.59,0.0,23:02:17
8.59,0.0,23:02:50
8.59,0.0,23:03:23
8.59,0.0,23:03:57
8.59,0.0,23:04:30
8.5,-1.04772992,23:05:02
8.5,0.0,23:05:35
8.5,0.0,23:06:08
8.5,0.0,23:06:41
8.5,0.0,23:07:15
8.5,0.0,23:07:48
8.5,0.0,23:08:21
8.5,0.0,23:08:53
8.5,0.0,23:09:26
8.5,0.0,23:10:00
8.5,0.0,23:10:34
8.5,0.0,23:11:07
8.5,0.0,23:11:40
8.5,0.0,23:12:13
8.5,0.0,23:12:46
8.5,0.0,23:13:20
8.5,0.0,23:13:52
8.5,0.0,23:14:26
8.5,0.0,23:14:59
8.5,0.0,23:15:32
8.5,0.0,23:16:05
8.59,1.05882353,23:16:38
8.59,0.0,23:17:11
8.59,0.0,23:17:44
8.59,0.0,23:18:17
8.59,0.0,23:18:50
8.59,0.0,23:19:22
8.59,0.0,23:19:55
8.59,0.0,23:20:28
8.59,0.0,23:21:01
8.59,0.0,23:21:34
8.59,0.0,23:22:07
8.59,0.0,23:22:40
8.59,0.0,23:23:13
8.59,0.0,23:23:46
8.59,0.0,23:24:19
8.59,0.0,23:24:52
8.59,0.0,23:25:25
8.59,0.0,23:25:58
8.59,0.0,23:26:31
8.59,0.0,23:27:04
8.5,-1.04772992,23:27:37
8.5,0.0,23:28:10
8.59,1.05882353,23:28:43
8.59,0.0,23:29:16
8.59,0.0,23:29:49
8.59,0.0,23:30:22
8.59,0.0,23:30:55
8.59,0.0,23:31:28
8.59,0.0,23:32:01
8.59,0.0,23:32:34
8.59,0.0,23:33:07
8.59,0.0,23:33:40
8.59,0.0,23:34:13
8.59,0.0,23:34:47
8.59,0.0,23:35:20
8.5,-1.04772992,23:35:53
8.5,0.0,23:36:26
8.5,0.0,23:37:00
8.5,0.0,23:37:33
8.59,1.05882353,23:38:05
8.59,0.0,23:38:39
8.59,0.0,23:39:12
8.59,0.0,23:39:45
8.59,0.0,23:40:18
8.59,0.0,23:40:51
8.59,0.0,23:41:24
8.59,0.0,23:41:56
8.59,0.0,23:42:30
8.59,0.0,23:43:02
8.59,0.0,23:43:36
8.5,-1.04772992,23:44:09
8.5,0.0,23:44:42
8.5,0.0,23:45:15
8.5,0.0,23:45:48
8.5,0.0,23:46:20
8.5,0.0,23:46:53
8.5,0.0,23:47:26
8.5,0.0,23:47:59
8.5,0.0,23:48:32
8.5,0.0,23:49:05
8.5,0.0,23:49:38
8.5,0.0,23:50:11
8.59,1.05882353,23:50:45
8.59,0.0,23:51:18
8.59,0.0,23:51:51
8.59,0.0,23:52:24
8.59,0.0,23:52:57
8.59,0.0,23:53:30
8.59,0.0,23:54:03
8.59,0.0,23:54:36
8.59,0.0,23:55:09
8.59,0.0,23:55:42
8.5,-1.04772992,23:56:15
8.5,0.0,23:56:47
8.5,0.0,23:57:20
8.5,0.0,23:57:53
8.51,0.11764706,23:58:26
8.59,0.94007051,23:58:59
8.59,0.0,23:59:32
8.59,0.0,00:00:05
8.59,0.0,00:00:38
8.59,0.0,00:01:11
8.59,0.0,00:01:44
8.59,0.0,00:02:17
8.59,0.0,00:02:50
8.59,0.0,00:03:23
8.59,0.0,00:03:56
8.51,-0.93131548,00:04:29
8.59,0.94007051,00:05:02
8.59,0.0,00:05:35
8.59,0.0,00:06:08
8.59,0.0,00:06:41
8.59,0.0,00:07:14
8.59,0.0,00:07:46
8.59,0.0,00:08:20
8.59,0.0,00:08:52
8.59,0.0,00:09:26
8.59,0.0,00:09:59
8.59,0.0,00:10:33
8.59,0.0,00:11:05
8.59,0.0,00:11:39
8.59,0.0,00:12:11
8.59,0.0,00:12:44
8.59,0.0,00:13:18
8.59,0.0,00:13:52
8.59,0.0,00:14:25
8.59,0.0,00:14:57
8.59,0.0,00:15:31
8.59,0.0,00:16:04
8.59,0.0,00:16:37
8.59,0.0,00:17:11
8.59,0.0,00:17:43
8.59,0.0,00:18:16
8.59,0.0,00:18:49
8.59,0.0,00:19:22
8.59,0.0,00:19:55
8.59,0.0,00:20:28
8.6,0.11641444,00:21:02
8.6,0.0,00:21:34
8.6,0.0,00:22:07
8.6,0.0,00:22:41
8.6,0.0,00:23:14
8.6,0.0,00:23:47
8.6,0.0,00:24:21
8.6,0.0,00:24:53
8.6,0.0,00:25:26
8.6,0.0,00:26:00
8.6,0.0,00:26:33
8.6,0.0,00:27:05
8.6,0.0,00:27:39
8.6,0.0,00:28:12
8.6,0.0,00:28:45
8.6,0.0,00:29:18
8.6,0.0,00:29:51
8.6,0.0,00:30:24
8.6,0.0,00:30:58
8.6,0.0,00:31:31
8.6,0.0,00:32:04
8.6,0.0,00:32:37
8.6,0.0,00:33:10
8.6,0.0,00:33:43
8.6,0.0,00:34:16
8.6,0.0,00:34:49
8.53,-0.81395349,00:35:22
8.53,0.0,00:35:55
8.53,0.0,00:36:28
8.53,0.0,00:37:01
8.53,0.0,00:37:33
8.53,0.0,00:38:07
8.53,0.0,00:38:41
8.53,0.0,00:39:13
8.6,0.82063306,00:39:46
8.6,0.0,00:40:19
8.6,0.0,00:40:52
8.6,0.0,00:41:25
8.6,0.0,00:41:58
8.59,-0.11627907,00:42:32
8.59,0.0,00:43:04
8.53,-0.69848661,00:43:38
8.53,0.0,00:44:11
8.53,0.0,00:44:44
8.59,0.70339977,00:45:17
8.59,0.0,00:45:50
8.53,-0.69848661,00:46:23
8.59,0.70339977,00:46:55
8.59,0.0,00:47:29
8.59,0.0,00:48:02
8.59,0.0,00:48:35
8.59,0.0,00:49:07
8.59,0.0,00:49:41
8.59,0.0,00:50:13
8.59,0.0,00:50:46
8.59,0.0,00:51:20
8.59,0.0,00:51:52
8.59,0.0,00:52:25
8.59,0.0,00:52:58
8.59,0.0,00:53:31
8.59,0.0,00:54:04
8.59,0.0,00:54:37
8.59,0.0,00:55:10
8.59,0.0,00:55:44
8.59,0.0,00:56:17
8.59,0.0,00:56:50
8.59,0.0,00:57:22
8.59,0.0,00:57:55
8.59,0.0,00:58:28
8.59,0.0,00:59:05
8.6,0.11641444,00:59:38
8.6,0.0,01:00:11
8.6,0.0,01:00:43
8.6,0.0,01:01:16
8.6,0.0,01:01:49
8.6,0.0,01:02:22
8.6,0.0,01:02:54
8.6,0.0,01:03:27
8.6,0.0,01:04:01
8.6,0.0,01:04:33
8.6,0.0,01:05:06
8.6,0.0,01:05:40
8.6,0.0,01:06:12
8.6,0.0,01:06:45
8.6,0.0,01:07:18
8.6,0.0,01:07:51
8.6,0.0,01:08:24
8.56,-0.46511628,01:08:56
8.53,-0.35046729,01:09:29
8.53,0.0,01:10:02
8.61,0.93786635,01:10:35
8.61,0.0,01:11:08
8.61,0.0,01:11:41
8.61,0.0,01:12:14
8.61,0.0,01:12:47
8.61,0.0,01:13:20
8.61,0.0,01:13:53
8.61,0.0,01:14:26
8.61,0.0,01:14:59
8.61,0.0,01:15:32
8.61,0.0,01:16:05
8.61,0.0,01:16:38
8.61,0.0,01:17:11
8.61,0.0,01:17:44
8.61,0.0,01:18:18
8.61,0.0,01:18:51
8.61,0.0,01:19:24
8.61,0.0,01:19:56
8.61,0.0,01:20:30
8.61,0.0,01:21:02
8.61,0.0,01:21:36
8.61,0.0,01:22:09
8.61,0.0,01:22:42
8.55,-0.69686411,01:23:15
8.55,0.0,01:23:48
8.55,0.0,01:24:22
8.55,0.0,01:24:55
8.55,0.0,01:25:29
8.55,0.0,01:26:01
8.55,0.0,01:26:34
8.55,0.0,01:27:07
8.55,0.0,01:27:40
8.61,0.70175439,01:28:13
8.61,0.0,01:28:46
8.61,0.0,01:29:19
8.61,0.0,01:29:52
8.61,0.0,01:30:24
8.61,0.0,01:30:57
8.61,0.0,01:31:30
8.61,0.0,01:32:02
8.61,0.0,01:32:35
8.61,0.0,01:33:08
8.61,0.0,01:33:41
8.61,0.0,01:34:14
8.61,0.0,01:34:47
8.61,0.0,01:35:19
8.61,0.0,01:35:52
8.61,0.0,01:36:25
8.61,0.0,01:36:57
8.61,0.0,01:37:30
8.61,0.0,01:38:04
8.61,0.0,01:38:37
8.61,0.0,01:39:10
8.61,0.0,01:39:42
8.61,0.0,01:40:15
8.61,0.0,01:40:48
8.61,0.0,01:41:21
8.61,0.0,01:41:55
8.61,0.0,01:42:27
8.61,0.0,01:43:00
8.61,0.0,01:43:33
8.61,0.0,01:44:06
8.61,0.0,01:44:40
8.61,0.0,01:45:13
8.61,0.0,01:45:46
8.61,0.0,01:46:19
8.61,0.0,01:46:51
8.61,0.0,01:47:25
8.61,0.0,01:47:58
8.61,0.0,01:48:31
8.63,0.23228804,01:49:04
8.63,0.0,01:49:37
8.63,0.0,01:50:09
8.63,0.0,01:50:42
8.63,0.0,01:51:15
8.63,0.0,01:51:48
8.63,0.0,01:52:21
8.63,0.0,01:52:55
8.63,0.0,01:53:28
8.63,0.0,01:54:00
8.63,0.0,01:54:34
8.63,0.0,01:55:06
8.63,0.0,01:55:40
8.63,0.0,01:56:13
8.63,0.0,01:56:46
8.63,0.0,01:57:18
8.63,0.0,01:57:51
8.63,0.0,01:58:25
8.63,0.0,01:58:58
8.63,0.0,01:59:31
8.63,0.0,02:00:04
8.63,0.0,02:00:37
8.63,0.0,02:01:10
8.63,0.0,02:01:42
8.63,0.0,02:02:15
8.63,0.0,02:02:49
8.56,-0.81112399,02:03:22
8.56,0.0,02:03:54
8.56,0.0,02:04:27
8.56,0.0,02:05:00
8.56,0.0,02:05:33
8.56,0.0,02:06:06
8.56,0.0,02:06:40
8.56,0.0,02:07:13
8.56,0.0,02:07:45
8.56,0.0,02:08:18
8.56,0.0,02:08:51
8.56,0.0,02:09:24
8.56,0.0,02:09:57
8.56,0.0,02:10:30
8.56,0.0,02:11:03
8.56,0.0,02:11:36
8.56,0.0,02:12:08
8.56,0.0,02:12:41
8.56,0.0,02:13:14
8.56,0.0,02:13:47
8.56,0.0,02:14:20
8.56,0.0,02:14:53
8.56,0.0,02:15:26
8.56,0.0,02:15:59
8.56,0.0,02:16:31
8.56,0.0,02:17:04
8.56,0.0,02:17:37
8.56,0.0,02:18:10
8.56,0.0,02:18:43
8.56,0.0,02:19:16
8.56,0.0,02:19:49
8.56,0.0,02:20:22
8.56,0.0,02:20:55
8.56,0.0,02:21:28
8.56,0.0,02:22:01
8.56,0.0,02:22:35
8.56,0.0,02:23:07
8.56,0.0,02:23:40
8.56,0.0,02:24:13
8.56,0.0,02:24:45
8.56,0.0,02:25:18
8.56,0.0,02:25:51
8.56,0.0,02:26:24
8.56,0.0,02:26:57
8.56,0.0,02:27:30
8.56,0.0,02:28:02
8.56,0.0,02:28:35
8.56,0.0,02:29:08
8.56,0.0,02:29:41
8.56,0.0,02:30:14
8.56,0.0,02:30:47
8.56,0.0,02:31:20
8.56,0.0,02:31:52
8.56,0.0,02:32:25
8.56,0.0,02:32:58
8.56,0.0,02:33:31
8.56,0.0,02:34:04
8.63,0.81775701,02:34:37
8.63,0.0,02:35:10
8.63,0.0,02:35:42
8.63,0.0,02:36:15
8.63,0.0,02:36:48
8.64,0.11587486,02:37:21
8.64,0.0,02:37:54
8.64,0.0,02:38:27
8.64,0.0,02:38:59
8.64,0.0,02:39:32
8.64,0.0,02:40:05
8.64,0.0,02:40:38
8.64,0.0,02:41:11
8.64,0.0,02:41:44
8.64,0.0,02:42:16
8.64,0.0,02:42:49
8.64,0.0,02:43:22
8.64,0.0,02:43:54
8.64,0.0,02:44:28
8.64,0.0,02:45:00
8.64,0.0,02:45:33
8.64,0.0,02:46:06
8.64,0.0,02:46:39
8.64,0.0,02:47:12
8.65,0.11574074,02:47:45
8.65,0.0,02:48:18
8.65,0.0,02:48:51
8.65,0.0,02:49:24
8.66,0.11560694,02:49:57
8.66,0.0,02:50:30
8.66,0.0,02:51:03
8.66,0.0,02:51:36
8.66,0.0,02:52:09
8.66,0.0,02:52:41
8.66,0.0,02:53:14
8.66,0.0,02:53:48
8.66,0.0,02:54:20
8.66,0.0,02:54:53
8.66,0.0,02:55:26
8.66,0.0,02:55:59
8.66,0.0,02:56:32
8.66,0.0,02:57:04
8.66,0.0,02:57:38
8.66,0.0,02:58:10
8.66,0.0,02:58:43
8.66,0.0,02:59:16
8.66,0.0,02:59:49
8.66,0.0,03:00:22
8.66,0.0,03:00:55
8.66,0.0,03:01:28
8.66,0.0,03:02:01
8.66,0.0,03:02:34
8.66,0.0,03:03:06
8.66,0.0,03:03:39
8.66,0.0,03:04:12
8.66,0.0,03:04:45
8.66,0.0,03:05:17
8.66,0.0,03:05:50
8.66,0.0,03:06:23
8.66,0.0,03:06:56
8.66,0.0,03:07:28
8.66,0.0,03:08:02
8.66,0.0,03:08:34
8.66,0.0,03:09:07
8.66,0.0,03:09:40
8.66,0.0,03:10:13
8.66,0.0,03:10:49
8.66,0.0,03:11:22
8.66,0.0,03:11:55
8.66,0.0,03:12:28
8.66,0.0,03:13:01
8.66,0.0,03:13:34
8.66,0.0,03:14:06
8.66,0.0,03:14:40
8.66,0.0,03:15:13
8.66,0.0,03:15:46
8.66,0.0,03:16:19
8.66,0.0,03:16:52
8.66,0.0,03:17:25
8.66,0.0,03:17:58
8.66,0.0,03:18:31
8.66,0.0,03:19:04
8.64,-0.23094688,03:19:37
8.64,0.0,03:20:10
8.64,0.0,03:20:42
8.64,0.0,03:21:15
8.64,0.0,03:21:48
8.64,0.0,03:22:21
8.64,0.0,03:22:54
8.64,0.0,03:23:27
8.64,0.0,03:24:00
8.64,0.0,03:24:33
8.64,0.0,03:25:06
8.64,0.0,03:25:39
8.64,0.0,03:26:12
8.64,0.0,03:26:45
8.64,0.0,03:27:18
8.58,-0.69444444,03:27:51
8.58,0.0,03:28:23
8.58,0.0,03:28:56
8.58,0.0,03:29:29
8.58,0.0,03:30:03
8.58,0.0,03:30:36
8.58,0.0,03:31:09
8.58,0.0,03:31:42
8.58,0.0,03:32:15
8.58,0.0,03:32:48
8.58,0.0,03:33:20
8.58,0.0,03:33:54
8.58,0.0,03:34:27
8.58,0.0,03:35:00
8.58,0.0,03:35:33
8.58,0.0,03:36:06
8.58,0.0,03:36:39
8.58,0.0,03:37:12
8.66,0.93240093,03:37:45
8.66,0.0,03:38:18
8.66,0.0,03:38:51
8.66,0.0,03:39:24
8.55,-1.27020785,03:39:56
8.55,0.0,03:40:29
8.55,0.0,03:41:02
8.55,0.0,03:41:35
8.55,0.0,03:42:08
8.55,0.0,03:42:41
8.55,0.0,03:43:14
8.55,0.0,03:43:46
8.55,0.0,03:44:19
8.55,0.0,03:44:52
8.59,0.46783626,03:45:25
8.59,0.0,03:45:58
8.59,0.0,03:46:31
8.59,0.0,03:47:03
8.59,0.0,03:47:36
8.59,0.0,03:48:09
8.59,0.0,03:48:42
8.59,0.0,03:49:15
8.59,0.0,03:49:48
8.59,0.0,03:50:21
8.59,0.0,03:50:54
8.59,0.0,03:51:27
8.59,0.0,03:51:59
8.59,0.0,03:52:33
8.59,0.0,03:53:05
8.59,0.0,03:53:39
8.59,0.0,03:54:13
8.59,0.0,03:54:46
8.59,0.0,03:55:18
8.59,0.0,03:55:51
8.59,0.0,03:56:24
8.59,0.0,03:56:57
8.59,0.0,03:57:31
8.59,0.0,03:58:03
8.59,0.0,03:58:36
8.59,0.0,03:59:09
8.59,0.0,03:59:42
8.59,0.0,04:00:15
8.59,0.0,04:00:48
8.59,0.0,04:01:21
8.59,0.0,04:01:54
8.59,0.0,04:02:27
8.59,0.0,04:03:00
8.59,0.0,04:03:33
8.59,0.0,04:04:06
8.59,0.0,04:04:39
8.59,0.0,04:05:12
8.59,0.0,04:05:45
8.59,0.0,04:06:18
8.59,0.0,04:06:51
8.59,0.0,04:07:24
8.59,0.0,04:07:56
8.59,0.0,04:08:30
8.59,0.0,04:09:03
8.59,0.0,04:09:36
8.59,0.0,04:10:09
8.59,0.0,04:10:42
8.59,0.0,04:11:14
8.59,0.0,04:11:47
8.59,0.0,04:12:20
8.59,0.0,04:12:54
8.59,0.0,04:13:27
8.59,0.0,04:13:59
8.59,0.0,04:14:33
8.59,0.0,04:15:05
8.59,0.0,04:15:39
8.59,0.0,04:16:12
8.59,0.0,04:16:46
8.59,0.0,04:17:19
8.59,0.0,04:17:52
8.59,0.0,04:18:25
8.59,0.0,04:18:57
8.6,0.11641444,04:19:30
8.6,0.0,04:20:03
8.6,0.0,04:20:36
8.6,0.0,04:21:09
8.6,0.0,04:21:42
8.6,0.0,04:22:15
8.6,0.0,04:22:48
8.56,-0.46511628,04:23:21
8.56,0.0,04:23:54
8.56,0.0,04:24:27
8.56,0.0,04:25:00
8.56,0.0,04:25:33
8.56,0.0,04:26:06
8.56,0.0,04:26:39
8.56,0.0,04:27:12
8.56,0.0,04:27:46
8.56,0.0,04:28:19
8.56,0.0,04:28:52
8.56,0.0,04:29:24
8.56,0.0,04:29:57
8.56,0.0,04:30:30
8.56,0.0,04:31:03
8.56,0.0,04:31:36
8.56,0.0,04:32:09
8.56,0.0,04:32:42
8.56,0.0,04:33:15
8.56,0.0,04:33:48
8.56,0.0,04:34:21
8.56,0.0,04:34:54
8.56,0.0,04:35:27
8.56,0.0,04:36:00
8.56,0.0,04:36:32
8.56,0.0,04:37:05
8.56,0.0,04:37:38
8.56,0.0,04:38:11
8.56,0.0,04:38:45
8.56,0.0,04:39:17
8.56,0.0,04:39:50
8.56,0.0,04:40:23
8.56,0.0,04:40:56
8.56,0.0,04:41:28
8.56,0.0,04:42:02
8.56,0.0,04:42:35
8.56,0.0,04:43:08
8.56,0.0,04:43:41
8.56,0.0,04:44:14
8.56,0.0,04:44:47
8.56,0.0,04:45:20
8.56,0.0,04:45:53
8.56,0.0,04:46:26
8.56,0.0,04:46:59
8.56,0.0,04:47:32
8.56,0.0,04:48:04
8.56,0.0,04:48:37
8.56,0.0,04:49:10
8.56,0.0,04:49:44
8.56,0.0,04:50:16
8.56,0.0,04:50:49
8.56,0.0,04:51:22
8.56,0.0,04:51:56
8.6,0.46728972,04:52:28
8.6,0.0,04:53:01
8.6,0.0,04:53:35
8.6,0.0,04:54:08
8.6,0.0,04:54:41
8.6,0.0,04:55:14
8.6,0.0,04:55:47
8.6,0.0,04:56:19
8.6,0.0,04:56:53
8.6,0.0,04:57:25
8.6,0.0,04:57:59
8.6,0.0,04:58:32
8.6,0.0,04:59:05
8.6,0.0,04:59:38
8.6,0.0,05:00:11
8.6,0.0,05:00:44
8.6,0.0,05:01:17
8.6,0.0,05:01:50
8.58,-0.23255814,05:02:23
8.58,0.0,05:02:56
8.58,0.0,05:03:29
8.58,0.0,05:04:01
8.58,0.0,05:04:35
8.58,0.0,05:05:08
8.58,0.0,05:05:41
8.58,0.0,05:06:15
8.58,0.0,05:06:47
8.58,0.0,05:07:20
8.58,0.0,05:07:53
8.58,0.0,05:08:27
8.58,0.0,05:08:59
8.58,0.0,05:09:32
8.58,0.0,05:10:05
8.58,0.0,05:10:38
8.58,0.0,05:11:11
8.58,0.0,05:11:44
8.58,0.0,05:12:17
8.58,0.0,05:12:51
8.58,0.0,05:13:24
8.58,0.0,05:13:57
8.58,0.0,05:14:30
8.58,0.0,05:15:02
8.58,0.0,05:15:36
8.58,0.0,05:16:09
8.58,0.0,05:16:42
8.58,0.0,05:17:15
8.58,0.0,05:17:48
8.58,0.0,05:18:21
8.58,0.0,05:18:54
8.58,0.0,05:19:27
8.58,0.0,05:19:59
8.58,0.0,05:20:33
8.58,0.0,05:21:06
8.58,0.0,05:21:39
8.58,0.0,05:22:12
8.58,0.0,05:22:49
8.58,0.0,05:23:22
8.58,0.0,05:23:54
8.58,0.0,05:24:27
8.58,0.0,05:25:00
8.58,0.0,05:25:33
8.66,0.93240093,05:26:05
8.66,0.0,05:26:39
8.66,0.0,05:27:12
8.66,0.0,05:27:45
8.58,-0.92378753,05:28:17
8.58,0.0,05:28:50
8.58,0.0,05:29:23
8.58,0.0,05:29:56
8.58,0.0,05:30:29
8.58,0.0,05:31:02
8.58,0.0,05:31:35
8.58,0.0,05:32:07
8.58,0.0,05:32:40
8.58,0.0,05:33:13
8.58,0.0,05:33:47
8.58,0.0,05:34:19
8.58,0.0,05:34:53
8.58,0.0,05:35:25
8.58,0.0,05:35:58
8.58,0.0,05:36:31
8.58,0.0,05:37:04
8.58,0.0,05:37:36
8.58,0.0,05:38:10
8.58,0.0,05:38:43
8.58,0.0,05:39:16
8.58,0.0,05:39:48
8.58,0.0,05:40:21
8.58,0.0,05:40:54
8.58,0.0,05:41:27
8.58,0.0,05:42:00
8.58,0.0,05:42:33
8.58,0.0,05:43:06
8.58,0.0,05:43:39
8.58,0.0,05:44:12
8.58,0.0,05:44:46
8.58,0.0,05:45:19
8.58,0.0,05:45:52
8.58,0.0,05:46:25
8.58,0.0,05:46:57
8.58,0.0,05:47:30
8.58,0.0,05:48:03
8.58,0.0,05:48:36
8.58,0.0,05:49:09
8.58,0.0,05:49:43
8.58,0.0,05:50:15
8.58,0.0,05:50:48
8.58,0.0,05:51:21
8.58,0.0,05:51:54
8.58,0.0,05:52:26
8.58,0.0,05:53:00
8.58,0.0,05:53:33
8.58,0.0,05:54:06
8.58,0.0,05:54:39
8.58,0.0,05:55:12
8.58,0.0,05:55:44
8.58,0.0,05:56:17
8.58,0.0,05:56:51
8.58,0.0,05:57:23
8.58,0.0,05:57:57
8.58,0.0,05:58:29
8.58,0.0,05:59:02
8.58,0.0,05:59:35
8.58,0.0,06:00:07
8.58,0.0,06:00:40
8.58,0.0,06:01:13
8.58,0.0,06:01:46
8.58,0.0,06:02:19
8.58,0.0,06:02:52
8.58,0.0,06:03:24
8.58,0.0,06:03:57
8.58,0.0,06:04:30
8.58,0.0,06:05:03
8.58,0.0,06:05:36
8.58,0.0,06:06:09
8.58,0.0,06:06:42
8.58,0.0,06:07:14
8.58,0.0,06:07:47
8.58,0.0,06:08:20
8.58,0.0,06:08:52
8.65,0.81585082,06:09:25
8.65,0.0,06:09:58
8.65,0.0,06:10:31
8.65,0.0,06:11:03
8.65,0.0,06:11:37
8.65,0.0,06:12:09
8.59,-0.69364162,06:12:43
8.59,0.0,06:13:16
8.59,0.0,06:13:49
8.59,0.0,06:14:21
8.59,0.0,06:14:54
8.59,0.0,06:15:28
8.59,0.0,06:16:01
8.59,0.0,06:16:34
8.59,0.0,06:17:07
8.59,0.0,06:17:40
8.59,0.0,06:18:13
8.59,0.0,06:18:46
8.59,0.0,06:19:19
8.59,0.0,06:19:52
8.67,0.93131548,06:20:24
8.67,0.0,06:20:57
8.67,0.0,06:21:30
8.67,0.0,06:22:03
8.67,0.0,06:22:35
8.67,0.0,06:23:08
8.67,0.0,06:23:41
8.67,0.0,06:24:14
8.67,0.0,06:24:47
8.67,0.0,06:25:19
8.67,0.0,06:25:53
8.67,0.0,06:26:26
8.68,0.11534025,06:26:58
8.68,0.0,06:27:32
8.68,0.0,06:28:05
8.68,0.0,06:28:39
8.68,0.0,06:29:12
8.62,-0.69124424,06:29:44
8.62,0.0,06:30:18
8.62,0.0,06:30:51
8.62,0.0,06:31:24
8.62,0.0,06:31:57
8.62,0.0,06:32:31
8.62,0.0,06:33:04
8.62,0.0,06:33:37
8.62,0.0,06:34:10
8.62,0.0,06:34:43
8.62,0.0,06:35:16
8.62,0.0,06:35:48
8.62,0.0,06:36:22
8.62,0.0,06:36:55
8.62,0.0,06:37:27
8.62,0.0,06:38:00
8.62,0.0,06:38:34
8.62,0.0,06:39:07
8.62,0.0,06:39:41
8.62,0.0,06:40:13
8.62,0.0,06:40:47
8.62,0.0,06:41:19
8.62,0.0,06:41:53
8.62,0.0,06:42:26
8.62,0.0,06:42:58
8.62,0.0,06:43:31
8.62,0.0,06:44:04
8.62,0.0,06:44:37
8.62,0.0,06:45:10
8.62,0.0,06:45:44
8.62,0.0,06:46:16
8.62,0.0,06:46:49
8.62,0.0,06:47:22
8.62,0.0,06:47:55
8.62,0.0,06:48:28
8.62,0.0,06:49:01
8.62,0.0,06:49:34
8.62,0.0,06:50:07
8.63,0.11600928,06:50:41
8.63,0.0,06:51:14
8.68,0.57937428,06:51:47
8.68,0.0,06:52:20
8.68,0.0,06:52:53
8.68,0.0,06:53:26
                   