eth_mxn,Porcentage,Time
4800.05,0.0,00:01:07
4859.31,1.23457047,00:01:40
4859.31,0.0,00:02:14
4859.31,0.0,00:02:48
4859.31,0.0,00:03:21
4859.31,0.0,00:03:54
4859.31,0.0,00:04:28
4859.31,0.0,00:05:01
4859.31,0.0,00:05:35
4859.31,0.0,00:06:08
4859.31,0.0,00:06:41
4859.31,0.0,00:07:15
4859.31,0.0,00:07:48
4859.31,0.0,00:08:21
4859.31,0.0,00:08:55
4859.31,0.0,00:09:28
4859.31,0.0,00:10:02
4859.31,0.0,00:10:35
4854.04,-0.10845161,00:11:08
4854.04,0.0,00:11:42
4854.04,0.0,00:12:15
4853.94,-0.00206014,00:12:48
4853.94,0.0,00:13:22
4853.94,0.0,00:13:55
4853.94,0.0,00:14:28
4853.94,0.0,00:15:02
4853.94,0.0,00:15:36
4800.1,-1.10920201,00:16:09
4800.1,0.0,00:16:43
4800.1,0.0,00:17:17
4800.1,0.0,00:17:50
4800.1,0.0,00:18:24
4800.1,0.0,00:18:58
4800.1,0.0,00:19:32
4800.1,0.0,00:20:05
4800.1,0.0,00:20:39
4856.66,1.17830879,00:21:12
4856.66,0.0,00:21:46
4856.66,0.0,00:22:20
4856.66,0.0,00:22:54
4856.66,0.0,00:23:27
4856.66,0.0,00:24:00
4856.66,0.0,00:24:34
4856.66,0.0,00:25:07
4870.17,0.27817471,00:25:41
4870.17,0.0,00:26:14
4870.17,0.0,00:26:48
4870.17,0.0,00:27:21
4870.17,0.0,00:27:54
4870.17,0.0,00:28:28
4802.74,-1.38455126,00:29:01
4802.74,0.0,00:29:34
4802.74,0.0,00:30:08
4802.74,0.0,00:30:41
4802.74,0.0,00:31:14
4802.74,0.0,00:31:48
4802.74,0.0,00:32:21
4802.74,0.0,00:32:54
4802.74,0.0,00:33:27
4802.74,0.0,00:34:00
4802.74,0.0,00:34:33
4867.44,1.34714767,00:35:06
4867.44,0.0,00:35:39
4867.47,0.00061634,00:36:13
4867.47,0.0,00:36:46
4867.47,0.0,00:37:19
4867.47,0.0,00:37:52
4867.47,0.0,00:38:26
4867.47,0.0,00:38:59
4867.47,0.0,00:39:32
4867.47,0.0,00:40:05
4867.47,0.0,00:40:39
4867.47,0.0,00:41:12
4867.47,0.0,00:41:45
4867.47,0.0,00:42:18
4867.47,0.0,00:42:52
4864.77,-0.0554703,00:43:25
4864.77,0.0,00:43:58
4864.77,0.0,00:44:31
4864.77,0.0,00:45:04
4853.9,-0.22344325,00:45:37
4853.9,0.0,00:46:11
4853.9,0.0,00:46:44
4853.9,0.0,00:47:17
4853.9,0.0,00:47:50
4853.9,0.0,00:48:23
4853.9,0.0,00:48:57
4853.9,0.0,00:49:30
4853.9,0.0,00:50:03
4853.9,0.0,00:50:37
4853.9,0.0,00:51:10
4853.9,0.0,00:51:43
4884.99,0.64051587,00:52:16
4884.99,0.0,00:52:49
4884.99,0.0,00:53:22
4884.99,0.0,00:53:55
4884.99,0.0,00:54:28
4884.99,0.0,00:55:02
4884.99,0.0,00:55:35
4884.99,0.0,00:56:08
4884.99,0.0,00:56:42
4884.99,0.0,00:57:15
4860.1,-0.50951998,00:57:49
4860.1,0.0,00:58:22
4860.1,0.0,00:58:55
4860.1,0.0,00:59:28
4862.8,0.05555441,01:00:01
4862.8,0.0,01:00:34
4862.8,0.0,01:01:08
4862.8,0.0,01:01:41
4862.8,0.0,01:02:13
4862.8,0.0,01:02:47
4862.8,0.0,01:03:20
4862.8,0.0,01:03:53
4862.8,0.0,01:04:26
4862.8,0.0,01:05:00
4862.8,0.0,01:05:33
4862.8,0.0,01:06:07
4867.96,0.10611171,01:06:40
4867.96,0.0,01:07:14
4867.91,-0.00102712,01:07:47
4867.91,0.0,01:08:20
4867.91,0.0,01:08:53
4867.81,-0.00205427,01:09:27
4867.81,0.0,01:10:00
4867.81,0.0,01:10:34
4867.81,0.0,01:11:07
4867.81,0.0,01:11:40
4803.18,-1.32770178,01:12:13
4803.18,0.0,01:12:47
4803.18,0.0,01:13:20
4803.18,0.0,01:13:53
4803.18,0.0,01:14:27
4803.18,0.0,01:15:00
4803.18,0.0,01:15:33
4803.18,0.0,01:16:06
4804.38,0.02498345,01:16:39
4804.38,0.0,01:17:13
4804.38,0.0,01:17:46
4804.38,0.0,01:18:19
4804.38,0.0,01:18:53
4804.38,0.0,01:19:26
4804.38,0.0,01:19:59
4804.38,0.0,01:20:32
4804.38,0.0,01:21:06
4804.38,0.0,01:21:39
4804.38,0.0,01:22:12
4804.38,0.0,01:22:46
4846.13,0.86899871,01:23:20
4846.13,0.0,01:23:52
4846.13,0.0,01:24:26
4846.13,0.0,01:24:59
4801.22,-0.92671885,01:25:32
4801.22,0.0,01:26:05
4801.22,0.0,01:26:39
4801.22,0.0,01:27:11
4801.22,0.0,01:27:45
4801.22,0.0,01:28:18
4801.22,0.0,01:28:51
4801.22,0.0,01:29:23
4801.22,0.0,01:29:57
4801.22,0.0,01:30:30
4801.22,0.0,01:31:03
4801.22,0.0,01:31:37
4801.22,0.0,01:32:10
4801.22,0.0,01:32:43
4801.22,0.0,01:33:16
4845.88,0.93018025,01:33:49
4845.88,0.0,01:34:22
4862.5,0.34297176,01:34:55
4862.5,0.0,01:35:28
4862.5,0.0,01:36:01
4862.5,0.0,01:36:33
4862.5,0.0,01:37:07
4862.5,0.0,01:37:40
4862.5,0.0,01:38:13
4862.5,0.0,01:38:46
4862.5,0.0,01:39:20
4862.5,0.0,01:39:53
4862.5,0.0,01:40:26
4862.5,0.0,01:41:00
4862.5,0.0,01:41:33
4862.5,0.0,01:42:06
4862.5,0.0,01:42:40
4862.5,0.0,01:43:13
4862.5,0.0,01:43:47
4862.5,0.0,01:44:21
4862.5,0.0,01:44:54
4862.5,0.0,01:45:28
4862.5,0.0,01:46:01
4862.5,0.0,01:46:34
4862.5,0.0,01:47:07
4800.6,-1.27300771,01:47:41
4800.6,0.0,01:48:14
4800.6,0.0,01:48:48
4800.6,0.0,01:49:21
4800.6,0.0,01:49:54
4800.6,0.0,01:50:27
4800.6,0.0,01:51:01
4800.6,0.0,01:51:35
4800.6,0.0,01:52:08
4800.6,0.0,01:52:41
4800.6,0.0,01:53:14
4800.6,0.0,01:53:47
4800.6,0.0,01:54:21
4800.6,0.0,01:54:54
4800.6,0.0,01:55:27
4800.6,0.0,01:56:01
4800.6,0.0,01:56:34
4800.6,0.0,01:57:06
4800.6,0.0,01:57:40
4800.6,0.0,01:58:13
4800.6,0.0,01:58:46
4867.91,1.4021164,01:59:19
4867.91,0.0,01:59:54
4867.91,0.0,02:00:27
4867.91,0.0,02:01:01
4867.91,0.0,02:01:34
4867.91,0.0,02:02:08
4867.91,0.0,02:02:41
4867.91,0.0,02:03:15
4867.91,0.0,02:03:48
4867.91,0.0,02:04:21
4867.91,0.0,02:04:54
4867.91,0.0,02:05:28
4867.91,0.0,02:06:01
4867.91,0.0,02:06:34
4867.91,0.0,02:07:08
4867.91,0.0,02:07:42
4867.91,0.0,02:08:15
4867.91,0.0,02:08:48
4867.91,0.0,02:09:22
4867.91,0.0,02:09:55
4867.91,0.0,02:10:28
4867.91,0.0,02:11:02
4867.91,0.0,02:11:34
4867.91,0.0,02:12:08
4867.91,0.0,02:12:41
4867.91,0.0,02:13:15
4867.91,0.0,02:13:48
4867.91,0.0,02:14:25
4867.91,0.0,02:14:59
4867.91,0.0,02:15:32
4867.91,0.0,02:16:05
4867.91,0.0,02:16:38
4867.91,0.0,02:17:12
4867.91,0.0,02:17:45
4867.91,0.0,02:18:18
4867.91,0.0,02:18:51
4867.91,0.0,02:19:24
4867.91,0.0,02:19:57
4867.91,0.0,02:20:31
4867.91,0.0,02:21:04
4867.91,0.0,02:21:37
4867.91,0.0,02:22:11
4867.91,0.0,02:22:44
4867.91,0.0,02:23:17
4867.91,0.0,02:23:51
4867.91,0.0,02:24:24
4867.91,0.0,02:24:58
4867.91,0.0,02:25:31
4867.91,0.0,02:26:04
4867.91,0.0,02:26:37
4867.91,0.0,02:27:10
4867.91,0.0,02:27:44
4867.91,0.0,02:28:17
4867.91,0.0,02:28:50
4867.91,0.0,02:29:24
4867.91,0.0,02:29:57
4867.91,0.0,02:30:30
4867.91,0.0,02:31:04
4820.04,-0.9833789,02:31:37
4820.04,0.0,02:32:10
4820.04,0.0,02:32:43
4820.04,0.0,02:33:17
4820.04,0.0,02:33:50
4888.99,1.43048605,02:34:23
4888.99,0.0,02:34:56
4888.99,0.0,02:35:30
4888.99,0.0,02:36:03
4888.99,0.0,02:36:37
4888.99,0.0,02:37:10
4888.99,0.0,02:37:42
4888.99,0.0,02:38:16
4888.99,0.0,02:38:49
4888.99,0.0,02:39:22
4888.99,0.0,02:39:56
4888.99,0.0,02:40:29
4888.99,0.0,02:41:03
4888.99,0.0,02:41:36
4888.99,0.0,02:42:09
4888.99,0.0,02:42:42
4946.99,1.1863391,02:43:16
4946.99,0.0,02:43:49
4946.99,0.0,02:44:22
4946.99,0.0,02:44:55
4946.99,0.0,02:45:29
4946.99,0.0,02:46:02
4946.99,0.0,02:46:36
4946.99,0.0,02:47:09
4946.99,0.0,02:47:42
4946.99,0.0,02:48:15
4946.99,0.0,02:48:49
4946.99,0.0,02:49:22
4946.99,0.0,02:49:55
4946.99,0.0,02:50:29
4946.99,0.0,02:51:02
4946.99,0.0,02:51:35
4946.99,0.0,02:52:08
4946.99,0.0,02:52:42
4946.99,0.0,02:53:15
4946.99,0.0,02:53:48
4946.99,0.0,02:54:21
4946.95,-0.00080857,02:54:54
4946.95,0.0,02:55:27
4946.95,0.0,02:56:01
4946.95,0.0,02:56:34
4946.95,0.0,02:57:07
4946.95,0.0,02:57:40
4946.95,0.0,02:58:14
4946.95,0.0,02:58:47
4946.95,0.0,02:59:20
4946.95,0.0,02:59:53
4946.95,0.0,03:00:26
4946.95,0.0,03:00:59
4946.95,0.0,03:01:32
4946.95,0.0,03:02:05
4946.95,0.0,03:02:39
4946.95,0.0,03:03:12
4946.95,0.0,03:03:46
4946.95,0.0,03:04:19
4946.95,0.0,03:04:53
4946.95,0.0,03:05:26
4946.95,0.0,03:05:58
4946.95,0.0,03:06:31
4946.95,0.0,03:07:05
4946.95,0.0,03:07:38
4946.95,0.0,03:08:11
4946.95,0.0,03:08:44
4946.95,0.0,03:09:17
4946.95,0.0,03:09:50
4946.95,0.0,03:10:23
4946.95,0.0,03:10:57
4946.95,0.0,03:11:30
4946.95,0.0,03:12:04
4946.95,0.0,03:12:37
4946.95,0.0,03:13:10
4946.95,0.0,03:13:44
4946.95,0.0,03:14:17
4946.95,0.0,03:14:50
4946.95,0.0,03:15:24
4946.95,0.0,03:15:57
4946.95,0.0,03:16:29
4946.95,0.0,03:17:02
4946.95,0.0,03:17:35
4946.95,0.0,03:18:09
4946.95,0.0,03:18:42
4946.95,0.0,03:19:15
4946.95,0.0,03:19:49
4946.95,0.0,03:20:22
4946.95,0.0,03:20:55
4946.95,0.0,03:21:27
4946.95,0.0,03:22:01
4946.95,0.0,03:22:34
4946.95,0.0,03:23:07
4946.95,0.0,03:23:40
4946.95,0.0,03:24:14
4946.95,0.0,03:24:47
4946.95,0.0,03:25:20
4946.95,0.0,03:25:54
4946.95,0.0,03:26:27
4946.95,0.0,03:27:00
4946.95,0.0,03:27:33
4946.95,0.0,03:28:07
4946.95,0.0,03:28:40
4946.95,0.0,03:29:13
4946.95,0.0,03:29:46
4946.95,0.0,03:30:19
4946.95,0.0,03:30:52
4946.95,0.0,03:31:25
4946.95,0.0,03:31:59
4946.95,0.0,03:32:32
4946.95,0.0,03:33:05
4946.95,0.0,03:33:39
4946.95,0.0,03:34:11
4946.95,0.0,03:34:45
4946.95,0.0,03:35:18
4946.95,0.0,03:35:52
4946.95,0.0,03:36:25
4937.94,-0.18213243,03:36:59
4937.94,0.0,03:37:32
4937.94,0.0,03:38:06
4937.94,0.0,03:38:39
4937.94,0.0,03:39:12
4937.94,0.0,03:39:46
4937.94,0.0,03:40:19
4937.94,0.0,03:40:51
4937.94,0.0,03:41:24
4937.94,0.0,03:41:57
4937.94,0.0,03:42:31
4937.94,0.0,03:43:04
4937.94,0.0,03:43:37
4937.94,0.0,03:44:10
4937.94,0.0,03:44:43
4937.94,0.0,03:45:16
4937.94,0.0,03:45:49
4937.94,0.0,03:46:23
4937.94,0.0,03:46:56
4937.94,0.0,03:47:30
4937.94,0.0,03:48:03
4937.94,0.0,03:48:35
4937.94,0.0,03:49:08
4937.94,0.0,03:49:42
4937.94,0.0,03:50:15
4937.94,0.0,03:50:49
4937.94,0.0,03:51:23
4937.94,0.0,03:51:56
4937.94,0.0,03:52:28
4937.94,0.0,03:53:02
4937.94,0.0,03:53:36
4937.94,0.0,03:54:09
4937.94,0.0,03:54:42
4942.58,0.09396631,03:55:15
4942.58,0.0,03:55:50
4942.26,-0.00647435,03:56:23
4942.26,0.0,03:56:57
4942.26,0.0,03:57:30
4942.26,0.0,03:58:03
4942.26,0.0,03:58:37
4942.26,0.0,03:59:10
4942.26,0.0,03:59:44
4942.26,0.0,04:00:17
4942.26,0.0,04:00:50
4942.26,0.0,04:01:23
4942.26,0.0,04:01:56
4942.26,0.0,04:02:30
4942.26,0.0,04:03:03
4942.26,0.0,04:03:36
4942.26,0.0,04:04:09
4942.26,0.0,04:04:43
4942.26,0.0,04:05:17
4942.26,0.0,04:05:50
4942.26,0.0,04:06:23
4942.26,0.0,04:06:57
4942.26,0.0,04:07:30
4942.26,0.0,04:08:04
4942.26,0.0,04:08:37
4942.26,0.0,04:09:11
4942.26,0.0,04:09:44
4942.26,0.0,04:10:17
4942.26,0.0,04:10:51
4942.26,0.0,04:11:24
4942.26,0.0,04:11:58
4942.26,0.0,04:12:31
4942.26,0.0,04:13:05
4942.26,0.0,04:13:38
4942.26,0.0,04:14:12
4942.26,0.0,04:14:45
4942.26,0.0,04:15:19
4942.26,0.0,04:15:52
4942.26,0.0,04:16:26
4942.26,0.0,04:16:59
4942.26,0.0,04:17:32
4942.26,0.0,04:18:06
4942.26,0.0,04:18:39
4942.26,0.0,04:19:13
4942.26,0.0,04:19:46
4942.26,0.0,04:20:19
4942.26,0.0,04:20:53
4942.26,0.0,04:21:26
4942.26,0.0,04:21:59
4942.26,0.0,04:22:32
4942.26,0.0,04:23:05
4850.06,-1.86554329,04:23:38
4850.06,0.0,04:24:12
4850.06,0.0,04:24:45
4850.06,0.0,04:25:19
4850.06,0.0,04:25:52
4850.06,0.0,04:26:25
4850.06,0.0,04:26:59
4850.06,0.0,04:27:38
4850.06,0.0,04:28:12
4850.06,0.0,04:28:45
4850.06,0.0,04:29:18
4850.06,0.0,04:29:51
4850.06,0.0,04:30:25
4850.06,0.0,04:30:58
4850.06,0.0,04:31:31
4850.06,0.0,04:32:05
4850.06,0.0,04:32:38
4850.06,0.0,04:33:11
4850.06,0.0,04:33:44
4850.06,0.0,04:34:18
4850.06,0.0,04:34:51
4850.06,0.0,04:35:24
4850.06,0.0,04:35:57
4850.06,0.0,04:36:30
4850.06,0.0,04:37:03
4850.06,0.0,04:37:36
4850.06,0.0,04:38:09
4850.06,0.0,04:38:42
4850.06,0.0,04:39:15
4850.06,0.0,04:39:49
4850.06,0.0,04:40:22
4850.06,0.0,04:40:55
4850.06,0.0,04:41:28
4850.06,0.0,04:42:02
4850.06,0.0,04:42:35
4850.06,0.0,04:43:09
4850.06,0.0,04:43:42
4850.06,0.0,04:44:15
4850.06,0.0,04:44:49
4850.06,0.0,04:45:22
4850.06,0.0,04:45:56
4850.06,0.0,04:46:29
4850.06,0.0,04:47:03
4850.06,0.0,04:47:36
4850.06,0.0,04:48:10
4850.06,0.0,04:48:43
4850.06,0.0,04:49:17
4850.06,0.0,04:49:50
4850.06,0.0,04:50:24
4850.06,0.0,04:50:57
4945.88,1.97564566,04:51:31
4945.88,0.0,04:52:04
4945.88,0.0,04:52:38
4945.88,0.0,04:53:12
4945.88,0.0,04:53:45
4945.88,0.0,04:54:19
4945.88,0.0,04:54:52
4945.88,0.0,04:55:26
4945.88,0.0,04:55:59
4945.88,0.0,04:56:33
4945.88,0.0,04:57:06
4945.88,0.0,04:57:40
4945.88,0.0,04:58:13
4945.88,0.0,04:58:47
4945.88,0.0,04:59:20
4945.88,0.0,04:59:54
4945.88,0.0,05:00:27
4945.88,0.0,05:01:01
4945.88,0.0,05:01:34
4945.88,0.0,05:02:07
4945.88,0.0,05:02:40
4941.92,-0.08006664,05:03:14
4941.92,0.0,05:03:47
4941.92,0.0,05:04:21
4941.92,0.0,05:04:54
4941.92,0.0,05:05:27
4941.92,0.0,05:06:00
4941.92,0.0,05:06:33
4941.92,0.0,05:07:06
4941.92,0.0,05:07:40
4941.92,0.0,05:08:13
4941.92,0.0,05:08:47
4941.92,0.0,05:09:20
4941.92,0.0,05:09:52
4941.92,0.0,05:10:26
4941.92,0.0,05:10:59
4941.92,0.0,05:11:32
4941.92,0.0,05:12:05
4941.92,0.0,05:12:39
4941.92,0.0,05:13:12
4941.92,0.0,05:13:45
4941.92,0.0,05:14:18
4941.92,0.0,05:14:51
4862.13,-1.61455467,05:15:24
4862.13,0.0,05:15:57
4862.13,0.0,05:16:31
4862.13,0.0,05:17:04
4862.13,0.0,05:17:38
4862.13,0.0,05:18:10
4862.13,0.0,05:18:43
4862.13,0.0,05:19:17
4862.13,0.0,05:19:50
4862.13,0.0,05:20:23
4862.13,0.0,05:20:57
4862.13,0.0,05:21:30
4862.13,0.0,05:22:03
4862.13,0.0,05:22:37
4862.13,0.0,05:23:10
4862.13,0.0,05:23:44
4862.13,0.0,05:24:17
4862.13,0.0,05:24:50
4862.13,0.0,05:25:24
4862.13,0.0,05:25:57
4862.13,0.0,05:26:31
4862.13,0.0,05:27:04
4862.13,0.0,05:27:38
4862.13,0.0,05:28:11
4941.92,1.64105032,05:28:45
4941.92,0.0,05:29:18
4941.92,0.0,05:29:51
4941.92,0.0,05:30:24
4946.65,0.09571179,05:30:58
4946.65,0.0,05:31:31
4946.65,0.0,05:32:05
4946.65,0.0,05:32:38
4946.65,0.0,05:33:12
4946.65,0.0,05:33:45
4946.65,0.0,05:34:18
4946.65,0.0,05:34:52
4946.65,0.0,05:35:25
4946.65,0.0,05:35:59
4946.65,0.0,05:36:32
4946.65,0.0,05:37:06
4946.65,0.0,05:37:39
4946.97,0.00646902,05:38:13
4946.97,0.0,05:38:46
4946.97,0.0,05:39:20
4946.97,0.0,05:39:53
4946.97,0.0,05:40:27
4946.97,0.0,05:41:00
4946.97,0.0,05:41:34
4946.97,0.0,05:42:07
4946.97,0.0,05:42:41
4946.97,0.0,05:43:15
4946.97,0.0,05:43:48
4946.97,0.0,05:44:21
4946.97,0.0,05:44:55
4946.97,0.0,05:45:28
4946.97,0.0,05:46:02
4946.97,0.0,05:46:35
4946.97,0.0,05:47:08
4946.97,0.0,05:47:42
4946.97,0.0,05:48:15
4946.72,-0.0050536,05:48:49
4946.72,0.0,05:49:22
4946.72,0.0,05:49:56
4946.72,0.0,05:50:29
4946.72,0.0,05:51:03
4946.72,0.0,05:51:36
4946.72,0.0,05:52:10
4946.72,0.0,05:52:43
4946.72,0.0,05:53:17
4946.72,0.0,05:53:50
4946.72,0.0,05:54:24
4946.72,0.0,05:54:57
4946.72,0.0,05:55:31
4945.87,-0.0171831,05:56:04
4945.87,0.0,05:56:38
4945.87,0.0,05:57:11
4945.87,0.0,05:57:45
4945.87,0.0,05:58:18
4945.87,0.0,05:58:52
4945.87,0.0,05:59:25
4945.87,0.0,05:59:59
4945.87,0.0,06:00:32
4945.87,0.0,06:01:05
4945.87,0.0,06:01:38
4945.87,0.0,06:02:12
4945.87,0.0,06:02:46
4945.87,0.0,06:03:19
4945.87,0.0,06:03:53
4945.87,0.0,06:04:26
4945.87,0.0,06:05:00
4945.87,0.0,06:05:34
4945.87,0.0,06:06:07
4945.87,0.0,06:06:41
4945.87,0.0,06:07:14
4945.87,0.0,06:07:48
4945.87,0.0,06:08:21
4945.87,0.0,06:08:54
4945.87,0.0,06:09:27
4945.87,0.0,06:10:01
4945.87,0.0,06:10:34
4945.87,0.0,06:11:08
4945.87,0.0,06:11:41
4945.87,0.0,06:12:15
4945.87,0.0,06:12:49
4945.87,0.0,06:13:22
4945.87,0.0,06:13:56
4945.87,0.0,06:14:29
4945.87,0.0,06:15:03
4945.87,0.0,06:15:36
4945.87,0.0,06:16:09
4945.87,0.0,06:16:43
4945.87,0.0,06:17:16
4945.87,0.0,06:17:50
4945.87,0.0,06:18:23
4945.87,0.0,06:18:57
4945.87,0.0,06:19:32
4945.87,0.0,06:20:05
4945.87,0.0,06:20:39
4945.87,0.0,06:21:13
4945.87,0.0,06:21:46
4945.87,0.0,06:22:20
4945.87,0.0,06:22:53
4945.87,0.0,06:23:27
4945.87,0.0,06:24:00
4945.87,0.0,06:24:34
4945.87,0.0,06:25:08
4945.87,0.0,06:25:41
4945.87,0.0,06:26:14
4945.87,0.0,06:26:48
4945.87,0.0,06:27:22
4945.87,0.0,06:27:55
4945.87,0.0,06:28:29
4945.87,0.0,06:29:02
4945.87,0.0,06:29:36
4869.41,-1.54593631,06:30:09
4869.41,0.0,06:30:43
4869.41,0.0,06:31:16
4869.41,0.0,06:31:50
4869.41,0.0,06:32:23
4869.41,0.0,06:32:57
4869.41,0.0,06:33:30
4869.41,0.0,06:34:04
4869.41,0.0,06:34:37
4869.41,0.0,06:35:10
4869.41,0.0,06:35:44
4869.41,0.0,06:36:17
4869.41,0.0,06:36:50
4869.41,0.0,06:37:24
4869.41,0.0,06:37:57
4869.41,0.0,06:38:31
4869.41,0.0,06:39:04
4869.24,-0.00349118,06:39:38
4869.24,0.0,06:40:12
4869.24,0.0,06:40:45
4869.24,0.0,06:41:21
4869.24,0.0,06:41:55
4869.24,0.0,06:42:28
4869.06,-0.00369668,06:43:02
4869.06,0.0,06:43:35
4869.06,0.0,06:44:09
4869.06,0.0,06:44:42
4869.06,0.0,06:45:16
4869.06,0.0,06:45:49
4869.06,0.0,06:46:23
4943.51,1.52904257,06:46:56
4943.51,0.0,06:47:30
4943.51,0.0,06:48:03
4864.03,-1.60776452,06:48:36
4864.03,0.0,06:49:10
4845.0,-0.39123936,06:49:43
4845.0,0.0,06:50:17
4845.0,0.0,06:50:50
4845.0,0.0,06:51:24
4845.0,0.0,06:51:57
4845.0,0.0,06:52:30
4845.0,0.0,06:53:04
4845.0,0.0,06:53:37
4845.0,0.0,06:54:11
4845.0,0.0,06:54:44
4845.0,0.0,06:55:18
4845.0,0.0,06:55:51
4845.0,0.0,06:56:25
4845.0,0.0,06:56:58
4845.0,0.0,06:57:31
4845.0,0.0,06:58:05
4845.0,0.0,06:58:39
4845.0,0.0,06:59:12
4845.0,0.0,06:59:46
4845.0,0.0,07:00:19
4845.0,0.0,07:00:52
4845.0,0.0,07:01:26
4845.0,0.0,07:01:59
4845.0,0.0,07:02:33
4845.0,0.0,07:03:06
4845.0,0.0,07:03:40
4845.0,0.0,07:04:14
4845.0,0.0,07:04:47
4845.0,0.0,07:05:21
4845.0,0.0,07:05:55
4845.0,0.0,07:06:28
4845.0,0.0,07:07:02
4845.0,0.0,07:07:35
4845.0,0.0,07:08:09
4845.0,0.0,07:08:41
4845.0,0.0,07:09:14
4933.12,1.81878225,07:09:48
4933.12,0.0,07:10:21
4933.12,0.0,07:10:54
4932.5,-0.01256811,07:11:27
4932.5,0.0,07:12:01
4932.5,0.0,07:12:34
4932.5,0.0,07:13:08
4931.69,-0.01642169,07:13:41
4931.69,0.0,07:14:15
4931.69,0.0,07:14:49
4931.69,0.0,07:15:22
4931.69,0.0,07:15:56
4931.69,0.0,07:16:29
4931.69,0.0,07:17:04
4931.69,0.0,07:17:37
4931.69,0.0,07:18:11
4931.69,0.0,07:18:44
4931.69,0.0,07:19:18
4931.69,0.0,07:19:51
4931.69,0.0,07:20:25
4845.91,-1.73936318,07:20:58
4845.91,0.0,07:21:32
4845.91,0.0,07:22:05
4845.91,0.0,07:22:39
4845.91,0.0,07:23:12
4928.2,1.69813306,07:23:46
4928.2,0.0,07:24:19
4928.2,0.0,07:24:53
4928.2,0.0,07:25:26
4928.2,0.0,07:25:59
4928.2,0.0,07:26:33
4928.2,0.0,07:27:07
4928.2,0.0,07:27:40
4928.2,0.0,07:28:13
4928.2,0.0,07:28:47
4928.2,0.0,07:29:20
4928.2,0.0,07:29:53
4928.2,0.0,07:30:27
4928.2,0.0,07:31:00
4928.2,0.0,07:31:34
4928.2,0.0,07:32:07
4925.1,-0.06290329,07:32:41
4925.1,0.0,07:33:14
4925.1,0.0,07:33:47
4924.5,-0.01218249,07:34:21
4924.43,-0.00142146,07:34:54
4924.43,0.0,07:35:28
4924.04,-0.0079197,07:36:01
4924.04,0.0,07:36:35
4924.04,0.0,07:37:08
4924.04,0.0,07:37:41
4924.04,0.0,07:38:14
4924.04,0.0,07:38:48
4846.38,-1.57716022,07:39:21
4846.38,0.0,07:39:55
4922.51,1.5708632,07:40:28
4845.92,-1.55591355,07:41:02
4845.92,0.0,07:41:35
4845.92,0.0,07:42:09
4845.92,0.0,07:42:42
4845.92,0.0,07:43:15
4845.92,0.0,07:43:49
4845.92,0.0,07:44:22
4920.76,1.54439198,07:44:55
4920.76,0.0,07:45:29
4920.76,0.0,07:46:02
4920.76,0.0,07:46:36
4920.76,0.0,07:47:09
4920.76,0.0,07:47:43
4920.76,0.0,07:48:16
4920.76,0.0,07:48:50
4920.76,0.0,07:49:23
4920.76,0.0,07:49:57
4920.76,0.0,07:50:30
4918.12,-0.05365025,07:51:04
4918.12,0.0,07:51:37
4918.12,0.0,07:52:11
4918.12,0.0,07:52:44
4918.12,0.0,07:53:18
4918.12,0.0,07:53:51
4918.12,0.0,07:54:24
4918.12,0.0,07:54:58
4918.12,0.0,07:55:32
4916.19,-0.03924264,07:56:05
4916.19,0.0,07:56:39
4916.19,0.0,07:57:12
4916.19,0.0,07:57:46
4916.19,0.0,07:58:20
4845.84,-1.43098619,07:58:53
4845.84,0.0,07:59:27
4845.84,0.0,08:00:01
4845.84,0.0,08:00:34
4845.84,0.0,08:01:07
4845.84,0.0,08:01:41
4913.75,1.40140822,08:02:14
4913.42,-0.00671585,08:02:48
4913.21,-0.00427401,08:03:21
4913.21,0.0,08:03:55
4912.91,-0.00610599,08:04:29
4912.91,0.0,08:05:02
4912.91,0.0,08:05:35
4912.91,0.0,08:06:09
4912.91,0.0,08:06:43
4912.91,0.0,08:07:16
4912.91,0.0,08:07:50
4912.91,0.0,08:08:24
4912.91,0.0,08:08:57
4912.91,0.0,08:09:30
4912.91,0.0,08:10:04
4912.91,0.0,08:10:38
4845.77,-1.3666035,08:11:11
4845.77,0.0,08:11:45
4845.77,0.0,08:12:18
4944.89,2.04549535,08:12:52
4944.89,0.0,08:13:25
4944.89,0.0,08:13:59
4944.89,0.0,08:14:33
4943.61,-0.02588531,08:15:06
4943.61,0.0,08:15:40
4943.61,0.0,08:16:13
4942.84,-0.01557566,08:16:47
4845.9,-1.96122067,08:17:20
4845.9,0.0,08:17:53
4845.9,0.0,08:18:27
4845.9,0.0,08:19:00
4845.9,0.0,08:19:34
4845.9,0.0,08:20:08
4845.9,0.0,08:20:41
4845.9,0.0,08:21:15
4845.9,0.0,08:21:48
4845.9,0.0,08:22:22
4845.85,-0.0010318,08:22:55
4845.85,0.0,08:23:29
4845.85,0.0,08:24:02
4845.85,0.0,08:24:36
4845.85,0.0,08:25:09
4845.85,0.0,08:25:43
4845.85,0.0,08:26:16
4845.85,0.0,08:26:50
4845.85,0.0,08:27:24
4845.85,0.0,08:27:57
4845.85,0.0,08:28:31
4845.85,0.0,08:29:04
4845.85,0.0,08:29:38
4845.85,0.0,08:30:11
4845.85,0.0,08:30:45
4845.85,0.0,08:31:18
4887.52,0.85991106,08:31:52
4887.52,0.0,08:32:26
4887.52,0.0,08:32:59
4845.85,-0.85257963,08:33:33
4891.01,0.93193145,08:34:06
4891.01,0.0,08:34:39
4891.01,0.0,08:35:13
4877.27,-0.28092357,08:35:46
4877.27,0.0,08:36:20
4845.85,-0.64421285,08:36:53
4845.85,0.0,08:37:27
4845.85,0.0,08:38:01
4845.85,0.0,08:38:34
4888.37,0.87745184,08:39:08
4888.37,0.0,08:39:41
4888.37,0.0,08:40:15
4893.8,0.11107997,08:40:48
4893.8,0.0,08:41:22
4893.8,0.0,08:41:55
4845.77,-0.98144591,08:42:29
4845.77,0.0,08:43:02
4845.77,0.0,08:43:36
4845.77,0.0,08:44:09
4845.77,0.0,08:44:43
4874.62,0.59536462,08:45:16
4874.62,0.0,08:45:50
4874.62,0.0,08:46:23
4874.62,0.0,08:46:57
4874.62,0.0,08:47:30
4874.62,0.0,08:48:04
4874.62,0.0,08:48:37
4874.62,0.0,08:49:11
4874.62,0.0,08:49:44
4874.62,0.0,08:50:18
4874.62,0.0,08:50:51
4845.77,-0.59184101,08:51:25
4845.77,0.0,08:51:58
4845.77,0.0,08:52:32
4845.77,0.0,08:53:05
4845.77,0.0,08:53:39
4845.77,0.0,08:54:12
4845.77,0.0,08:54:46
4845.77,0.0,08:55:23
4843.0,-0.05716326,08:55:56
4843.0,0.0,08:56:30
4843.0,0.0,08:57:04
4843.0,0.0,08:57:37
4843.0,0.0,08:58:10
4843.0,0.0,08:58:44
4843.0,0.0,08:59:18
4843.0,0.0,08:59:52
4843.0,0.0,09:00:25
4843.0,0.0,09:00:59
4843.0,0.0,09:01:32
4843.0,0.0,09:02:06
4843.0,0.0,09:02:39
4843.0,0.0,09:03:13
4843.0,0.0,09:03:46
4843.0,0.0,09:04:20
4888.34,0.93619657,09:04:53
4888.34,0.0,09:05:27
4888.34,0.0,09:06:00
4888.34,0.0,09:06:34
4888.34,0.0,09:07:07
4888.34,0.0,09:07:41
4888.34,0.0,09:08:14
4888.34,0.0,09:08:48
4888.34,0.0,09:09:22
4888.34,0.0,09:09:55
4888.34,0.0,09:10:28
4886.21,-0.04357307,09:11:02
4886.21,0.0,09:11:35
4886.21,0.0,09:12:09
4886.21,0.0,09:12:42
4886.21,0.0,09:13:15
4886.21,0.0,09:13:49
4886.21,0.0,09:14:22
4830.0,-1.15038036,09:14:56
4830.0,0.0,09:15:29
4830.0,0.0,09:16:02
4830.0,0.0,09:16:36
4830.0,0.0,09:17:09
4830.0,0.0,09:17:43
4830.0,0.0,09:18:17
4830.0,0.0,09:18:50
4830.0,0.0,09:19:23
4830.0,0.0,09:19:57
4820.0,-0.20703934,09:20:30
4820.0,0.0,09:21:04
4820.0,0.0,09:21:38
4820.0,0.0,09:22:12
4820.0,0.0,09:22:45
4881.03,1.26618257,09:23:19
4881.03,0.0,09:23:52
4881.03,0.0,09:24:26
4881.03,0.0,09:24:59
4881.03,0.0,09:25:33
4881.03,0.0,09:26:06
4881.03,0.0,09:26:40
4881.03,0.0,09:27:14
4881.03,0.0,09:27:47
4820.0,-1.25035085,09:28:21
4820.0,0.0,09:28:54
4877.43,1.19149378,09:29:28
4800.0,-1.58751638,09:30:01
4800.0,0.0,09:30:34
4800.0,0.0,09:31:08
4875.98,1.58291667,09:31:41
4875.98,0.0,09:32:15
4875.98,0.0,09:32:48
4875.98,0.0,09:33:22
4875.98,0.0,09:33:55
4875.98,0.0,09:34:45
4875.98,0.0,09:35:19
4875.98,0.0,09:35:53
4875.98,0.0,09:36:26
4875.98,0.0,09:37:00
4875.98,0.0,09:37:33
4875.98,0.0,09:38:07
4875.98,0.0,09:38:41
4875.98,0.0,09:39:14
4875.98,0.0,09:39:48
4875.98,0.0,09:40:22
4875.98,0.0,09:40:56
4875.98,0.0,09:41:29
4875.98,0.0,09:42:03
4875.98,0.0,09:42:36
4875.98,0.0,09:43:10
4875.98,0.0,09:43:43
4870.01,-0.12243693,09:44:17
4870.01,0.0,09:44:51
4870.01,0.0,09:45:24
4869.19,-0.01683775,09:45:58
4869.19,0.0,09:46:31
4869.19,0.0,09:47:05
4869.19,0.0,09:47:38
4867.73,-0.02998445,09:48:12
4867.73,0.0,09:48:45
4867.73,0.0,09:49:19
4867.73,0.0,09:49:53
4797.0,-1.45303869,09:50:26
4797.0,0.0,09:51:00
4797.0,0.0,09:51:34
4797.0,0.0,09:52:07
4797.0,0.0,09:52:41
4800.0,0.06253909,09:53:14
4800.0,0.0,09:53:48
4800.0,0.0,09:54:21
4800.0,0.0,09:54:55
4800.0,0.0,09:55:28
4800.0,0.0,09:56:01
4800.0,0.0,09:56:35
4800.0,0.0,09:57:08
4800.0,0.0,09:57:42
4872.74,1.51541667,09:58:15
4872.74,0.0,09:58:49
4872.74,0.0,09:59:23
4872.74,0.0,09:59:56
4872.74,0.0,10:00:29
4872.04,-0.01436563,10:01:03
4872.04,0.0,10:01:37
4873.59,0.03181419,10:02:10
4873.59,0.0,10:02:44
4873.28,-0.00636081,10:03:18
4873.28,0.0,10:03:51
4873.28,0.0,10:04:25
4873.28,0.0,10:04:59
4872.76,-0.01067043,10:05:32
4872.76,0.0,10:06:06
4758.39,-2.34712976,10:06:39
4872.1,2.38967382,10:07:13
4872.1,0.0,10:07:46
4872.1,0.0,10:08:20
4871.06,-0.02134603,10:08:53
4871.06,0.0,10:09:27
4734.19,-2.80986069,10:10:00
4867.27,2.81104054,10:10:34
4867.27,0.0,10:11:08
4867.27,0.0,10:11:41
4867.27,0.0,10:12:15
4867.27,0.0,10:12:48
4867.27,0.0,10:13:22
4867.27,0.0,10:13:56
4867.27,0.0,10:14:29
4850.0,-0.35481903,10:15:03
4834.5,-0.31958763,10:15:36
4735.27,-2.05253904,10:16:10
4735.27,0.0,10:16:44
4735.27,0.0,10:17:17
4735.27,0.0,10:17:51
4735.27,0.0,10:18:24
4735.27,0.0,10:18:58
4735.27,0.0,10:19:32
4799.95,1.36592,10:20:05
4799.95,0.0,10:20:39
4799.95,0.0,10:21:12
4799.95,0.0,10:21:46
4796.12,-0.0797925,10:22:19
4790.5,-0.11717805,10:22:53
4790.5,0.0,10:23:26
4790.5,0.0,10:24:00
4794.37,0.08078489,10:24:34
4794.37,0.0,10:25:07
4794.15,-0.00458872,10:25:41
4794.15,0.0,10:26:14
4794.15,0.0,10:26:48
4720.0,-1.54667668,10:27:22
4793.45,1.55614407,10:27:55
4793.3,-0.00312927,10:28:29
4793.99,0.01439509,10:29:03
4793.98,-0.00020859,10:29:36
4793.98,0.0,10:30:10
4793.98,0.0,10:30:43
4793.98,0.0,10:31:17
4793.98,0.0,10:31:51
4793.98,0.0,10:32:24
4793.98,0.0,10:32:58
4720.0,-1.54318541,10:33:31
4720.0,0.0,10:34:05
4720.0,0.0,10:34:39
4793.99,1.56758475,10:35:12
4700.0,-1.96057981,10:35:46
4700.0,0.0,10:36:19
4701.0,0.0212766,10:36:53
4701.0,0.0,10:37:27
4701.0,0.0,10:38:00
4701.0,0.0,10:38:34
4701.0,0.0,10:39:07
4701.0,0.0,10:39:41
4701.55,0.01169964,10:40:15
4701.55,0.0,10:40:48
4701.55,0.0,10:41:22
4701.55,0.0,10:41:55
4701.55,0.0,10:42:29
4701.55,0.0,10:43:03
4701.55,0.0,10:43:36
4701.55,0.0,10:44:10
4730.09,0.60703385,10:44:44
4799.85,1.47481338,10:45:17
4799.84,-0.00020834,10:45:51
4740.05,-1.24566652,10:46:24
4740.05,0.0,10:46:58
4740.05,0.0,10:47:31
4740.05,0.0,10:48:05
4740.49,0.0092826,10:48:38
4865.75,2.64234288,10:49:12
4865.75,0.0,10:49:45
4865.05,-0.01438627,10:50:19
4864.79,-0.00534424,10:50:52
4864.79,0.0,10:51:26
4864.79,0.0,10:51:59
4864.79,0.0,10:52:33
4864.79,0.0,10:53:07
4863.03,-0.03617833,10:53:41
4863.03,0.0,10:54:15
4863.03,0.0,10:54:48
4863.03,0.0,10:55:22
4861.78,-0.02570414,10:55:56
4861.78,0.0,10:56:29
4750.03,-2.29854086,10:57:03
4750.03,0.0,10:57:37
4750.03,0.0,10:58:10
4860.21,2.3195643,10:58:44
4860.21,0.0,10:59:17
4859.36,-0.01748896,10:59:51
4859.36,0.0,11:00:25
4859.36,0.0,11:00:58
4859.36,0.0,11:01:31
4859.36,0.0,11:02:05
4859.36,0.0,11:02:38
4859.36,0.0,11:03:12
4834.92,-0.50294689,11:03:45
4790.0,-0.92907432,11:04:19
4790.0,0.0,11:04:53
4790.0,0.0,11:05:26
4790.0,0.0,11:05:59
4884.64,1.97578288,11:06:33
4800.15,-1.72970782,11:07:07
4801.11,0.01999938,11:07:40
4801.11,0.0,11:08:14
4801.11,0.0,11:08:48
4801.11,0.0,11:09:22
4883.36,1.7131455,11:09:58
4883.36,0.0,11:10:32
4801.05,-1.68551981,11:11:05
4801.05,0.0,11:11:39
4884.9,1.74649295,11:12:12
4884.9,0.0,11:12:46
4884.9,0.0,11:13:19
4884.9,0.0,11:13:52
4884.9,0.0,11:14:26
4884.9,0.0,11:15:00
4884.9,0.0,11:15:34
4884.9,0.0,11:16:07
4884.9,0.0,11:16:41
4884.9,0.0,11:17:14
4884.9,0.0,11:17:48
4884.9,0.0,11:18:22
4884.9,0.0,11:18:55
4884.9,0.0,11:19:28
4884.9,0.0,11:20:02
4884.9,0.0,11:20:35
4884.9,0.0,11:21:08
4884.9,0.0,11:21:42
4884.9,0.0,11:22:15
4884.9,0.0,11:22:49
4884.9,0.0,11:23:22
4884.9,0.0,11:23:56
4884.9,0.0,11:24:29
4884.9,0.0,11:25:03
4884.9,0.0,11:25:36
4884.9,0.0,11:26:10
4870.0,-0.3050216,11:26:43
4870.0,0.0,11:27:16
4870.0,0.0,11:27:49
4870.0,0.0,11:28:22
4870.0,0.0,11:28:56
4849.0,-0.4312115,11:29:29
4849.0,0.0,11:30:02
4849.0,0.0,11:30:36
4849.0,0.0,11:31:09
4849.0,0.0,11:31:42
4849.0,0.0,11:32:16
4849.0,0.0,11:32:49
4849.0,0.0,11:33:23
4849.0,0.0,11:33:56
4867.33,0.37801609,11:34:30
4867.33,0.0,11:35:03
4867.33,0.0,11:35:37
4867.33,0.0,11:36:10
4867.33,0.0,11:36:42
4867.33,0.0,11:37:16
4867.33,0.0,11:37:50
4867.33,0.0,11:38:22
4909.99,0.87645588,11:38:56
4909.99,0.0,11:39:29
4909.99,0.0,11:40:03
4909.99,0.0,11:40:36
4851.38,-1.19368879,11:41:09
4851.38,0.0,11:41:43
4851.38,0.0,11:42:16
4851.38,0.0,11:42:49
4851.38,0.0,11:43:23
4851.38,0.0,11:43:56
4851.36,-0.00041225,11:44:30
4851.36,0.0,11:45:03
4851.36,0.0,11:45:37
4851.36,0.0,11:46:10
4851.36,0.0,11:46:44
4887.97,0.75463375,11:47:16
4887.97,0.0,11:47:50
4870.0,-0.36763728,11:48:24
4870.0,0.0,11:48:57
4870.0,0.0,11:49:31
4865.33,-0.09589322,11:50:04
4865.43,0.00205536,11:50:38
4899.08,0.6916141,11:51:11
4865.33,-0.68890486,11:51:44
4865.33,0.0,11:52:18
4865.33,0.0,11:52:51
4865.33,0.0,11:53:25
4865.33,0.0,11:53:59
4893.59,0.58084446,11:54:32
4851.33,-0.86357868,11:55:05
4851.33,0.0,11:55:38
4890.85,0.81462197,11:56:13
4909.94,0.3903207,11:56:47
4909.94,0.0,11:57:20
4909.94,0.0,11:57:53
4851.36,-1.19308994,11:58:26
4851.36,0.0,11:58:59
4899.06,0.98322944,11:59:33
4899.06,0.0,12:00:06
4899.06,0.0,12:00:39
4899.06,0.0,12:01:12
4899.06,0.0,12:01:46
4851.46,-0.97161496,12:02:19
4851.46,0.0,12:02:52
4851.46,0.0,12:03:26
4851.46,0.0,12:04:00
4851.46,0.0,12:04:33
4882.56,0.64104414,12:05:06
4882.56,0.0,12:05:40
4882.56,0.0,12:06:13
4882.56,0.0,12:06:46
4889.98,0.15196946,12:07:20
4841.46,-0.9922331,12:07:52
4841.46,0.0,12:08:27
4841.46,0.0,12:09:01
4841.46,0.0,12:09:34
4841.46,0.0,12:10:08
4841.46,0.0,12:10:41
4841.46,0.0,12:11:14
4841.46,0.0,12:11:48
4841.46,0.0,12:12:21
4841.46,0.0,12:12:55
4841.46,0.0,12:13:28
4841.46,0.0,12:14:02
4868.05,0.54921449,12:14:36
4868.05,0.0,12:15:09
4868.05,0.0,12:15:42
4868.05,0.0,12:16:16
4868.05,0.0,12:16:49
4870.38,0.04786311,12:17:23
4870.38,0.0,12:17:56
4870.38,0.0,12:18:29
4870.38,0.0,12:19:02
4870.38,0.0,12:19:35
4870.38,0.0,12:20:09
4870.38,0.0,12:20:42
4870.38,0.0,12:21:16
4870.38,0.0,12:21:50
4870.38,0.0,12:22:23
4870.38,0.0,12:22:56
4870.38,0.0,12:23:29
4873.44,0.06282877,12:24:02
4873.44,0.0,12:24:36
4873.44,0.0,12:25:09
4873.44,0.0,12:25:42
4873.44,0.0,12:26:16
4873.44,0.0,12:26:49
4873.44,0.0,12:27:23
4873.44,0.0,12:27:56
4873.44,0.0,12:28:30
4820.03,-1.09594044,12:29:03
4873.0,1.09895582,12:29:37
4873.0,0.0,12:30:10
4873.0,0.0,12:30:44
4873.44,0.00902935,12:31:17
4873.44,0.0,12:31:50
4873.44,0.0,12:32:23
4905.0,0.64759184,12:32:57
4909.99,0.10173293,12:33:30
4909.99,0.0,12:34:04
4909.99,0.0,12:34:37
4928.92,0.3855405,12:35:11
4928.92,0.0,12:35:44
4928.92,0.0,12:36:17
4928.92,0.0,12:36:51
4820.43,-2.20109071,12:37:24
4820.43,0.0,12:37:57
4820.43,0.0,12:38:31
4920.83,2.08280174,12:39:04
4912.66,-0.1660289,12:39:38
4912.66,0.0,12:40:11
4920.9,0.16772991,12:40:44
4900.0,-0.42471906,12:41:18
4900.0,0.0,12:41:52
4900.0,0.0,12:42:25
4900.0,0.0,12:42:59
4900.0,0.0,12:43:32
4900.0,0.0,12:44:06
4900.0,0.0,12:44:39
4900.0,0.0,12:45:13
4900.0,0.0,12:45:47
4900.0,0.0,12:46:20
4900.0,0.0,12:46:53
4900.0,0.0,12:47:27
4900.0,0.0,12:48:00
4912.3,0.25102041,12:48:34
4912.3,0.0,12:49:07
4912.3,0.0,12:49:41
4912.3,0.0,12:50:14
4912.3,0.0,12:50:48
4912.3,0.0,12:51:21
4900.0,-0.25039187,12:51:54
4900.0,0.0,12:52:28
4900.0,0.0,12:53:01
4900.0,0.0,12:53:35
4900.0,0.0,12:54:08
4900.0,0.0,12:54:42
4930.0,0.6122449,12:55:15
4864.12,-1.33630832,12:55:49
4864.12,0.0,12:56:22
4864.12,0.0,12:56:56
4905.52,0.85113032,12:57:30
4905.52,0.0,12:58:03
4905.52,0.0,12:58:36
4905.52,0.0,12:59:09
4905.52,0.0,12:59:43
4913.19,0.15635447,13:00:17
4913.19,0.0,13:00:50
4913.19,0.0,13:01:24
4913.19,0.0,13:01:57
4913.19,0.0,13:02:30
4913.19,0.0,13:03:03
4913.19,0.0,13:03:37
4913.19,0.0,13:04:10
4860.66,-1.0691628,13:04:44
4910.61,1.02763822,13:05:18
4910.61,0.0,13:05:51
4871.01,-0.80641713,13:06:24
4871.01,0.0,13:06:57
4871.01,0.0,13:07:30
4885.67,0.30096428,13:08:04
4885.67,0.0,13:08:37
4885.67,0.0,13:09:10
4871.01,-0.3000612,13:09:43
4860.66,-0.2124816,13:10:16
4860.66,0.0,13:10:50
4860.66,0.0,13:11:23
4860.66,0.0,13:11:56
4893.37,0.67295388,13:12:28
4893.37,0.0,13:13:02
4893.37,0.0,13:13:36
4893.37,0.0,13:14:09
4893.37,0.0,13:14:43
4893.37,0.0,13:15:16
4821.56,-1.46749582,13:15:50
4920.86,2.05949942,13:16:22
4920.86,0.0,13:16:55
4920.86,0.0,13:17:29
4920.86,0.0,13:18:02
4920.86,0.0,13:18:36
4822.87,-1.99131859,13:19:09
4822.87,0.0,13:19:42
4884.23,1.27227149,13:20:15
4884.23,0.0,13:20:49
4884.23,0.0,13:21:22
4884.23,0.0,13:21:55
4820.74,-1.29989783,13:22:28
4895.43,1.5493472,13:23:02
4895.43,0.0,13:23:41
4820.04,-1.54000772,13:24:15
4820.04,0.0,13:24:48
4820.04,0.0,13:25:21
4820.47,0.00892109,13:25:54
4820.47,0.0,13:26:28
4820.47,0.0,13:27:01
4820.47,0.0,13:27:35
4820.47,0.0,13:28:09
4820.47,0.0,13:28:42
4899.17,1.63262089,13:29:15
4899.17,0.0,13:29:49
4899.17,0.0,13:30:22
4822.66,-1.5616931,13:30:55
4824.23,0.03255465,13:31:28
4913.39,1.84817059,13:32:02
4825.29,-1.79305937,13:32:35
4825.6,0.00642448,13:33:08
4825.6,0.0,13:33:41
4825.6,0.0,13:34:15
4825.6,0.0,13:34:49
4825.6,0.0,13:35:22
4825.6,0.0,13:35:55
4825.6,0.0,13:36:29
4825.6,0.0,13:37:02
4825.6,0.0,13:37:36
4891.27,1.36086704,13:38:09
4891.27,0.0,13:38:43
4891.27,0.0,13:39:17
4891.27,0.0,13:39:50
4891.27,0.0,13:40:23
4891.16,-0.0022489,13:40:57
4891.16,0.0,13:41:30
4929.99,0.79388121,13:42:02
4929.99,0.0,13:42:36
4929.99,0.0,13:43:09
4929.99,0.0,13:43:43
4929.99,0.0,13:44:16
4829.23,-2.04381753,13:44:50
4829.23,0.0,13:45:24
4829.23,0.0,13:45:57
4829.23,0.0,13:46:30
4829.23,0.0,13:47:03
4829.23,0.0,13:47:37
4829.23,0.0,13:48:10
4850.0,0.43008927,13:48:43
4850.0,0.0,13:49:17
4850.0,0.0,13:49:50
4850.0,0.0,13:50:24
4850.0,0.0,13:50:57
4850.0,0.0,13:51:30
4850.0,0.0,13:52:03
4850.0,0.0,13:52:36
4850.0,0.0,13:53:10
4840.04,-0.20536082,13:53:43
4840.04,0.0,13:54:17
4840.04,0.0,13:54:50
4840.04,0.0,13:55:24
4840.04,0.0,13:55:58
4840.04,0.0,13:56:32
4840.04,0.0,13:57:06
4840.08,0.00082644,13:57:40
4840.08,0.0,13:58:14
4840.08,0.0,13:58:47
4904.89,1.33902745,13:59:20
4901.35,-0.07217287,13:59:55
4820.03,-1.65913473,14:00:28
4904.94,1.76160729,14:01:02
4904.94,0.0,14:01:37
4904.94,0.0,14:02:11
4904.94,0.0,14:02:45
4904.94,0.0,14:03:18
4904.94,0.0,14:03:52
4904.8,-0.00285427,14:04:25
4904.8,0.0,14:04:59
4904.8,0.0,14:05:32
4904.8,0.0,14:06:06
4904.8,0.0,14:06:39
4904.79,-0.00020388,14:07:13
4904.79,0.0,14:07:47
4904.79,0.0,14:08:20
4904.79,0.0,14:08:54
4914.18,0.19144551,14:09:28
4914.18,0.0,14:10:02
4914.18,0.0,14:10:35
4914.18,0.0,14:11:09
4914.18,0.0,14:11:42
4914.18,0.0,14:12:17
4914.19,0.00020349,14:12:51
4914.19,0.0,14:13:24
4914.19,0.0,14:13:57
4914.18,-0.00020349,14:14:31
4914.19,0.00020349,14:15:05
4914.19,0.0,14:15:38
4914.19,0.0,14:16:12
4914.19,0.0,14:16:45
4914.18,-0.00020349,14:17:18
4914.18,0.0,14:17:51
4914.18,0.0,14:18:25
4914.18,0.0,14:18:59
4914.18,0.0,14:19:33
4914.18,0.0,14:20:06
4914.18,0.0,14:20:40
4914.18,0.0,14:21:13
4914.18,0.0,14:21:47
4914.18,0.0,14:22:20
4914.18,0.0,14:22:53
4914.18,0.0,14:23:26
4914.18,0.0,14:24:00
4914.18,0.0,14:24:33
4914.18,0.0,14:25:05
4914.18,0.0,14:25:39
4914.18,0.0,14:26:12
4914.18,0.0,14:26:45
4914.18,0.0,14:27:19
4914.18,0.0,14:27:52
4914.19,0.00020349,14:28:25
4914.19,0.0,14:28:58
4914.19,0.0,14:29:31
4914.19,0.0,14:30:05
4914.19,0.0,14:30:38
4914.19,0.0,14:31:12
4914.19,0.0,14:31:45
4914.19,0.0,14:32:19
4914.19,0.0,14:32:52
4914.19,0.0,14:33:26
4914.19,0.0,14:33:58
4914.19,0.0,14:34:32
4914.07,-0.00244191,14:35:05
4914.12,0.00101749,14:35:39
4914.12,0.0,14:36:12
4914.12,0.0,14:36:46
4914.12,0.0,14:37:19
4914.12,0.0,14:37:52
4914.12,0.0,14:38:25
4914.12,0.0,14:38:59
4913.98,-0.00284893,14:39:33
4913.98,0.0,14:40:07
4913.98,0.0,14:40:41
4913.98,0.0,14:41:14
4913.98,0.0,14:41:48
4913.98,0.0,14:42:21
4913.98,0.0,14:42:55
4914.1,0.00244201,14:43:28
4914.1,0.0,14:44:01
4914.1,0.0,14:44:35
4914.1,0.0,14:45:08
4914.14,0.00081398,14:45:42
4914.14,0.0,14:46:16
4914.14,0.0,14:46:49
4914.14,0.0,14:47:23
4914.14,0.0,14:47:57
4914.14,0.0,14:48:30
4914.09,-0.00101747,14:49:04
4910.57,-0.07163076,14:49:38
4910.57,0.0,14:50:11
4910.57,0.0,14:50:44
4910.57,0.0,14:51:18
4910.57,0.0,14:51:51
4910.57,0.0,14:52:24
4910.57,0.0,14:52:58
4910.57,0.0,14:53:32
4910.57,0.0,14:54:05
4910.57,0.0,14:54:38
4902.03,-0.17391056,14:55:11
4902.03,0.0,14:55:45
4905.65,0.07384696,14:56:18
4905.65,0.0,14:56:51
4905.65,0.0,14:57:24
4905.65,0.0,14:57:58
4905.65,0.0,14:58:31
4905.65,0.0,14:59:04
4905.65,0.0,14:59:38
4905.65,0.0,15:00:11
4905.65,0.0,15:00:44
4905.65,0.0,15:01:18
4905.65,0.0,15:01:52
4905.65,0.0,15:02:25
4904.65,-0.02038466,15:02:58
4904.65,0.0,15:03:32
4904.65,0.0,15:04:05
4904.65,0.0,15:04:38
4904.65,0.0,15:05:11
4905.65,0.02038881,15:05:45
4905.65,0.0,15:06:18
4901.26,-0.08948865,15:06:52
4901.26,0.0,15:07:26
4901.26,0.0,15:07:59
4901.26,0.0,15:08:33
4901.26,0.0,15:09:06
4901.26,0.0,15:09:39
4905.64,0.08936478,15:10:12
4905.64,0.0,15:10:46
4905.64,0.0,15:11:19
4905.64,0.0,15:11:52
4843.35,-1.26976297,15:12:26
4843.35,0.0,15:12:59
4905.64,1.2860933,15:13:33
4905.64,0.0,15:14:06
4844.24,-1.25162058,15:14:39
4864.25,0.41306789,15:15:13
4901.0,0.75551216,15:15:46
4901.0,0.0,15:16:20
4901.0,0.0,15:16:53
4901.0,0.0,15:17:26
4905.58,0.09345032,15:17:59
4905.58,0.0,15:18:32
4905.58,0.0,15:19:06
4905.58,0.0,15:19:39
4905.58,0.0,15:20:12
4905.48,-0.00203849,15:20:46
4905.48,0.0,15:21:20
4905.65,0.00346551,15:21:53
4905.63,-0.00040769,15:22:27
4905.63,0.0,15:23:00
4905.63,0.0,15:23:33
4905.63,0.0,15:24:07
4905.63,0.0,15:24:40
4905.63,0.0,15:25:13
4905.63,0.0,15:25:47
4905.63,0.0,15:26:20
4905.63,0.0,15:26:53
4901.82,-0.07766587,15:27:27
4901.82,0.0,15:28:00
4901.82,0.0,15:28:34
4901.82,0.0,15:29:07
4901.82,0.0,15:29:41
4901.82,0.0,15:30:14
4905.65,0.07813424,15:30:48
4905.63,-0.00040769,15:31:21
4905.63,0.0,15:31:55
4905.63,0.0,15:32:28
4905.63,0.0,15:33:01
4905.63,0.0,15:33:35
4898.3,-0.14942016,15:34:08
4838.09,-1.22920197,15:34:42
4838.09,0.0,15:35:15
4838.09,0.0,15:35:49
4838.09,0.0,15:36:22
4838.09,0.0,15:36:56
