mana_mxn,Porcentage,Time
1.05,0.0,00:01:07
1.05,0.0,00:01:40
1.05,0.0,00:02:14
1.05,0.0,00:02:48
1.06,0.95238095,00:03:21
1.06,0.0,00:03:54
1.06,0.0,00:04:28
1.06,0.0,00:05:01
1.06,0.0,00:05:35
1.06,0.0,00:06:08
1.06,0.0,00:06:41
1.06,0.0,00:07:15
1.06,0.0,00:07:48
1.06,0.0,00:08:21
1.06,0.0,00:08:55
1.06,0.0,00:09:28
1.06,0.0,00:10:02
1.06,0.0,00:10:35
1.06,0.0,00:11:08
1.06,0.0,00:11:42
1.07,0.94339623,00:12:15
1.07,0.0,00:12:48
1.07,0.0,00:13:22
1.07,0.0,00:13:55
1.07,0.0,00:14:28
1.07,0.0,00:15:02
1.07,0.0,00:15:36
1.09,1.86915888,00:16:09
1.09,0.0,00:16:43
1.09,0.0,00:17:17
1.09,0.0,00:17:50
1.09,0.0,00:18:24
1.09,0.0,00:18:58
1.09,0.0,00:19:32
1.09,0.0,00:20:05
1.09,0.0,00:20:39
1.09,0.0,00:21:12
1.09,0.0,00:21:46
1.09,0.0,00:22:20
1.06,-2.75229358,00:22:54
1.06,0.0,00:23:27
1.06,0.0,00:24:00
1.06,0.0,00:24:34
1.06,0.0,00:25:07
1.06,0.0,00:25:41
1.06,0.0,00:26:14
1.08,1.88679245,00:26:48
1.08,0.0,00:27:21
1.08,0.0,00:27:54
1.08,0.0,00:28:28
1.08,0.0,00:29:01
1.08,0.0,00:29:34
1.05,-2.77777778,00:30:08
1.05,0.0,00:30:41
1.08,2.85714286,00:31:14
1.08,0.0,00:31:48
1.08,0.0,00:32:21
1.08,0.0,00:32:54
1.08,0.0,00:33:27
1.08,0.0,00:34:00
1.08,0.0,00:34:33
1.08,0.0,00:35:06
1.08,0.0,00:35:39
1.08,0.0,00:36:13
1.08,0.0,00:36:46
1.08,0.0,00:37:19
1.08,0.0,00:37:52
1.08,0.0,00:38:26
1.08,0.0,00:38:59
1.08,0.0,00:39:32
1.08,0.0,00:40:05
1.08,0.0,00:40:39
1.08,0.0,00:41:12
1.08,0.0,00:41:45
1.08,0.0,00:42:18
1.08,0.0,00:42:52
1.08,0.0,00:43:25
1.08,0.0,00:43:58
1.08,0.0,00:44:31
1.08,0.0,00:45:04
1.08,0.0,00:45:37
1.08,0.0,00:46:11
1.08,0.0,00:46:44
1.08,0.0,00:47:17
1.08,0.0,00:47:50
1.08,0.0,00:48:23
1.05,-2.77777778,00:48:57
1.05,0.0,00:49:30
1.05,0.0,00:50:03
1.05,0.0,00:50:37
1.05,0.0,00:51:10
1.05,0.0,00:51:43
1.05,0.0,00:52:16
1.05,0.0,00:52:49
1.05,0.0,00:53:22
1.05,0.0,00:53:55
1.05,0.0,00:54:28
1.05,0.0,00:55:02
1.07,1.9047619,00:55:35
1.05,-1.86915888,00:56:08
1.05,0.0,00:56:42
1.05,0.0,00:57:15
1.05,0.0,00:57:49
1.05,0.0,00:58:22
1.05,0.0,00:58:55
1.05,0.0,00:59:28
1.07,1.9047619,01:00:01
1.07,0.0,01:00:34
1.07,0.0,01:01:08
1.07,0.0,01:01:41
1.07,0.0,01:02:13
1.07,0.0,01:02:47
1.07,0.0,01:03:20
1.07,0.0,01:03:53
1.07,0.0,01:04:26
1.07,0.0,01:05:00
1.07,0.0,01:05:33
1.07,0.0,01:06:07
1.07,0.0,01:06:40
1.07,0.0,01:07:14
1.07,0.0,01:07:47
1.05,-1.86915888,01:08:20
1.05,0.0,01:08:53
1.05,0.0,01:09:27
1.05,0.0,01:10:00
1.05,0.0,01:10:34
1.05,0.0,01:11:07
1.05,0.0,01:11:40
1.05,0.0,01:12:13
1.05,0.0,01:12:47
1.05,0.0,01:13:20
1.05,0.0,01:13:53
1.05,0.0,01:14:27
1.05,0.0,01:15:00
1.05,0.0,01:15:33
1.05,0.0,01:16:06
1.05,0.0,01:16:39
1.05,0.0,01:17:13
1.05,0.0,01:17:46
1.05,0.0,01:18:19
1.05,0.0,01:18:53
1.05,0.0,01:19:26
1.05,0.0,01:19:59
1.05,0.0,01:20:32
1.05,0.0,01:21:06
1.05,0.0,01:21:39
1.05,0.0,01:22:12
1.05,0.0,01:22:46
1.05,0.0,01:23:20
1.05,0.0,01:23:52
1.05,0.0,01:24:26
1.05,0.0,01:24:59
1.05,0.0,01:25:32
1.05,0.0,01:26:05
1.05,0.0,01:26:39
1.05,0.0,01:27:11
1.05,0.0,01:27:45
1.05,0.0,01:28:18
1.05,0.0,01:28:51
1.05,0.0,01:29:23
1.05,0.0,01:29:57
1.05,0.0,01:30:30
1.05,0.0,01:31:03
1.05,0.0,01:31:37
1.08,2.85714286,01:32:10
1.05,-2.77777778,01:32:43
1.05,0.0,01:33:16
1.06,0.95238095,01:33:49
1.06,0.0,01:34:22
1.06,0.0,01:34:55
1.06,0.0,01:35:28
1.06,0.0,01:36:01
1.06,0.0,01:36:33
1.06,0.0,01:37:07
1.06,0.0,01:37:40
1.06,0.0,01:38:13
1.06,0.0,01:38:46
1.06,0.0,01:39:20
1.06,0.0,01:39:53
1.06,0.0,01:40:26
1.06,0.0,01:41:00
1.05,-0.94339623,01:41:33
1.05,0.0,01:42:06
1.05,0.0,01:42:40
1.05,0.0,01:43:13
1.05,0.0,01:43:47
1.05,0.0,01:44:21
1.05,0.0,01:44:54
1.05,0.0,01:45:28
1.05,0.0,01:46:01
1.05,0.0,01:46:34
1.05,0.0,01:47:07
1.05,0.0,01:47:41
1.05,0.0,01:48:14
1.05,0.0,01:48:48
1.05,0.0,01:49:21
1.05,0.0,01:49:54
1.05,0.0,01:50:27
1.05,0.0,01:51:01
1.05,0.0,01:51:35
1.05,0.0,01:52:08
1.05,0.0,01:52:41
1.05,0.0,01:53:14
1.05,0.0,01:53:47
1.05,0.0,01:54:21
1.05,0.0,01:54:54
1.05,0.0,01:55:27
1.05,0.0,01:56:01
1.05,0.0,01:56:34
1.05,0.0,01:57:06
1.05,0.0,01:57:40
1.05,0.0,01:58:13
1.05,0.0,01:58:46
1.06,0.95238095,01:59:19
1.06,0.0,01:59:54
1.06,0.0,02:00:27
1.06,0.0,02:01:01
1.06,0.0,02:01:34
1.06,0.0,02:02:08
1.06,0.0,02:02:41
1.06,0.0,02:03:15
1.06,0.0,02:03:48
1.06,0.0,02:04:21
1.06,0.0,02:04:54
1.06,0.0,02:05:28
1.06,0.0,02:06:01
1.06,0.0,02:06:34
1.07,0.94339623,02:07:08
1.07,0.0,02:07:42
1.07,0.0,02:08:15
1.07,0.0,02:08:48
1.07,0.0,02:09:22
1.07,0.0,02:09:55
1.07,0.0,02:10:28
1.07,0.0,02:11:02
1.07,0.0,02:11:34
1.07,0.0,02:12:08
1.07,0.0,02:12:41
1.07,0.0,02:13:15
1.07,0.0,02:13:48
1.07,0.0,02:14:25
1.07,0.0,02:14:59
1.07,0.0,02:15:32
1.07,0.0,02:16:05
1.07,0.0,02:16:38
1.07,0.0,02:17:12
1.07,0.0,02:17:45
1.07,0.0,02:18:18
1.07,0.0,02:18:51
1.07,0.0,02:19:24
1.07,0.0,02:19:57
1.07,0.0,02:20:31
1.07,0.0,02:21:04
1.07,0.0,02:21:37
1.07,0.0,02:22:11
1.07,0.0,02:22:44
1.07,0.0,02:23:17
1.07,0.0,02:23:51
1.07,0.0,02:24:24
1.07,0.0,02:24:58
1.07,0.0,02:25:31
1.07,0.0,02:26:04
1.07,0.0,02:26:37
1.07,0.0,02:27:10
1.07,0.0,02:27:44
1.07,0.0,02:28:17
1.07,0.0,02:28:50
1.07,0.0,02:29:24
1.07,0.0,02:29:57
1.07,0.0,02:30:30
1.07,0.0,02:31:04
1.07,0.0,02:31:37
1.07,0.0,02:32:10
1.07,0.0,02:32:43
1.07,0.0,02:33:17
1.07,0.0,02:33:50
1.07,0.0,02:34:23
1.07,0.0,02:34:56
1.07,0.0,02:35:30
1.07,0.0,02:36:03
1.07,0.0,02:36:37
1.07,0.0,02:37:10
1.07,0.0,02:37:42
1.07,0.0,02:38:16
1.07,0.0,02:38:49
1.07,0.0,02:39:22
1.05,-1.86915888,02:39:56
1.05,0.0,02:40:29
1.05,0.0,02:41:03
1.05,0.0,02:41:36
1.05,0.0,02:42:09
1.05,0.0,02:42:42
1.05,0.0,02:43:16
1.05,0.0,02:43:49
1.05,0.0,02:44:22
1.05,0.0,02:44:55
1.05,0.0,02:45:29
1.05,0.0,02:46:02
1.05,0.0,02:46:36
1.05,0.0,02:47:09
1.05,0.0,02:47:42
1.05,0.0,02:48:15
1.05,0.0,02:48:49
1.05,0.0,02:49:22
1.05,0.0,02:49:55
1.05,0.0,02:50:29
1.05,0.0,02:51:02
1.05,0.0,02:51:35
1.05,0.0,02:52:08
1.05,0.0,02:52:42
1.05,0.0,02:53:15
1.05,0.0,02:53:48
1.05,0.0,02:54:21
1.05,0.0,02:54:54
1.05,0.0,02:55:27
1.05,0.0,02:56:01
1.05,0.0,02:56:34
1.05,0.0,02:57:07
1.05,0.0,02:57:40
1.05,0.0,02:58:14
1.05,0.0,02:58:47
1.05,0.0,02:59:20
1.05,0.0,02:59:53
1.08,2.85714286,03:00:26
1.08,0.0,03:00:59
1.08,0.0,03:01:32
1.08,0.0,03:02:05
1.08,0.0,03:02:39
1.08,0.0,03:03:12
1.08,0.0,03:03:46
1.08,0.0,03:04:19
1.08,0.0,03:04:53
1.08,0.0,03:05:26
1.08,0.0,03:05:58
1.08,0.0,03:06:31
1.08,0.0,03:07:05
1.08,0.0,03:07:38
1.08,0.0,03:08:11
1.08,0.0,03:08:44
1.08,0.0,03:09:17
1.08,0.0,03:09:50
1.08,0.0,03:10:23
1.08,0.0,03:10:57
1.08,0.0,03:11:30
1.08,0.0,03:12:04
1.08,0.0,03:12:37
1.08,0.0,03:13:10
1.08,0.0,03:13:44
1.08,0.0,03:14:17
1.08,0.0,03:14:50
1.08,0.0,03:15:24
1.08,0.0,03:15:57
1.08,0.0,03:16:29
1.08,0.0,03:17:02
1.08,0.0,03:17:35
1.08,0.0,03:18:09
1.08,0.0,03:18:42
1.08,0.0,03:19:15
1.08,0.0,03:19:49
1.08,0.0,03:20:22
1.08,0.0,03:20:55
1.08,0.0,03:21:27
1.08,0.0,03:22:01
1.08,0.0,03:22:34
1.08,0.0,03:23:07
1.08,0.0,03:23:40
1.08,0.0,03:24:14
1.08,0.0,03:24:47
1.08,0.0,03:25:20
1.08,0.0,03:25:54
1.08,0.0,03:26:27
1.08,0.0,03:27:00
1.08,0.0,03:27:33
1.08,0.0,03:28:07
1.08,0.0,03:28:40
1.08,0.0,03:29:13
1.08,0.0,03:29:46
1.08,0.0,03:30:19
1.08,0.0,03:30:52
1.08,0.0,03:31:25
1.08,0.0,03:31:59
1.08,0.0,03:32:32
1.08,0.0,03:33:05
1.08,0.0,03:33:39
1.08,0.0,03:34:11
1.08,0.0,03:34:45
1.08,0.0,03:35:18
1.08,0.0,03:35:52
1.08,0.0,03:36:25
1.08,0.0,03:36:59
1.08,0.0,03:37:32
1.08,0.0,03:38:06
1.08,0.0,03:38:39
1.08,0.0,03:39:12
1.08,0.0,03:39:46
1.08,0.0,03:40:19
1.08,0.0,03:40:51
1.08,0.0,03:41:24
1.08,0.0,03:41:57
1.08,0.0,03:42:31
1.08,0.0,03:43:04
1.08,0.0,03:43:37
1.08,0.0,03:44:10
1.08,0.0,03:44:43
1.08,0.0,03:45:16
1.08,0.0,03:45:49
1.08,0.0,03:46:23
1.08,0.0,03:46:56
1.08,0.0,03:47:30
1.08,0.0,03:48:03
1.08,0.0,03:48:35
1.08,0.0,03:49:08
1.08,0.0,03:49:42
1.08,0.0,03:50:15
1.08,0.0,03:50:49
1.08,0.0,03:51:23
1.08,0.0,03:51:56
1.08,0.0,03:52:28
1.08,0.0,03:53:02
1.08,0.0,03:53:36
1.08,0.0,03:54:09
1.08,0.0,03:54:42
1.08,0.0,03:55:15
1.08,0.0,03:55:50
1.08,0.0,03:56:23
1.08,0.0,03:56:57
1.08,0.0,03:57:30
1.08,0.0,03:58:03
1.08,0.0,03:58:37
1.08,0.0,03:59:10
1.08,0.0,03:59:44
1.08,0.0,04:00:17
1.08,0.0,04:00:50
1.08,0.0,04:01:23
1.08,0.0,04:01:56
1.08,0.0,04:02:30
1.08,0.0,04:03:03
1.08,0.0,04:03:36
1.08,0.0,04:04:09
1.08,0.0,04:04:43
1.08,0.0,04:05:17
1.08,0.0,04:05:50
1.08,0.0,04:06:23
1.08,0.0,04:06:57
1.08,0.0,04:07:30
1.08,0.0,04:08:04
1.08,0.0,04:08:37
1.08,0.0,04:09:11
1.08,0.0,04:09:44
1.08,0.0,04:10:17
1.08,0.0,04:10:51
1.08,0.0,04:11:24
1.08,0.0,04:11:58
1.08,0.0,04:12:31
1.08,0.0,04:13:05
1.08,0.0,04:13:38
1.08,0.0,04:14:12
1.08,0.0,04:14:45
1.08,0.0,04:15:19
1.08,0.0,04:15:52
1.08,0.0,04:16:26
1.08,0.0,04:16:59
1.08,0.0,04:17:32
1.06,-1.85185185,04:18:06
1.06,0.0,04:18:39
1.06,0.0,04:19:13
1.06,0.0,04:19:46
1.06,0.0,04:20:19
1.06,0.0,04:20:53
1.06,0.0,04:21:26
1.06,0.0,04:21:59
1.06,0.0,04:22:32
1.1,3.77358491,04:23:05
1.1,0.0,04:23:38
1.1,0.0,04:24:12
1.1,0.0,04:24:45
1.1,0.0,04:25:19
1.1,0.0,04:25:52
1.1,0.0,04:26:25
1.1,0.0,04:26:59
1.1,0.0,04:27:38
1.1,0.0,04:28:12
1.1,0.0,04:28:45
1.1,0.0,04:29:18
1.1,0.0,04:29:51
1.1,0.0,04:30:25
1.1,0.0,04:30:58
1.1,0.0,04:31:31
1.1,0.0,04:32:05
1.1,0.0,04:32:38
1.1,0.0,04:33:11
1.1,0.0,04:33:44
1.1,0.0,04:34:18
1.1,0.0,04:34:51
1.1,0.0,04:35:24
1.1,0.0,04:35:57
1.1,0.0,04:36:30
1.1,0.0,04:37:03
1.1,0.0,04:37:36
1.06,-3.63636364,04:38:09
1.06,0.0,04:38:42
1.06,0.0,04:39:15
1.06,0.0,04:39:49
1.06,0.0,04:40:22
1.06,0.0,04:40:55
1.06,0.0,04:41:28
1.06,0.0,04:42:02
1.06,0.0,04:42:35
1.06,0.0,04:43:09
1.06,0.0,04:43:42
1.06,0.0,04:44:15
1.06,0.0,04:44:49
1.06,0.0,04:45:22
1.06,0.0,04:45:56
1.06,0.0,04:46:29
1.06,0.0,04:47:03
1.06,0.0,04:47:36
1.06,0.0,04:48:10
1.06,0.0,04:48:43
1.06,0.0,04:49:17
1.06,0.0,04:49:50
1.06,0.0,04:50:24
1.06,0.0,04:50:57
1.06,0.0,04:51:31
1.06,0.0,04:52:04
1.06,0.0,04:52:38
1.06,0.0,04:53:12
1.06,0.0,04:53:45
1.06,0.0,04:54:19
1.06,0.0,04:54:52
1.06,0.0,04:55:26
1.06,0.0,04:55:59
1.06,0.0,04:56:33
1.06,0.0,04:57:06
1.06,0.0,04:57:40
1.06,0.0,04:58:13
1.06,0.0,04:58:47
1.06,0.0,04:59:20
1.06,0.0,04:59:54
1.06,0.0,05:00:27
1.06,0.0,05:01:01
1.06,0.0,05:01:34
1.06,0.0,05:02:07
1.06,0.0,05:02:40
1.06,0.0,05:03:14
1.06,0.0,05:03:47
1.06,0.0,05:04:21
1.06,0.0,05:04:54
1.06,0.0,05:05:27
1.06,0.0,05:06:00
1.06,0.0,05:06:33
1.06,0.0,05:07:06
1.06,0.0,05:07:40
1.06,0.0,05:08:13
1.06,0.0,05:08:47
1.06,0.0,05:09:20
1.06,0.0,05:09:52
1.06,0.0,05:10:26
1.06,0.0,05:10:59
1.06,0.0,05:11:32
1.06,0.0,05:12:05
1.06,0.0,05:12:39
1.06,0.0,05:13:12
1.06,0.0,05:13:45
1.06,0.0,05:14:18
1.06,0.0,05:14:51
1.06,0.0,05:15:24
1.06,0.0,05:15:57
1.06,0.0,05:16:31
1.06,0.0,05:17:04
1.06,0.0,05:17:38
1.06,0.0,05:18:10
1.06,0.0,05:18:43
1.06,0.0,05:19:17
1.06,0.0,05:19:50
1.06,0.0,05:20:23
1.06,0.0,05:20:57
1.06,0.0,05:21:30
1.06,0.0,05:22:03
1.06,0.0,05:22:37
1.06,0.0,05:23:10
1.06,0.0,05:23:44
1.06,0.0,05:24:17
1.06,0.0,05:24:50
1.06,0.0,05:25:24
1.06,0.0,05:25:57
1.06,0.0,05:26:31
1.06,0.0,05:27:04
1.06,0.0,05:27:38
1.06,0.0,05:28:11
1.06,0.0,05:28:45
1.06,0.0,05:29:18
1.06,0.0,05:29:51
1.06,0.0,05:30:24
1.06,0.0,05:30:58
1.06,0.0,05:31:31
1.06,0.0,05:32:05
1.06,0.0,05:32:38
1.06,0.0,05:33:12
1.06,0.0,05:33:45
1.06,0.0,05:34:18
1.06,0.0,05:34:52
1.06,0.0,05:35:25
1.06,0.0,05:35:59
1.06,0.0,05:36:32
1.06,0.0,05:37:06
1.06,0.0,05:37:39
1.06,0.0,05:38:13
1.06,0.0,05:38:46
1.06,0.0,05:39:20
1.06,0.0,05:39:53
1.06,0.0,05:40:27
1.06,0.0,05:41:00
1.06,0.0,05:41:34
1.06,0.0,05:42:07
1.06,0.0,05:42:41
1.06,0.0,05:43:15
1.06,0.0,05:43:48
1.06,0.0,05:44:21
1.09,2.83018868,05:44:55
1.09,0.0,05:45:28
1.09,0.0,05:46:02
1.09,0.0,05:46:35
1.09,0.0,05:47:08
1.09,0.0,05:47:42
1.09,0.0,05:48:15
1.09,0.0,05:48:49
1.09,0.0,05:49:22
1.09,0.0,05:49:56
1.09,0.0,05:50:29
1.09,0.0,05:51:03
1.09,0.0,05:51:36
1.09,0.0,05:52:10
1.09,0.0,05:52:43
1.09,0.0,05:53:17
1.09,0.0,05:53:50
1.09,0.0,05:54:24
1.09,0.0,05:54:57
1.09,0.0,05:55:31
1.09,0.0,05:56:04
1.09,0.0,05:56:38
1.09,0.0,05:57:11
1.09,0.0,05:57:45
1.09,0.0,05:58:18
1.09,0.0,05:58:52
1.09,0.0,05:59:25
1.09,0.0,05:59:59
1.09,0.0,06:00:32
1.09,0.0,06:01:05
1.09,0.0,06:01:38
1.09,0.0,06:02:12
1.09,0.0,06:02:46
1.09,0.0,06:03:19
1.09,0.0,06:03:53
1.09,0.0,06:04:26
1.09,0.0,06:05:00
1.09,0.0,06:05:34
1.09,0.0,06:06:07
1.09,0.0,06:06:41
1.09,0.0,06:07:14
1.09,0.0,06:07:48
1.09,0.0,06:08:21
1.09,0.0,06:08:54
1.09,0.0,06:09:27
1.09,0.0,06:10:01
1.09,0.0,06:10:34
1.09,0.0,06:11:08
1.09,0.0,06:11:41
1.09,0.0,06:12:15
1.09,0.0,06:12:49
1.09,0.0,06:13:22
1.09,0.0,06:13:56
1.09,0.0,06:14:29
1.09,0.0,06:15:03
1.09,0.0,06:15:36
1.09,0.0,06:16:09
1.09,0.0,06:16:43
1.09,0.0,06:17:16
1.09,0.0,06:17:50
1.09,0.0,06:18:23
1.09,0.0,06:18:57
1.09,0.0,06:19:32
1.09,0.0,06:20:05
1.09,0.0,06:20:39
1.09,0.0,06:21:13
1.09,0.0,06:21:46
1.09,0.0,06:22:20
1.09,0.0,06:22:53
1.09,0.0,06:23:27
1.09,0.0,06:24:00
1.09,0.0,06:24:34
1.09,0.0,06:25:08
1.09,0.0,06:25:41
1.09,0.0,06:26:14
1.09,0.0,06:26:48
1.09,0.0,06:27:22
1.09,0.0,06:27:55
1.09,0.0,06:28:29
1.09,0.0,06:29:02
1.09,0.0,06:29:36
1.09,0.0,06:30:09
1.09,0.0,06:30:43
1.09,0.0,06:31:16
1.09,0.0,06:31:50
1.09,0.0,06:32:23
1.09,0.0,06:32:57
1.09,0.0,06:33:30
1.09,0.0,06:34:04
1.09,0.0,06:34:37
1.09,0.0,06:35:10
1.09,0.0,06:35:44
1.09,0.0,06:36:17
1.09,0.0,06:36:50
1.09,0.0,06:37:24
1.09,0.0,06:37:57
1.09,0.0,06:38:31
1.09,0.0,06:39:04
1.09,0.0,06:39:38
1.09,0.0,06:40:12
1.09,0.0,06:40:45
1.09,0.0,06:41:21
1.09,0.0,06:41:55
1.09,0.0,06:42:28
1.09,0.0,06:43:02
1.09,0.0,06:43:35
1.09,0.0,06:44:09
1.09,0.0,06:44:42
1.09,0.0,06:45:16
1.09,0.0,06:45:49
1.09,0.0,06:46:23
1.09,0.0,06:46:56
1.06,-2.75229358,06:47:30
1.06,0.0,06:48:03
1.09,2.83018868,06:48:36
1.05,-3.66972477,06:49:10
1.05,0.0,06:49:43
1.05,0.0,06:50:17
1.05,0.0,06:50:50
1.05,0.0,06:51:24
1.05,0.0,06:51:57
1.05,0.0,06:52:30
1.05,0.0,06:53:04
1.05,0.0,06:53:37
1.05,0.0,06:54:11
1.05,0.0,06:54:44
1.05,0.0,06:55:18
1.05,0.0,06:55:51
1.05,0.0,06:56:25
1.05,0.0,06:56:58
1.05,0.0,06:57:31
1.05,0.0,06:58:05
1.05,0.0,06:58:39
1.05,0.0,06:59:12
1.05,0.0,06:59:46
1.05,0.0,07:00:19
1.05,0.0,07:00:52
1.05,0.0,07:01:26
1.05,0.0,07:01:59
1.05,0.0,07:02:33
1.05,0.0,07:03:06
1.05,0.0,07:03:40
1.05,0.0,07:04:14
1.05,0.0,07:04:47
1.05,0.0,07:05:21
1.05,0.0,07:05:55
1.1,4.76190476,07:06:28
1.1,0.0,07:07:02
1.1,0.0,07:07:35
1.08,-1.81818182,07:08:09
1.08,0.0,07:08:41
1.08,0.0,07:09:14
1.08,0.0,07:09:48
1.08,0.0,07:10:21
1.08,0.0,07:10:54
1.08,0.0,07:11:27
1.08,0.0,07:12:01
1.08,0.0,07:12:34
1.08,0.0,07:13:08
1.08,0.0,07:13:41
1.08,0.0,07:14:15
1.08,0.0,07:14:49
1.08,0.0,07:15:22
1.08,0.0,07:15:56
1.08,0.0,07:16:29
1.08,0.0,07:17:04
1.08,0.0,07:17:37
1.08,0.0,07:18:11
1.08,0.0,07:18:44
1.08,0.0,07:19:18
1.08,0.0,07:19:51
1.08,0.0,07:20:25
1.08,0.0,07:20:58
1.08,0.0,07:21:32
1.08,0.0,07:22:05
1.08,0.0,07:22:39
1.08,0.0,07:23:12
1.08,0.0,07:23:46
1.08,0.0,07:24:19
1.08,0.0,07:24:53
1.08,0.0,07:25:26
1.08,0.0,07:25:59
1.08,0.0,07:26:33
1.08,0.0,07:27:07
1.08,0.0,07:27:40
1.08,0.0,07:28:13
1.05,-2.77777778,07:28:47
1.05,0.0,07:29:20
1.05,0.0,07:29:53
1.05,0.0,07:30:27
1.05,0.0,07:31:00
1.08,2.85714286,07:31:34
1.08,0.0,07:32:07
1.08,0.0,07:32:41
1.08,0.0,07:33:14
1.08,0.0,07:33:47
1.08,0.0,07:34:21
1.08,0.0,07:34:54
1.08,0.0,07:35:28
1.08,0.0,07:36:01
1.08,0.0,07:36:35
1.08,0.0,07:37:08
1.08,0.0,07:37:41
1.08,0.0,07:38:14
1.08,0.0,07:38:48
1.08,0.0,07:39:21
1.08,0.0,07:39:55
1.08,0.0,07:40:28
1.08,0.0,07:41:02
1.08,0.0,07:41:35
1.08,0.0,07:42:09
1.08,0.0,07:42:42
1.08,0.0,07:43:15
1.08,0.0,07:43:49
1.08,0.0,07:44:22
1.08,0.0,07:44:55
1.08,0.0,07:45:29
1.08,0.0,07:46:02
1.08,0.0,07:46:36
1.08,0.0,07:47:09
1.08,0.0,07:47:43
1.08,0.0,07:48:16
1.08,0.0,07:48:50
1.08,0.0,07:49:23
1.08,0.0,07:49:57
1.08,0.0,07:50:30
1.06,-1.85185185,07:51:04
1.06,0.0,07:51:37
1.06,0.0,07:52:11
1.06,0.0,07:52:44
1.06,0.0,07:53:18
1.06,0.0,07:53:51
1.06,0.0,07:54:24
1.06,0.0,07:54:58
1.06,0.0,07:55:32
1.06,0.0,07:56:05
1.06,0.0,07:56:39
1.06,0.0,07:57:12
1.06,0.0,07:57:46
1.06,0.0,07:58:20
1.06,0.0,07:58:53
1.06,0.0,07:59:27
1.06,0.0,08:00:01
1.06,0.0,08:00:34
1.06,0.0,08:01:07
1.06,0.0,08:01:41
1.06,0.0,08:02:14
1.08,1.88679245,08:02:48
1.06,-1.85185185,08:03:21
1.06,0.0,08:03:55
1.06,0.0,08:04:29
1.06,0.0,08:05:02
1.06,0.0,08:05:35
1.06,0.0,08:06:09
1.06,0.0,08:06:43
1.06,0.0,08:07:16
1.06,0.0,08:07:50
1.06,0.0,08:08:24
1.06,0.0,08:08:57
1.06,0.0,08:09:30
1.06,0.0,08:10:04
1.06,0.0,08:10:38
1.07,0.94339623,08:11:11
1.07,0.0,08:11:45
1.07,0.0,08:12:18
1.07,0.0,08:12:52
1.07,0.0,08:13:25
1.07,0.0,08:13:59
1.07,0.0,08:14:33
1.07,0.0,08:15:06
1.07,0.0,08:15:40
1.07,0.0,08:16:13
1.07,0.0,08:16:47
1.07,0.0,08:17:20
1.07,0.0,08:17:53
1.07,0.0,08:18:27
1.07,0.0,08:19:00
1.07,0.0,08:19:34
1.07,0.0,08:20:08
1.07,0.0,08:20:41
1.07,0.0,08:21:15
1.07,0.0,08:21:48
1.07,0.0,08:22:22
1.07,0.0,08:22:55
1.07,0.0,08:23:29
1.06,-0.93457944,08:24:02
1.06,0.0,08:24:36
1.06,0.0,08:25:09
1.06,0.0,08:25:43
1.06,0.0,08:26:16
1.06,0.0,08:26:50
1.07,0.94339623,08:27:24
1.07,0.0,08:27:57
1.07,0.0,08:28:31
1.07,0.0,08:29:04
1.07,0.0,08:29:38
1.06,-0.93457944,08:30:11
1.06,0.0,08:30:45
1.06,0.0,08:31:18
1.06,0.0,08:31:52
1.06,0.0,08:32:26
1.06,0.0,08:32:59
1.06,0.0,08:33:33
1.06,0.0,08:34:06
1.06,0.0,08:34:39
1.06,0.0,08:35:13
1.06,0.0,08:35:46
1.06,0.0,08:36:20
1.06,0.0,08:36:53
1.06,0.0,08:37:27
1.06,0.0,08:38:01
1.06,0.0,08:38:34
1.06,0.0,08:39:08
1.06,0.0,08:39:41
1.06,0.0,08:40:15
1.06,0.0,08:40:48
1.06,0.0,08:41:22
1.06,0.0,08:41:55
1.06,0.0,08:42:29
1.06,0.0,08:43:02
1.05,-0.94339623,08:43:36
1.05,0.0,08:44:09
1.05,0.0,08:44:43
1.05,0.0,08:45:16
1.05,0.0,08:45:50
1.05,0.0,08:46:23
1.05,0.0,08:46:57
1.05,0.0,08:47:30
1.05,0.0,08:48:04
1.05,0.0,08:48:37
1.05,0.0,08:49:11
1.05,0.0,08:49:44
1.05,0.0,08:50:18
1.05,0.0,08:50:51
1.05,0.0,08:51:25
1.05,0.0,08:51:58
1.05,0.0,08:52:32
1.05,0.0,08:53:05
1.05,0.0,08:53:39
1.06,0.95238095,08:54:12
1.04,-1.88679245,08:54:46
1.04,0.0,08:55:23
1.04,0.0,08:55:56
1.04,0.0,08:56:30
1.04,0.0,08:57:04
1.04,0.0,08:57:37
1.04,0.0,08:58:10
1.04,0.0,08:58:44
1.04,0.0,08:59:18
1.04,0.0,08:59:52
1.04,0.0,09:00:25
1.04,0.0,09:00:59
1.04,0.0,09:01:32
1.04,0.0,09:02:06
1.04,0.0,09:02:39
1.04,0.0,09:03:13
1.04,0.0,09:03:46
1.04,0.0,09:04:20
1.04,0.0,09:04:53
1.04,0.0,09:05:27
1.04,0.0,09:06:00
1.04,0.0,09:06:34
1.04,0.0,09:07:07
1.04,0.0,09:07:41
1.04,0.0,09:08:14
1.04,0.0,09:08:48
1.04,0.0,09:09:22
1.04,0.0,09:09:55
1.04,0.0,09:10:28
1.04,0.0,09:11:02
1.04,0.0,09:11:35
1.04,0.0,09:12:09
1.04,0.0,09:12:42
1.05,0.96153846,09:13:15
1.05,0.0,09:13:49
1.05,0.0,09:14:22
1.05,0.0,09:14:56
1.05,0.0,09:15:29
1.05,0.0,09:16:02
1.05,0.0,09:16:36
1.05,0.0,09:17:09
1.05,0.0,09:17:43
1.05,0.0,09:18:17
1.05,0.0,09:18:50
1.05,0.0,09:19:23
1.05,0.0,09:19:57
1.05,0.0,09:20:30
1.04,-0.95238095,09:21:04
1.04,0.0,09:21:38
1.04,0.0,09:22:12
1.04,0.0,09:22:45
1.04,0.0,09:23:19
1.04,0.0,09:23:52
1.04,0.0,09:24:26
1.04,0.0,09:24:59
1.05,0.96153846,09:25:33
1.05,0.0,09:26:06
1.05,0.0,09:26:40
1.05,0.0,09:27:14
1.05,0.0,09:27:47
1.05,0.0,09:28:21
1.05,0.0,09:28:54
1.05,0.0,09:29:28
1.05,0.0,09:30:01
1.05,0.0,09:30:34
1.05,0.0,09:31:08
1.05,0.0,09:31:41
1.05,0.0,09:32:15
1.05,0.0,09:32:48
1.05,0.0,09:33:22
1.04,-0.95238095,09:33:55
1.04,0.0,09:34:45
1.04,0.0,09:35:19
1.04,0.0,09:35:53
1.04,0.0,09:36:26
1.04,0.0,09:37:00
1.04,0.0,09:37:33
1.04,0.0,09:38:07
1.04,0.0,09:38:41
1.04,0.0,09:39:14
1.04,0.0,09:39:48
1.04,0.0,09:40:22
1.04,0.0,09:40:56
1.04,0.0,09:41:29
1.04,0.0,09:42:03
1.04,0.0,09:42:36
1.04,0.0,09:43:10
1.04,0.0,09:43:43
1.04,0.0,09:44:17
1.04,0.0,09:44:51
1.04,0.0,09:45:24
1.04,0.0,09:45:58
1.04,0.0,09:46:31
1.04,0.0,09:47:05
1.04,0.0,09:47:38
1.05,0.96153846,09:48:12
1.05,0.0,09:48:45
1.05,0.0,09:49:19
1.05,0.0,09:49:53
1.05,0.0,09:50:26
1.05,0.0,09:51:00
1.05,0.0,09:51:34
1.05,0.0,09:52:07
1.05,0.0,09:52:41
1.05,0.0,09:53:14
1.05,0.0,09:53:48
1.05,0.0,09:54:21
1.05,0.0,09:54:55
1.05,0.0,09:55:28
1.05,0.0,09:56:01
1.05,0.0,09:56:35
1.05,0.0,09:57:08
1.05,0.0,09:57:42
1.05,0.0,09:58:15
1.05,0.0,09:58:49
1.05,0.0,09:59:23
1.05,0.0,09:59:56
1.05,0.0,10:00:29
1.05,0.0,10:01:03
1.05,0.0,10:01:37
1.05,0.0,10:02:10
1.05,0.0,10:02:44
1.05,0.0,10:03:18
1.05,0.0,10:03:51
1.05,0.0,10:04:25
1.05,0.0,10:04:59
1.05,0.0,10:05:32
1.05,0.0,10:06:06
1.05,0.0,10:06:39
1.05,0.0,10:07:13
1.05,0.0,10:07:46
1.05,0.0,10:08:20
1.05,0.0,10:08:53
1.05,0.0,10:09:27
1.05,0.0,10:10:00
1.05,0.0,10:10:34
1.05,0.0,10:11:08
1.05,0.0,10:11:41
1.05,0.0,10:12:15
1.05,0.0,10:12:48
1.05,0.0,10:13:22
1.05,0.0,10:13:56
1.05,0.0,10:14:29
1.04,-0.95238095,10:15:03
1.04,0.0,10:15:36
1.04,0.0,10:16:10
1.04,0.0,10:16:44
1.04,0.0,10:17:17
1.04,0.0,10:17:51
1.04,0.0,10:18:24
1.04,0.0,10:18:58
1.04,0.0,10:19:32
1.04,0.0,10:20:05
1.04,0.0,10:20:39
1.04,0.0,10:21:12
1.04,0.0,10:21:46
1.04,0.0,10:22:19
1.04,0.0,10:22:53
1.04,0.0,10:23:26
1.04,0.0,10:24:00
1.04,0.0,10:24:34
1.04,0.0,10:25:07
1.04,0.0,10:25:41
1.04,0.0,10:26:14
1.04,0.0,10:26:48
1.04,0.0,10:27:22
1.04,0.0,10:27:55
1.04,0.0,10:28:29
1.04,0.0,10:29:03
1.04,0.0,10:29:36
1.04,0.0,10:30:10
1.04,0.0,10:30:43
1.04,0.0,10:31:17
1.04,0.0,10:31:51
1.04,0.0,10:32:24
1.04,0.0,10:32:58
1.04,0.0,10:33:31
1.04,0.0,10:34:05
1.04,0.0,10:34:39
1.04,0.0,10:35:12
1.04,0.0,10:35:46
1.04,0.0,10:36:19
1.04,0.0,10:36:53
1.04,0.0,10:37:27
1.03,-0.96153846,10:38:00
1.03,0.0,10:38:34
1.03,0.0,10:39:07
1.03,0.0,10:39:41
1.04,0.97087379,10:40:15
1.04,0.0,10:40:48
1.04,0.0,10:41:22
1.04,0.0,10:41:55
1.04,0.0,10:42:29
1.04,0.0,10:43:03
1.04,0.0,10:43:36
1.04,0.0,10:44:10
1.04,0.0,10:44:44
1.04,0.0,10:45:17
1.04,0.0,10:45:51
1.04,0.0,10:46:24
1.04,0.0,10:46:58
1.04,0.0,10:47:31
1.04,0.0,10:48:05
1.04,0.0,10:48:38
1.04,0.0,10:49:12
1.04,0.0,10:49:45
1.04,0.0,10:50:19
1.04,0.0,10:50:52
1.04,0.0,10:51:26
1.04,0.0,10:51:59
1.04,0.0,10:52:33
1.04,0.0,10:53:07
1.04,0.0,10:53:41
1.04,0.0,10:54:15
1.04,0.0,10:54:48
1.04,0.0,10:55:22
1.04,0.0,10:55:56
1.04,0.0,10:56:29
1.04,0.0,10:57:03
1.04,0.0,10:57:37
1.04,0.0,10:58:10
1.04,0.0,10:58:44
1.04,0.0,10:59:17
1.04,0.0,10:59:51
1.04,0.0,11:00:25
1.04,0.0,11:00:58
1.04,0.0,11:01:31
1.04,0.0,11:02:05
1.04,0.0,11:02:38
1.04,0.0,11:03:12
1.04,0.0,11:03:45
1.04,0.0,11:04:19
1.04,0.0,11:04:53
1.04,0.0,11:05:26
1.04,0.0,11:05:59
1.04,0.0,11:06:33
1.04,0.0,11:07:07
1.04,0.0,11:07:40
1.03,-0.96153846,11:08:14
1.04,0.97087379,11:08:48
1.04,0.0,11:09:22
1.05,0.96153846,11:09:58
1.05,0.0,11:10:32
1.05,0.0,11:11:05
1.05,0.0,11:11:39
1.05,0.0,11:12:12
1.05,0.0,11:12:46
1.05,0.0,11:13:19
1.05,0.0,11:13:52
1.05,0.0,11:14:26
1.05,0.0,11:15:00
1.05,0.0,11:15:34
1.05,0.0,11:16:07
1.05,0.0,11:16:41
1.05,0.0,11:17:14
1.05,0.0,11:17:48
1.05,0.0,11:18:22
1.05,0.0,11:18:55
1.05,0.0,11:19:28
1.05,0.0,11:20:02
1.05,0.0,11:20:35
1.05,0.0,11:21:08
1.05,0.0,11:21:42
1.05,0.0,11:22:15
1.05,0.0,11:22:49
1.04,-0.95238095,11:23:22
1.04,0.0,11:23:56
1.05,0.96153846,11:24:29
1.05,0.0,11:25:03
1.05,0.0,11:25:36
1.05,0.0,11:26:10
1.05,0.0,11:26:43
1.04,-0.95238095,11:27:16
1.04,0.0,11:27:49
1.04,0.0,11:28:22
1.04,0.0,11:28:56
1.04,0.0,11:29:29
1.04,0.0,11:30:02
1.04,0.0,11:30:36
1.04,0.0,11:31:09
1.04,0.0,11:31:42
1.04,0.0,11:32:16
1.04,0.0,11:32:49
1.04,0.0,11:33:23
1.04,0.0,11:33:56
1.04,0.0,11:34:30
1.04,0.0,11:35:03
1.04,0.0,11:35:37
1.04,0.0,11:36:10
1.04,0.0,11:36:42
1.06,1.92307692,11:37:16
1.06,0.0,11:37:50
1.06,0.0,11:38:22
1.06,0.0,11:38:56
1.06,0.0,11:39:29
1.06,0.0,11:40:03
1.04,-1.88679245,11:40:36
1.04,0.0,11:41:09
1.04,0.0,11:41:43
1.04,0.0,11:42:16
1.04,0.0,11:42:49
1.05,0.96153846,11:43:23
1.05,0.0,11:43:56
1.05,0.0,11:44:30
1.05,0.0,11:45:03
1.05,0.0,11:45:37
1.05,0.0,11:46:10
1.05,0.0,11:46:44
1.06,0.95238095,11:47:16
1.06,0.0,11:47:50
1.06,0.0,11:48:24
1.06,0.0,11:48:57
1.06,0.0,11:49:31
1.06,0.0,11:50:04
1.05,-0.94339623,11:50:38
1.05,0.0,11:51:11
1.05,0.0,11:51:44
1.05,0.0,11:52:18
1.05,0.0,11:52:51
1.05,0.0,11:53:25
1.05,0.0,11:53:59
1.05,0.0,11:54:32
1.05,0.0,11:55:05
1.05,0.0,11:55:38
1.05,0.0,11:56:13
1.05,0.0,11:56:47
1.06,0.95238095,11:57:20
1.06,0.0,11:57:53
1.06,0.0,11:58:26
1.06,0.0,11:58:59
1.06,0.0,11:59:33
1.06,0.0,12:00:06
1.06,0.0,12:00:39
1.06,0.0,12:01:12
1.06,0.0,12:01:46
1.06,0.0,12:02:19
1.04,-1.88679245,12:02:52
1.04,0.0,12:03:26
1.04,0.0,12:04:00
1.04,0.0,12:04:33
1.04,0.0,12:05:06
1.04,0.0,12:05:40
1.04,0.0,12:06:13
1.04,0.0,12:06:46
1.04,0.0,12:07:20
1.04,0.0,12:07:52
1.04,0.0,12:08:27
1.04,0.0,12:09:01
1.04,0.0,12:09:34
1.04,0.0,12:10:08
1.04,0.0,12:10:41
1.04,0.0,12:11:14
1.04,0.0,12:11:48
1.04,0.0,12:12:21
1.05,0.96153846,12:12:55
1.05,0.0,12:13:28
1.05,0.0,12:14:02
1.05,0.0,12:14:36
1.04,-0.95238095,12:15:09
1.05,0.96153846,12:15:42
1.05,0.0,12:16:16
1.05,0.0,12:16:49
1.05,0.0,12:17:23
1.05,0.0,12:17:56
1.05,0.0,12:18:29
1.05,0.0,12:19:02
1.05,0.0,12:19:35
1.05,0.0,12:20:09
1.05,0.0,12:20:42
1.05,0.0,12:21:16
1.05,0.0,12:21:50
1.05,0.0,12:22:23
1.05,0.0,12:22:56
1.05,0.0,12:23:29
1.05,0.0,12:24:02
1.05,0.0,12:24:36
1.05,0.0,12:25:09
1.05,0.0,12:25:42
1.05,0.0,12:26:16
1.05,0.0,12:26:49
1.05,0.0,12:27:23
1.05,0.0,12:27:56
1.05,0.0,12:28:30
1.05,0.0,12:29:03
1.05,0.0,12:29:37
1.05,0.0,12:30:10
1.05,0.0,12:30:44
1.05,0.0,12:31:17
1.05,0.0,12:31:50
1.05,0.0,12:32:23
1.05,0.0,12:32:57
1.05,0.0,12:33:30
1.05,0.0,12:34:04
1.06,0.95238095,12:34:37
1.06,0.0,12:35:11
1.06,0.0,12:35:44
1.06,0.0,12:36:17
1.06,0.0,12:36:51
1.06,0.0,12:37:24
1.04,-1.88679245,12:37:57
1.06,1.92307692,12:38:31
1.06,0.0,12:39:04
1.06,0.0,12:39:38
1.06,0.0,12:40:11
1.06,0.0,12:40:44
1.06,0.0,12:41:18
1.06,0.0,12:41:52
1.06,0.0,12:42:25
1.06,0.0,12:42:59
1.06,0.0,12:43:32
1.06,0.0,12:44:06
1.06,0.0,12:44:39
1.06,0.0,12:45:13
1.06,0.0,12:45:47
1.06,0.0,12:46:20
1.06,0.0,12:46:53
1.06,0.0,12:47:27
1.06,0.0,12:48:00
1.06,0.0,12:48:34
1.06,0.0,12:49:07
1.06,0.0,12:49:41
1.06,0.0,12:50:14
1.06,0.0,12:50:48
1.06,0.0,12:51:21
1.05,-0.94339623,12:51:54
1.05,0.0,12:52:28
1.05,0.0,12:53:01
1.05,0.0,12:53:35
1.05,0.0,12:54:08
1.05,0.0,12:54:42
1.06,0.95238095,12:55:15
1.06,0.0,12:55:49
1.06,0.0,12:56:22
1.07,0.94339623,12:56:56
1.07,0.0,12:57:30
1.07,0.0,12:58:03
1.07,0.0,12:58:36
1.07,0.0,12:59:09
1.07,0.0,12:59:43
1.05,-1.86915888,13:00:17
1.05,0.0,13:00:50
1.05,0.0,13:01:24
1.05,0.0,13:01:57
1.05,0.0,13:02:30
1.05,0.0,13:03:03
1.05,0.0,13:03:37
1.05,0.0,13:04:10
1.05,0.0,13:04:44
1.05,0.0,13:05:18
1.05,0.0,13:05:51
1.05,0.0,13:06:24
1.05,0.0,13:06:57
1.05,0.0,13:07:30
1.06,0.95238095,13:08:04
1.06,0.0,13:08:37
1.06,0.0,13:09:10
1.06,0.0,13:09:43
1.04,-1.88679245,13:10:16
1.04,0.0,13:10:50
1.04,0.0,13:11:23
1.04,0.0,13:11:56
1.04,0.0,13:12:28
1.04,0.0,13:13:02
1.06,1.92307692,13:13:36
1.06,0.0,13:14:09
1.06,0.0,13:14:43
1.06,0.0,13:15:16
1.06,0.0,13:15:50
1.06,0.0,13:16:22
1.04,-1.88679245,13:16:55
1.04,0.0,13:17:29
1.04,0.0,13:18:02
1.04,0.0,13:18:36
1.04,0.0,13:19:09
1.04,0.0,13:19:42
1.04,0.0,13:20:15
1.05,0.96153846,13:20:49
1.05,0.0,13:21:22
1.05,0.0,13:21:55
1.05,0.0,13:22:28
1.05,0.0,13:23:02
1.05,0.0,13:23:41
1.06,0.95238095,13:24:15
1.06,0.0,13:24:48
1.06,0.0,13:25:21
1.06,0.0,13:25:54
1.06,0.0,13:26:28
1.06,0.0,13:27:01
1.04,-1.88679245,13:27:35
1.04,0.0,13:28:09
1.04,0.0,13:28:42
1.04,0.0,13:29:15
1.04,0.0,13:29:49
1.04,0.0,13:30:22
1.04,0.0,13:30:55
1.04,0.0,13:31:28
1.04,0.0,13:32:02
1.04,0.0,13:32:35
1.04,0.0,13:33:08
1.04,0.0,13:33:41
1.04,0.0,13:34:15
1.04,0.0,13:34:49
1.04,0.0,13:35:22
1.04,0.0,13:35:55
1.04,0.0,13:36:29
1.04,0.0,13:37:02
1.04,0.0,13:37:36
1.04,0.0,13:38:09
1.04,0.0,13:38:43
1.04,0.0,13:39:17
1.04,0.0,13:39:50
1.04,0.0,13:40:23
1.04,0.0,13:40:57
1.04,0.0,13:41:30
1.04,0.0,13:42:02
1.04,0.0,13:42:36
1.04,0.0,13:43:09
1.04,0.0,13:43:43
1.04,0.0,13:44:16
1.04,0.0,13:44:50
1.04,0.0,13:45:24
1.04,0.0,13:45:57
1.04,0.0,13:46:30
1.04,0.0,13:47:03
1.04,0.0,13:47:37
1.04,0.0,13:48:10
1.04,0.0,13:48:43
1.04,0.0,13:49:17
1.04,0.0,13:49:50
1.04,0.0,13:50:24
1.04,0.0,13:50:57
1.04,0.0,13:51:30
1.04,0.0,13:52:03
1.04,0.0,13:52:36
1.04,0.0,13:53:10
1.04,0.0,13:53:43
1.04,0.0,13:54:17
1.04,0.0,13:54:50
1.04,0.0,13:55:24
1.04,0.0,13:55:58
1.04,0.0,13:56:32
1.04,0.0,13:57:06
1.04,0.0,13:57:40
1.04,0.0,13:58:14
1.04,0.0,13:58:47
1.04,0.0,13:59:20
1.04,0.0,13:59:55
1.04,0.0,14:00:28
1.04,0.0,14:01:02
1.04,0.0,14:01:37
1.04,0.0,14:02:11
1.04,0.0,14:02:45
1.04,0.0,14:03:18
1.04,0.0,14:03:52
1.04,0.0,14:04:25
1.04,0.0,14:04:59
1.06,1.92307692,14:05:32
1.06,0.0,14:06:06
1.06,0.0,14:06:39
1.06,0.0,14:07:13
1.06,0.0,14:07:47
1.06,0.0,14:08:20
1.06,0.0,14:08:54
1.06,0.0,14:09:28
1.06,0.0,14:10:02
1.06,0.0,14:10:35
1.06,0.0,14:11:09
1.05,-0.94339623,14:11:42
1.05,0.0,14:12:17
1.05,0.0,14:12:51
1.06,0.95238095,14:13:24
1.06,0.0,14:13:57
1.06,0.0,14:14:31
1.06,0.0,14:15:05
1.06,0.0,14:15:38
1.06,0.0,14:16:12
1.06,0.0,14:16:45
1.06,0.0,14:17:18
1.06,0.0,14:17:51
1.05,-0.94339623,14:18:25
1.05,0.0,14:18:59
1.05,0.0,14:19:33
1.05,0.0,14:20:06
1.05,0.0,14:20:40
1.05,0.0,14:21:13
1.05,0.0,14:21:47
1.05,0.0,14:22:20
1.05,0.0,14:22:53
1.05,0.0,14:23:26
1.05,0.0,14:24:00
1.05,0.0,14:24:33
1.05,0.0,14:25:05
1.05,0.0,14:25:39
1.05,0.0,14:26:12
1.05,0.0,14:26:45
1.05,0.0,14:27:19
1.06,0.95238095,14:27:52
1.06,0.0,14:28:25
1.06,0.0,14:28:58
1.06,0.0,14:29:31
1.06,0.0,14:30:05
1.06,0.0,14:30:38
1.06,0.0,14:31:12
1.06,0.0,14:31:45
1.06,0.0,14:32:19
1.06,0.0,14:32:52
1.06,0.0,14:33:26
1.06,0.0,14:33:58
1.06,0.0,14:34:32
1.05,-0.94339623,14:35:05
1.05,0.0,14:35:39
1.05,0.0,14:36:12
1.05,0.0,14:36:46
1.06,0.95238095,14:37:19
1.06,0.0,14:37:52
1.06,0.0,14:38:25
1.06,0.0,14:38:59
1.06,0.0,14:39:33
1.06,0.0,14:40:07
1.06,0.0,14:40:41
1.06,0.0,14:41:14
1.06,0.0,14:41:48
1.06,0.0,14:42:21
1.06,0.0,14:42:55
1.06,0.0,14:43:28
1.06,0.0,14:44:01
1.06,0.0,14:44:35
1.06,0.0,14:45:08
1.06,0.0,14:45:42
1.06,0.0,14:46:16
1.06,0.0,14:46:49
1.06,0.0,14:47:23
1.06,0.0,14:47:57
1.06,0.0,14:48:30
1.06,0.0,14:49:04
1.06,0.0,14:49:38
1.06,0.0,14:50:11
1.06,0.0,14:50:44
1.06,0.0,14:51:18
1.06,0.0,14:51:51
1.05,-0.94339623,14:52:24
1.05,0.0,14:52:58
1.05,0.0,14:53:32
1.05,0.0,14:54:05
1.05,0.0,14:54:38
1.05,0.0,14:55:11
1.05,0.0,14:55:45
1.05,0.0,14:56:18
1.05,0.0,14:56:51
1.05,0.0,14:57:24
1.05,0.0,14:57:58
1.05,0.0,14:58:31
1.06,0.95238095,14:59:04
1.06,0.0,14:59:38
1.06,0.0,15:00:11
1.06,0.0,15:00:44
1.06,0.0,15:01:18
1.06,0.0,15:01:52
1.06,0.0,15:02:25
1.06,0.0,15:02:58
1.06,0.0,15:03:32
1.06,0.0,15:04:05
1.06,0.0,15:04:38
1.06,0.0,15:05:11
1.06,0.0,15:05:45
1.06,0.0,15:06:18
1.06,0.0,15:06:52
1.06,0.0,15:07:26
1.06,0.0,15:07:59
1.06,0.0,15:08:33
1.06,0.0,15:09:06
1.06,0.0,15:09:39
1.06,0.0,15:10:12
1.06,0.0,15:10:46
1.06,0.0,15:11:19
1.06,0.0,15:11:52
1.06,0.0,15:12:26
1.06,0.0,15:12:59
1.06,0.0,15:13:33
1.06,0.0,15:14:06
1.06,0.0,15:14:39
1.06,0.0,15:15:13
1.06,0.0,15:15:46
1.06,0.0,15:16:20
1.06,0.0,15:16:53
1.06,0.0,15:17:26
1.06,0.0,15:17:59
1.05,-0.94339623,15:18:32
1.05,0.0,15:19:06
1.05,0.0,15:19:39
1.05,0.0,15:20:12
1.05,0.0,15:20:46
1.05,0.0,15:21:20
1.07,1.9047619,15:21:53
1.07,0.0,15:22:27
1.07,0.0,15:23:00
1.07,0.0,15:23:33
1.07,0.0,15:24:07
1.07,0.0,15:24:40
1.07,0.0,15:25:13
1.07,0.0,15:25:47
1.07,0.0,15:26:20
1.07,0.0,15:26:53
1.07,0.0,15:27:27
1.07,0.0,15:28:00
1.07,0.0,15:28:34
1.07,0.0,15:29:07
1.07,0.0,15:29:41
1.07,0.0,15:30:14
1.07,0.0,15:30:48
1.07,0.0,15:31:21
1.07,0.0,15:31:55
1.07,0.0,15:32:28
1.07,0.0,15:33:01
1.07,0.0,15:33:35
1.07,0.0,15:34:08
1.05,-1.86915888,15:34:42
1.05,0.0,15:35:15
1.06,0.95238095,15:35:49
1.06,0.0,15:36:22
1.06,0.0,15:36:56
